id,title,stage,stage_name,goals,formats,psychology,sources,principle,actions,metrics,keywords,related_strategies,path,relationship_focus,safety_boundary
IGS-S1-01,用“小众共同兴趣人群”定义账号边界,S1,陌生人画像与边界策略,降低陌生防备；形成可信专业感；建立长期朋友关系,Bio 策略；社群/圈层策略,提升被理解感；降低陌生感；提升持续关注理由,THIS_IS_MARKETING；GOOGLE_SKILLSHOP_DIGITAL_MARKETING；HOOTSUITE_INSTAGRAM_RESOURCES,这条策略先帮你判断哪些陌生人值得认识、从什么共同语境开始互动。账号越早说清楚“我想认识谁、能帮谁、能给他们什么具体帮助、用什么方式解决”，越容易让合适的人愿意继续互动。执行时只把它当作建立熟悉感和互相信任的入口，不把对方当作被推进的对象。,写出一个不超过 18 个字的核心人群，例如“想用英语表达育儿理念的妈妈”。；列出这个人群最常出现的 5 个场景、5 个焦虑、5 个期待结果。；把主页 Bio、置顶内容、小资源和评论互动都围绕这个人群重写。；边界要求：必须真实透明、尊重对方选择；不伪装身份、不套取隐私、不制造虚假亲密或焦虑，对方冷淡、拒绝或沉默时停止推进。,主页访问到关注率；非目标进一步交流占比；新认识的人留言中是否复述你的定位；对方主动回应率；重复互动率,对方定位；小众人群；niche；想认识的人；账号定位；认识陌生人；成为朋友；建立信任；真诚互动,IGS-S2-01；IGS-S1-G16,cards/IGS-S1-01.md,用于在社交平台上认识合适的陌生人，通过公开互动、真诚倾听和小范围互助，逐步成为朋友并赢得长期信任。,必须真实透明、尊重对方选择；不伪装身份、不套取隐私、不制造虚假亲密或焦虑，对方冷淡、拒绝或沉默时停止推进。
IGS-S1-02,建立对方需求四层卡,S1,陌生人画像与边界策略,提升主页可信感；开启自然互动；开启私信对话,Carousel 策略；Story 策略；私信策略,提升被理解感；提升安全感；降低怀疑感,GOOGLE_SKILLSHOP_DIGITAL_MARKETING；CXL_INSTITUTE；NONVIOLENT_COMMUNICATION,这条策略先帮你判断哪些陌生人值得认识、从什么共同语境开始互动。对方不是只为内容形式停留，而是为“被准确理解”停留；需求要拆到事实、感受、需要和顾虑。执行时只把它当作建立熟悉感和互相信任的入口，不把对方当作被推进的对象。,每个目标想认识的人画像写 4 层：正在经历什么、心里怎么想、真正想要什么、为什么还没行动。；把四层分别转成选题：事实型 Reels、感受型 Story、需要型 Carousel、顾虑型 DM。；每周从评论和私信里补充原话，替换掉团队自己想象的描述。；边界要求：必须真实透明、尊重对方选择；不伪装身份、不套取隐私、不制造虚假亲密或焦虑，对方冷淡、拒绝或沉默时停止推进。,评论中“这就是我”的比例；Story 投票参与率；私信开启率；对方主动回应率；重复互动率,需求洞察；对方心理；痛点；NVC；受众研究；认识陌生人；成为朋友；建立信任；真诚互动,IGS-S2-09；IGS-S1-G17；IGS-S5-05,cards/IGS-S1-02.md,用于在社交平台上认识合适的陌生人，通过公开互动、真诚倾听和小范围互助，逐步成为朋友并赢得长期信任。,必须真实透明、尊重对方选择；不伪装身份、不套取隐私、不制造虚假亲密或焦虑，对方冷淡、拒绝或沉默时停止推进。
IGS-S1-03,做目标受众内容雷达,S1,陌生人画像与边界策略,发现合适陌生人；形成可信专业感；建立长期朋友关系,Reels 策略；Carousel 策略；Story 策略,提升专业感；提升持续关注理由；提升参与感,SPROUT_INSTAGRAM_STRATEGY；HOOTSUITE_INSTAGRAM_RESOURCES；BUFFER_INSTAGRAM,这条策略先帮你判断哪些陌生人值得认识、从什么共同语境开始互动。内容计划不要只按灵感排，而要覆盖对方会反复搜索、收藏、分享和追问的问题。执行时只把它当作建立熟悉感和互相信任的入口，不把对方当作被推进的对象。,把内容雷达分成 6 格：误区、教程、案例、工具、观点、幕后。；每格至少准备 10 个问题句标题，优先选对方会主动搜索的词。；每周发布时确保至少覆盖 4 格，避免账号只剩一种表达。；边界要求：必须真实透明、尊重对方选择；不伪装身份、不套取隐私、不制造虚假亲密或焦虑，对方冷淡、拒绝或沉默时停止推进。,覆盖的内容支柱数量；收藏率；分享率；搜索关键词命中；对方主动回应率,内容支柱；内容雷达；选题库；内容规划；认识陌生人；成为朋友；建立信任；真诚互动,IGS-S2-05；IGS-S1-07；IGS-S7-01,cards/IGS-S1-03.md,用于在社交平台上认识合适的陌生人，通过公开互动、真诚倾听和小范围互助，逐步成为朋友并赢得长期信任。,必须真实透明、尊重对方选择；不伪装身份、不套取隐私、不制造虚假亲密或焦虑，对方冷淡、拒绝或沉默时停止推进。
IGS-S1-04,画出竞品与相邻账号互动地图,S1,陌生人画像与边界策略,发现合适陌生人；开启自然互动；形成可信专业感,评论策略；社群/圈层策略,降低陌生感；提升参与感；提升专业感,HOOTSUITE_INSTAGRAM_RESOURCES；BUFFER_INSTAGRAM；CARNEGIE,这条策略先帮你判断哪些陌生人值得认识、从什么共同语境开始互动。Instagram 会参考相关账号互动来理解你是谁；真正的关系也来自高质量参与，而不是孤立发布。执行时只把它当作建立熟悉感和互相信任的入口，不把对方当作被推进的对象。,列出 30 个同领域、相邻领域和潜在合作账号，按受众重合度分层。；每天选择 5 个账号留下有信息量的评论，避免只写表情或泛泛夸奖。；记录哪些评论带来主页访问、回复或互关，保留高质量互动入口。；边界要求：必须真实透明、尊重对方选择；不伪装身份、不套取隐私、不制造虚假亲密或焦虑，对方冷淡、拒绝或沉默时停止推进。,评论回复率；由评论带来的主页访问；相关账号互动力；对方主动回应率；重复互动率,竞品分析；相邻账号；主动互动；评论增长；认识陌生人；成为朋友；建立信任；真诚互动,IGS-S2-02；IGS-S1-03；IGS-S4-01,cards/IGS-S1-04.md,用于在社交平台上认识合适的陌生人，通过公开互动、真诚倾听和小范围互助，逐步成为朋友并赢得长期信任。,必须真实透明、尊重对方选择；不伪装身份、不套取隐私、不制造虚假亲密或焦虑，对方冷淡、拒绝或沉默时停止推进。
IGS-S1-05,搭建想认识的人语言库,S1,陌生人画像与边界策略,增加 Story 回复；开启私信对话；降低陌生防备,Story 策略；私信策略；Bio 策略,提升被理解感；降低陌生感；提升真实感,EVERYBODY_WRITES；CXL_INSTITUTE；NONVIOLENT_COMMUNICATION,这条策略先帮你判断哪些陌生人值得认识、从什么共同语境开始互动。对方会回应“像自己说出来”的内容；语言库能让文案从自我表达变成对方表达。执行时只把它当作建立熟悉感和互相信任的入口，不把对方当作被推进的对象。,收集评论、私信、对方反馈、竞品评论区中的原话，按痛点、欲望、反对意见分类。；每条文案至少嵌入 1 句对方原话，不把它改成过度营销腔。；每月清理过时表达，保留高回复、高收藏、高私信触发的说法。；边界要求：必须真实透明、尊重对方选择；不伪装身份、不套取隐私、不制造虚假亲密或焦虑，对方冷淡、拒绝或沉默时停止推进。,Story 回复率；私信开场质量；文案保存率；对方主动回应率；重复互动率,语言库；对方原话；文案；Story 回复；认识陌生人；成为朋友；建立信任；真诚互动,IGS-S2-09；IGS-S1-09；IGS-S5-06,cards/IGS-S1-05.md,用于在社交平台上认识合适的陌生人，通过公开互动、真诚倾听和小范围互助，逐步成为朋友并赢得长期信任。,必须真实透明、尊重对方选择；不伪装身份、不套取隐私、不制造虚假亲密或焦虑，对方冷淡、拒绝或沉默时停止推进。
IGS-S1-06,建立继续互动阻力清单,S1,陌生人画像与边界策略,开启私信对话；提高后续对话率；提供小帮助,私信策略；资源互助策略；Story 策略,提升安全感；降低怀疑感；提升被理解感,NEVER_SPLIT_DIFFERENCE；NONVIOLENT_COMMUNICATION；CXL_INSTITUTE,这条策略先帮你判断哪些陌生人值得认识、从什么共同语境开始互动。阻力不是对方不懂，而是对方还没有被允许说出真实顾虑；策略要先承认顾虑。执行时只把它当作建立熟悉感和互相信任的入口，不把对方当作被推进的对象。,把阻力分成投入边界、时间、信任、能力、隐私、结果不确定 6 类。；为每类准备一个共情句、一个澄清问题、一个低风险下一步。；在小资源页、Story 和私信里主动回答最常见的 3 个阻力。；边界要求：必须真实透明、尊重对方选择；不伪装身份、不套取隐私、不制造虚假亲密或焦虑，对方冷淡、拒绝或沉默时停止推进。,小资源领取后回复率；异议被提出后的继续对话率；跳出率；对方主动回应率；重复互动率,异议处理；对方阻力；私信关系推进；信任；认识陌生人；成为朋友；建立信任；真诚互动,IGS-S2-07；IGS-S1-02；IGS-S8-06,cards/IGS-S1-06.md,用于在社交平台上认识合适的陌生人，通过公开互动、真诚倾听和小范围互助，逐步成为朋友并赢得长期信任。,必须真实透明、尊重对方选择；不伪装身份、不套取隐私、不制造虚假亲密或焦虑，对方冷淡、拒绝或沉默时停止推进。
IGS-S1-07,固定 3 个核心内容支柱,S1,陌生人画像与边界策略,形成可信专业感；发现合适陌生人；提升主页可信感,Reels 策略；Carousel 策略；Story 策略,提升专业感；提升持续关注理由；提升真实感,BUFFER_INSTAGRAM；SPROUT_INSTAGRAM_STRATEGY；MADE_TO_STICK,这条策略先帮你判断哪些陌生人值得认识、从什么共同语境开始互动。内容支柱让对方知道为什么持续关注你，也让算法和新访客更快理解账号主题。执行时只把它当作建立熟悉感和互相信任的入口，不把对方当作被推进的对象。,选择 3 个支柱：一个解决即时问题，一个展示专业判断，一个展示真实过程。；每个支柱绑定 2 种格式，例如教程用 Carousel，过程用 Story，观点用 Reels。；连续 30 天保持支柱不变，只测试标题、开头和 CTA。；边界要求：必须真实透明、尊重对方选择；不伪装身份、不套取隐私、不制造虚假亲密或焦虑，对方冷淡、拒绝或沉默时停止推进。,各支柱平均互动率；新认识的人来源内容分布；连续关注后的回访率；对方主动回应率；重复互动率,内容支柱；账号主题；专家感；内容一致性；认识陌生人；成为朋友；建立信任；真诚互动,IGS-S2-05；IGS-S1-03；IGS-S9-08,cards/IGS-S1-07.md,用于在社交平台上认识合适的陌生人，通过公开互动、真诚倾听和小范围互助，逐步成为朋友并赢得长期信任。,必须真实透明、尊重对方选择；不伪装身份、不套取隐私、不制造虚假亲密或焦虑，对方冷淡、拒绝或沉默时停止推进。
IGS-S1-08,画关系旅程触点图,S1,陌生人画像与边界策略,降低陌生防备；提高后续对话率；建立长期朋友关系,Bio 策略；Highlights 策略；私信策略,提升安全感；降低怀疑感；提升持续关注理由,GOOGLE_SKILLSHOP_DIGITAL_MARKETING；STORYBRAND；SPROUT_SOCIAL_GUIDES,这条策略先帮你判断哪些陌生人值得认识、从什么共同语境开始互动。对方从看见你到信任你，中间需要多个低压力触点，而不是一次性被要求继续互动或进一步交流。执行时只把它当作建立熟悉感和互相信任的入口，不把对方当作被推进的对象。,把旅程拆成看见、理解、相信、互动、领取、对话、复访 7 步。；每一步指定一个内容入口：Reel、置顶帖、Highlight、Story、小资源、私信、社群。；检查每一步是否有明确下一步，避免对方看完不知道做什么。；边界要求：必须真实透明、尊重对方选择；不伪装身份、不套取隐私、不制造虚假亲密或焦虑，对方冷淡、拒绝或沉默时停止推进。,主页访问后下一步点击率；Highlight 完播率；私信后续回复率；对方主动回应率；重复互动率,关系旅程；触点设计；关系推进路径；长期关系；认识陌生人；成为朋友；建立信任；真诚互动,IGS-S2-09；IGS-S1-01；IGS-S7-03,cards/IGS-S1-08.md,用于在社交平台上认识合适的陌生人，通过公开互动、真诚倾听和小范围互助，逐步成为朋友并赢得长期信任。,必须真实透明、尊重对方选择；不伪装身份、不套取隐私、不制造虚假亲密或焦虑，对方冷淡、拒绝或沉默时停止推进。
IGS-S1-09,设置新认识的人第一问机制,S1,陌生人画像与边界策略,开启自然互动；增加 Story 回复；开启私信对话,Story 策略；评论策略；私信策略,提升参与感；提升被理解感；降低陌生感,CARNEGIE；NONVIOLENT_COMMUNICATION；LATER_INSTAGRAM_GUIDES,这条策略先帮你判断哪些陌生人值得认识、从什么共同语境开始互动。关系建立的第一步不是介绍自己，而是给新认识的人一个轻松说出自己的入口。执行时只把它当作建立熟悉感和互相信任的入口，不把对方当作被推进的对象。,置顶帖和欢迎 Story 都放一个低门槛问题，例如“你现在卡在哪一步？”；用投票、滑杆、问答框降低表达成本，再把高意向回复延伸到私信。；回复时先复述对方处境，再给一个小建议，最后再邀请下一步。；边界要求：必须真实透明、尊重对方选择；不伪装身份、不套取隐私、不制造虚假亲密或焦虑，对方冷淡、拒绝或沉默时停止推进。,新认识的人 7 日内互动率；Story 问答提交数；第一轮私信回复率；对方主动回应率；重复互动率,新认识的人互动；第一问；Story 问答；评论引导；认识陌生人；成为朋友；建立信任；真诚互动,IGS-S2-07；IGS-S1-05；IGS-S3-07,cards/IGS-S1-09.md,用于在社交平台上认识合适的陌生人，通过公开互动、真诚倾听和小范围互助，逐步成为朋友并赢得长期信任。,必须真实透明、尊重对方选择；不伪装身份、不套取隐私、不制造虚假亲密或焦虑，对方冷淡、拒绝或沉默时停止推进。
IGS-S2-01,把 Bio 写成一句价值承诺,S2,主页可信与安全感策略,提升主页可信感；降低陌生防备；形成可信专业感,Bio 策略,降低陌生感；提升专业感；提升被理解感,STORYBRAND；HOOTSUITE_INSTAGRAM_RESOURCES；HUBSPOT_INSTAGRAM,陌生人点进主页时，会先判断你是否真实、安全、值得回应。Bio 是主页的第一判断点，要让对方 3 秒内知道你能帮他获得什么改变。执行时只把它当作建立熟悉感和互相信任的入口，不把对方当作被推进的对象。,第一行写想认识和能帮助的人，第二行写结果，第三行写证明或方法，最后放行动入口。；删除抽象形容词，把“高质量、专业、成长”改成可感知结果。；每月用主页访问到关注率检验 Bio 是否足够清楚。；边界要求：必须真实透明、尊重对方选择；不伪装身份、不套取隐私、不制造虚假亲密或焦虑，对方冷淡、拒绝或沉默时停止推进。,主页访问到关注率；Bio 链接点击率；新认识的人私信中提到的关键词；对方主动回应率；重复互动率,Bio；主页优化；价值主张；关注关系推进；认识陌生人；成为朋友；建立信任；真诚互动,IGS-S1-01；IGS-S3-09；IGS-S2-05,cards/IGS-S2-01.md,用于在社交平台上认识合适的陌生人，通过公开互动、真诚倾听和小范围互助，逐步成为朋友并赢得长期信任。,必须真实透明、尊重对方选择；不伪装身份、不套取隐私、不制造虚假亲密或焦虑，对方冷淡、拒绝或沉默时停止推进。
IGS-S2-02,在 Bio 和账号名称中放搜索关键词,S2,主页可信与安全感策略,发现合适陌生人；降低陌生防备；形成可信专业感,Bio 策略,提升专业感；提升持续关注理由,HOOTSUITE_INSTAGRAM_RESOURCES；BUFFER_INSTAGRAM；GOOGLE_SKILLSHOP_DIGITAL_MARKETING,陌生人点进主页时，会先判断你是否真实、安全、值得回应。社交搜索会读取账号名称、Bio、字幕和标题；关键词能帮对的人更快找到你。执行时只把它当作建立熟悉感和互相信任的入口，不把对方当作被推进的对象。,把对方会搜索的 3 个词放进名称或 Bio，例如“亲子英语 / 儿童内容 / IG 增长”。；避免只写账号名而没有品类词，新账号尤其需要描述性关键词。；在置顶帖标题、Reels 字幕和 Highlights 名称中重复核心关键词。；边界要求：必须真实透明、尊重对方选择；不伪装身份、不套取隐私、不制造虚假亲密或焦虑，对方冷淡、拒绝或沉默时停止推进。,搜索曝光；主页访问来源；关键词相关私信；对方主动回应率；重复互动率,Instagram SEO；关键词；Bio 搜索；主页被发现；认识陌生人；成为朋友；建立信任；真诚互动,IGS-S1-03；IGS-S3-09；IGS-S2-05；IGS-S8-02,cards/IGS-S2-02.md,用于在社交平台上认识合适的陌生人，通过公开互动、真诚倾听和小范围互助，逐步成为朋友并赢得长期信任。,必须真实透明、尊重对方选择；不伪装身份、不套取隐私、不制造虚假亲密或焦虑，对方冷淡、拒绝或沉默时停止推进。
IGS-S2-03,统一头像、封面和视觉识别,S2,主页可信与安全感策略,提升主页可信感；降低陌生防备；形成可信专业感,Bio 策略；Highlights 策略；Carousel 策略,降低怀疑感；提升专业感；提升真实感,CANVA_SOCIAL_MEDIA_MASTERY；COURSERA_DIGITAL_MARKETING_CANVA；HUBSPOT_INSTAGRAM,陌生人点进主页时，会先判断你是否真实、安全、值得回应。视觉一致性会降低陌生账号的不确定感，尤其当对方从 Reels 点进主页时。执行时只把它当作建立熟悉感和互相信任的入口，不把对方当作被推进的对象。,固定头像风格、3 个主色、2 种字体、封面布局和按钮样式。；用 Canva 建一个账号模板库：Reels 封面、Carousel 封面、Story 背景、小资源封面。；每次发内容前检查缩略图在主页九宫格中是否能被快速理解。；边界要求：必须真实透明、尊重对方选择；不伪装身份、不套取隐私、不制造虚假亲密或焦虑，对方冷淡、拒绝或沉默时停止推进。,主页停留时长；置顶内容点击率；视觉模板复用率；对方主动回应率；重复互动率,视觉一致性；Canva；主页信任；账号识别；认识陌生人；成为朋友；建立信任；真诚互动,IGS-S1-07；IGS-S3-09；IGS-S2-06；IGS-S8-05,cards/IGS-S2-03.md,用于在社交平台上认识合适的陌生人，通过公开互动、真诚倾听和小范围互助，逐步成为朋友并赢得长期信任。,必须真实透明、尊重对方选择；不伪装身份、不套取隐私、不制造虚假亲密或焦虑，对方冷淡、拒绝或沉默时停止推进。
IGS-S2-04,把 Highlights 设计成信任货架,S2,主页可信与安全感策略,提升主页可信感；降低陌生防备；提供小帮助,Highlights 策略；Story 策略；资源互助策略,降低怀疑感；提升安全感；提升真实感,HUBSPOT_INSTAGRAM；HOOTSUITE_INSTAGRAM_RESOURCES；STORYBRAND,陌生人点进主页时，会先判断你是否真实、安全、值得回应。Highlights 能把临时 Story 变成长期主页资产，承担“了解你、相信你、开始行动”的功能。执行时只把它当作建立熟悉感和互相信任的入口，不把对方当作被推进的对象。,设置 5 个固定栏目：Start、案例、幕后、FAQ、小资源。；每个 Highlight 第一张用封面说明对方能得到什么，而不是只写内部分类名。；每月删除过时 Story，把高回复 Story 加入对应栏目。；边界要求：必须真实透明、尊重对方选择；不伪装身份、不套取隐私、不制造虚假亲密或焦虑，对方冷淡、拒绝或沉默时停止推进。,Highlight 打开率；FAQ 后私信率；小资源 Highlight 点击率；对方主动回应率；重复互动率,Highlights；主页信任；FAQ；小资源入口；认识陌生人；成为朋友；建立信任；真诚互动,IGS-S1-06；IGS-S3-05；IGS-S2-09；IGS-S6-09,cards/IGS-S2-04.md,用于在社交平台上认识合适的陌生人，通过公开互动、真诚倾听和小范围互助，逐步成为朋友并赢得长期信任。,必须真实透明、尊重对方选择；不伪装身份、不套取隐私、不制造虚假亲密或焦虑，对方冷淡、拒绝或沉默时停止推进。
IGS-S2-05,用 3 条置顶帖完成主页导览,S2,主页可信与安全感策略,提升主页可信感；降低陌生防备；形成可信专业感,Carousel 策略；Reels 策略；Bio 策略,降低陌生感；提升专业感；提升持续关注理由,SPROUT_INSTAGRAM_STRATEGY；BUFFER_INSTAGRAM；STORYBRAND,陌生人点进主页时，会先判断你是否真实、安全、值得回应。置顶帖要像店门口的导览牌，帮助新访客快速判断是否值得关注。执行时只把它当作建立熟悉感和互相信任的入口，不把对方当作被推进的对象。,置顶 1：你是谁和想认识谁、能帮谁；置顶 2：最强实用教程；置顶 3：案例或成果证明。；每条置顶帖结尾都指向下一步：关注、看 Highlight、评论关键词或私信。；如果置顶帖 60 天内不再代表当前账号定位，就更新。；边界要求：必须真实透明、尊重对方选择；不伪装身份、不套取隐私、不制造虚假亲密或焦虑，对方冷淡、拒绝或沉默时停止推进。,置顶帖互动率；置顶帖到关注关系推进；置顶帖带来的私信；对方主动回应率；重复互动率,置顶帖；主页导览；关注关系推进；Start here；认识陌生人；成为朋友；建立信任；真诚互动,IGS-S1-07；IGS-S3-09；IGS-S2-06；IGS-S9-08,cards/IGS-S2-05.md,用于在社交平台上认识合适的陌生人，通过公开互动、真诚倾听和小范围互助，逐步成为朋友并赢得长期信任。,必须真实透明、尊重对方选择；不伪装身份、不套取隐私、不制造虚假亲密或焦虑，对方冷淡、拒绝或沉默时停止推进。
IGS-S2-06,把社会认同放在主页可见处,S2,主页可信与安全感策略,提升主页可信感；降低陌生防备；形成可信专业感,Highlights 策略；Bio 策略；Carousel 策略,降低怀疑感；提升专业感；提升安全感,CIALDINI_INFLUENCE；HUBSPOT_INSTAGRAM；SPROUT_INSTAGRAM_STRATEGY,陌生人点进主页时，会先判断你是否真实、安全、值得回应。陌生人会用他人的反馈判断风险；社会认同要具体、真实、可核验。执行时只把它当作建立熟悉感和互相信任的入口，不把对方当作被推进的对象。,收集对方结果、评论截图、合作记录、媒体或证书，但避免夸大承诺。；做成“结果/反馈/案例”Highlight，并在置顶帖解释背景和过程。；用具体前后变化替代空泛好评，例如“从不敢评论到连续 7 天发 Story”。；边界要求：必须真实透明、尊重对方选择；不伪装身份、不套取隐私、不制造虚假亲密或焦虑，对方冷淡、拒绝或沉默时停止推进。,案例 Highlight 查看率；主页关注关系推进率；进一步交流时信任问题减少；对方主动回应率；重复互动率,社会认同；案例；对方反馈；主页信任；认识陌生人；成为朋友；建立信任；真诚互动,IGS-S1-08；IGS-S3-05；IGS-S2-03；IGS-S8-05,cards/IGS-S2-06.md,用于在社交平台上认识合适的陌生人，通过公开互动、真诚倾听和小范围互助，逐步成为朋友并赢得长期信任。,必须真实透明、尊重对方选择；不伪装身份、不套取隐私、不制造虚假亲密或焦虑，对方冷淡、拒绝或沉默时停止推进。
IGS-S2-07,降低联系和链接摩擦,S2,主页可信与安全感策略,开启私信对话；提供小帮助；降低陌生防备,Bio 策略；私信策略；资源互助策略,提升安全感；降低陌生感；提升互惠感,META_BLUEPRINT；HOOTSUITE_INSTAGRAM_RESOURCES；GOOGLE_SKILLSHOP_DIGITAL_MARKETING,陌生人点进主页时，会先判断你是否真实、安全、值得回应。对方愿意行动时，不应被复杂入口、失效链接或模糊 CTA 卡住。执行时只把它当作建立熟悉感和互相信任的入口，不把对方当作被推进的对象。,检查联系方式、Bio 链接、小资源领取路径、表单字段和自动回复是否可用。；每个入口只承诺一个动作，例如“评论 PLAN 领取模板”。；手机端亲自走一遍从主页到领取的流程，删掉不必要步骤。；边界要求：必须真实透明、尊重对方选择；不伪装身份、不套取隐私、不制造虚假亲密或焦虑，对方冷淡、拒绝或沉默时停止推进。,Bio 链接点击率；小资源领取完成率；入口报错次数；对方主动回应率；重复互动率,链接优化；CTA；领取路径；主页关系推进；认识陌生人；成为朋友；建立信任；真诚互动,IGS-S1-06；IGS-S3-07；IGS-S2-09；IGS-S6-03,cards/IGS-S2-07.md,用于在社交平台上认识合适的陌生人，通过公开互动、真诚倾听和小范围互助，逐步成为朋友并赢得长期信任。,必须真实透明、尊重对方选择；不伪装身份、不套取隐私、不制造虚假亲密或焦虑，对方冷淡、拒绝或沉默时停止推进。
IGS-S2-08,制作 Start Here 新手导览,S2,主页可信与安全感策略,提升主页可信感；降低陌生防备；建立长期朋友关系,Highlights 策略；Carousel 策略；Story 策略,降低陌生感；提升安全感；提升持续关注理由,LATER_INSTAGRAM_GUIDES；HOOTSUITE_INSTAGRAM_RESOURCES；STORYBRAND,陌生人点进主页时，会先判断你是否真实、安全、值得回应。新访客需要被带路；一个清楚的 Start Here 能把碎片内容串成路径。执行时只把它当作建立熟悉感和互相信任的入口，不把对方当作被推进的对象。,做一条 6-8 页 Carousel：你适合谁、先看什么、常见问题、下一步。；把它置顶，并拆成 Story 加入 Start Highlight。；每次账号定位调整后同步更新导览，避免旧内容误导新认识的人。；边界要求：必须真实透明、尊重对方选择；不伪装身份、不套取隐私、不制造虚假亲密或焦虑，对方冷淡、拒绝或沉默时停止推进。,Start Here 完读率；导览后关注率；导览后私信率；对方主动回应率；重复互动率,Start Here；新手导览；主页路径；新认识的人；认识陌生人；成为朋友；建立信任；真诚互动,IGS-S1-08；IGS-S3-05；IGS-S2-04；IGS-S7-03,cards/IGS-S2-08.md,用于在社交平台上认识合适的陌生人，通过公开互动、真诚倾听和小范围互助，逐步成为朋友并赢得长期信任。,必须真实透明、尊重对方选择；不伪装身份、不套取隐私、不制造虚假亲密或焦虑，对方冷淡、拒绝或沉默时停止推进。
IGS-S2-09,做主页风险感审计,S2,主页可信与安全感策略,提升主页可信感；降低陌生防备；开启私信对话,Bio 策略；Highlights 策略；私信策略,降低怀疑感；提升安全感；提升真实感,NONVIOLENT_COMMUNICATION；CXL_INSTITUTE；META_BLUEPRINT,陌生人点进主页时，会先判断你是否真实、安全、值得回应。主页上的夸张承诺、信息缺口和不一致视觉都会放大对方风险感。执行时只把它当作建立熟悉感和互相信任的入口，不把对方当作被推进的对象。,从陌生访客视角检查 5 件事：我知道你是谁吗、信任你吗、知道下一步吗、担心被推销吗、能退出吗。；把高压话术改成选择式 CTA，例如“想要模板可以评论关键词”。；删掉无法证明的绝对化承诺，把证据和边界讲清楚。；边界要求：必须真实透明、尊重对方选择；不伪装身份、不套取隐私、不制造虚假亲密或焦虑，对方冷淡、拒绝或沉默时停止推进。,主页跳出率；私信拒绝率；对方提出的信任顾虑数量；对方主动回应率；重复互动率,风险感；主页审计；低压力 CTA；安全感；认识陌生人；成为朋友；建立信任；真诚互动,IGS-S1-05；IGS-S3-05；IGS-S2-06；IGS-S5-05,cards/IGS-S2-09.md,用于在社交平台上认识合适的陌生人，通过公开互动、真诚倾听和小范围互助，逐步成为朋友并赢得长期信任。,必须真实透明、尊重对方选择；不伪装身份、不套取隐私、不制造虚假亲密或焦虑，对方冷淡、拒绝或沉默时停止推进。
IGS-S3-01,Reels 前 3 秒放强钩子,S3,内容吸引与共同兴趣策略,发现合适陌生人；降低陌生防备；形成可信专业感,Reels 策略,提升参与感；提升专业感；提升持续关注理由,INSTAGRAM_BEST_PRACTICES；HOOTSUITE_INSTAGRAM_RESOURCES；MADE_TO_STICK,内容不是单向表演，而是让有共同兴趣的人看见你、愿意回应你的入口。Reels 的观看时长和完播会影响触达；开头必须立即说明为什么值得继续看。执行时只把它当作建立熟悉感和互相信任的入口，不把对方当作被推进的对象。,用结果、反常识、错误纠正、清单或场景冲突开头。；第一屏同时出现口播、字幕和画面动作，降低静音观看损失。；每周复盘前 3 秒流失点，把低 retention 的开头改写再测。；边界要求：必须真实透明、尊重对方选择；不伪装身份、不套取隐私、不制造虚假亲密或焦虑，对方冷淡、拒绝或沉默时停止推进。,3 秒留存率；平均观看时长；分享率；主页访问率；对方主动回应率,Reels；钩子；前3秒；留存；触达；认识陌生人；成为朋友；建立信任；真诚互动,IGS-S2-02；IGS-S4-05；IGS-S3-09；IGS-S8-02,cards/IGS-S3-01.md,用于在社交平台上认识合适的陌生人，通过公开互动、真诚倾听和小范围互助，逐步成为朋友并赢得长期信任。,必须真实透明、尊重对方选择；不伪装身份、不套取隐私、不制造虚假亲密或焦虑，对方冷淡、拒绝或沉默时停止推进。
IGS-S3-02,坚持原创、字幕、音频和清晰封面,S3,内容吸引与共同兴趣策略,发现合适陌生人；提升主页可信感；形成可信专业感,Reels 策略,提升专业感；提升真实感；提升安全感,INSTAGRAM_BEST_PRACTICES；HOOTSUITE_INSTAGRAM_RESOURCES；COURSERA_DIGITAL_MARKETING_CANVA,内容不是单向表演，而是让有共同兴趣的人看见你、愿意回应你的入口。平台建议创作者使用原创、无水印、可理解的短视频；字幕和封面会影响理解与点击。执行时只把它当作建立熟悉感和互相信任的入口，不把对方当作被推进的对象。,避免搬运带其他平台水印的视频，优先录制或重新剪辑为 Instagram 原生感内容。；给每条 Reel 加字幕、标题封面、关键词 caption 和相关地点或协作者标签。；封面只表达一个信息：这条视频解决什么问题。；边界要求：必须真实透明、尊重对方选择；不伪装身份、不套取隐私、不制造虚假亲密或焦虑，对方冷淡、拒绝或沉默时停止推进。,推荐触达；封面点击率；字幕开启后的完播率；对方主动回应率；重复互动率,原创内容；Reels 字幕；封面；无水印；认识陌生人；成为朋友；建立信任；真诚互动,IGS-S2-03；IGS-S4-04；IGS-S3-06,cards/IGS-S3-02.md,用于在社交平台上认识合适的陌生人，通过公开互动、真诚倾听和小范围互助，逐步成为朋友并赢得长期信任。,必须真实透明、尊重对方选择；不伪装身份、不套取隐私、不制造虚假亲密或焦虑，对方冷淡、拒绝或沉默时停止推进。
IGS-S3-03,把 Carousel 做成可收藏资产,S3,内容吸引与共同兴趣策略,开启自然互动；降低陌生防备；形成可信专业感,Carousel 策略,提升专业感；提升持续关注理由；提升互惠感,HOOTSUITE_INSTAGRAM_RESOURCES；HUBSPOT_INSTAGRAM；MADE_TO_STICK,内容不是单向表演，而是让有共同兴趣的人看见你、愿意回应你的入口。Carousel 更适合承载步骤、清单和框架；收藏代表对方认为以后还会用。执行时只把它当作建立熟悉感和互相信任的入口，不把对方当作被推进的对象。,第一页只负责让人继续滑：痛点、承诺或反常识。；中间每页只讲一个动作或判断，保持字体清楚、留白足够。；最后一页给评论问题或收藏提醒，而不是只写“关注我”。；边界要求：必须真实透明、尊重对方选择；不伪装身份、不套取隐私、不制造虚假亲密或焦虑，对方冷淡、拒绝或沉默时停止推进。,收藏率；滑动完成率；评论率；主页访问率；对方主动回应率,Carousel；收藏；清单；教程；信息图；认识陌生人；成为朋友；建立信任；真诚互动,IGS-S2-05；IGS-S4-05；IGS-S3-G14；IGS-S8-03,cards/IGS-S3-03.md,用于在社交平台上认识合适的陌生人，通过公开互动、真诚倾听和小范围互助，逐步成为朋友并赢得长期信任。,必须真实透明、尊重对方选择；不伪装身份、不套取隐私、不制造虚假亲密或焦虑，对方冷淡、拒绝或沉默时停止推进。
IGS-S3-04,公开幕后过程而不只展示结果,S3,内容吸引与共同兴趣策略,提升主页可信感；增加 Story 回复；建立长期朋友关系,Story 策略；Reels 策略；Highlights 策略,提升真实感；降低陌生感；提升安全感,SHOW_YOUR_WORK；HUBSPOT_INSTAGRAM；CANVA_SOCIAL_MEDIA_MASTERY,内容不是单向表演，而是让有共同兴趣的人看见你、愿意回应你的入口。幕后内容能让账号从抽象账号变成真实的人和过程，减少“你是不是只会包装”的怀疑。执行时只把它当作建立熟悉感和互相信任的入口，不把对方当作被推进的对象。,每周至少发布 3 条过程型 Story：准备、失败、修改、对方反馈、复盘。；把高价值过程整理进“幕后”Highlight，形成长期信任证据。；过程内容也要有结构：背景、困难、选择、结果、下一步。；边界要求：必须真实透明、尊重对方选择；不伪装身份、不套取隐私、不制造虚假亲密或焦虑，对方冷淡、拒绝或沉默时停止推进。,幕后 Story 回复率；Highlight 查看率；信任类私信数量；对方主动回应率；重复互动率,幕后；过程记录；真实感；Show Your Work；认识陌生人；成为朋友；建立信任；真诚互动,IGS-S2-08；IGS-S4-06；IGS-S3-05；IGS-S7-06,cards/IGS-S3-04.md,用于在社交平台上认识合适的陌生人，通过公开互动、真诚倾听和小范围互助，逐步成为朋友并赢得长期信任。,必须真实透明、尊重对方选择；不伪装身份、不套取隐私、不制造虚假亲密或焦虑，对方冷淡、拒绝或沉默时停止推进。
IGS-S3-05,用对方自愿分享内容和对方故事降低怀疑,S3,内容吸引与共同兴趣策略,提升主页可信感；降低陌生防备；建立长期朋友关系,Reels 策略；Carousel 策略；Story 策略,降低怀疑感；提升真实感；提升安全感,HOOTSUITE_INSTAGRAM_RESOURCES；CIALDINI_INFLUENCE；SPROUT_INSTAGRAM_STRATEGY,内容不是单向表演，而是让有共同兴趣的人看见你、愿意回应你的入口。对方故事比账号自夸更有说服力，但必须给出背景和边界，避免制造虚假期待。执行时只把它当作建立熟悉感和互相信任的入口，不把对方当作被推进的对象。,邀请对方分享使用过程、前后变化或一句真实反馈，并取得发布许可。；把故事拆成问题、尝试、变化、仍在努力的部分，保留可信度。；用 Story 贴纸请观众选择想看哪类案例，减少单向展示。；边界要求：必须真实透明、尊重对方选择；不伪装身份、不套取隐私、不制造虚假亲密或焦虑，对方冷淡、拒绝或沉默时停止推进。,案例内容保存率；案例后私信率；UGC 投稿数；对方主动回应率；重复互动率,UGC；对方故事；社会认同；案例；认识陌生人；成为朋友；建立信任；真诚互动,IGS-S2-08；IGS-S4-04；IGS-S3-04；IGS-S6-09,cards/IGS-S3-05.md,用于在社交平台上认识合适的陌生人，通过公开互动、真诚倾听和小范围互助，逐步成为朋友并赢得长期信任。,必须真实透明、尊重对方选择；不伪装身份、不套取隐私、不制造虚假亲密或焦虑，对方冷淡、拒绝或沉默时停止推进。
IGS-S3-06,用内容日历保证稳定输出,S3,内容吸引与共同兴趣策略,发现合适陌生人；建立长期朋友关系；形成可信专业感,Reels 策略；Carousel 策略；Story 策略,提升持续关注理由；提升专业感；提升安全感,BUFFER_INSTAGRAM；HOOTSUITE_INSTAGRAM_RESOURCES；CANVA_SOCIAL_MEDIA_MASTERY,内容不是单向表演，而是让有共同兴趣的人看见你、愿意回应你的入口。稳定不是每天硬发，而是提前把目标、格式、选题和发布时间放进可执行日历。执行时只把它当作建立熟悉感和互相信任的入口，不把对方当作被推进的对象。,按周排 3 条 Reels、2 条 Carousel、每日 Story，不足时先保证质量最高的格式。；把每条内容标注目标：触达、互动、信任、私信或小资源。；批量制作封面和模板，发布后把结果回填到日历。；边界要求：必须真实透明、尊重对方选择；不伪装身份、不套取隐私、不制造虚假亲密或焦虑，对方冷淡、拒绝或沉默时停止推进。,发布完成率；各格式互动率；最佳发布时间命中率；对方主动回应率；重复互动率,内容日历；排程；稳定输出；Canva；认识陌生人；成为朋友；建立信任；真诚互动,IGS-S2-08；IGS-S4-09；IGS-S3-09；IGS-S9-02,cards/IGS-S3-06.md,用于在社交平台上认识合适的陌生人，通过公开互动、真诚倾听和小范围互助，逐步成为朋友并赢得长期信任。,必须真实透明、尊重对方选择；不伪装身份、不套取隐私、不制造虚假亲密或焦虑，对方冷淡、拒绝或沉默时停止推进。
IGS-S3-07,每天用 Story 做低门槛互动,S3,内容吸引与共同兴趣策略,增加 Story 回复；开启私信对话；建立长期朋友关系,Story 策略；私信策略,提升参与感；降低陌生感；提升被理解感,HOOTSUITE_INSTAGRAM_RESOURCES；LATER_INSTAGRAM_GUIDES；CARNEGIE,内容不是单向表演，而是让有共同兴趣的人看见你、愿意回应你的入口。Story 更适合关系维护和即时反馈，贴纸能让对方用很低成本表达态度。执行时只把它当作建立熟悉感和互相信任的入口，不把对方当作被推进的对象。,每日 Story 至少包含一个互动组件：投票、滑杆、问答框或测验。；问题要具体到场景，例如“你现在最难的是选题、拍摄还是坚持？”；把高意向回复转入私信，但第一句先感谢和复述，不急着推小资源。；边界要求：必须真实透明、尊重对方选择；不伪装身份、不套取隐私、不制造虚假亲密或焦虑，对方冷淡、拒绝或沉默时停止推进。,Story 回复率；贴纸互动率；Story 到 DM 关系推进率；对方主动回应率；重复互动率,Story；投票；问答框；关系维护；认识陌生人；成为朋友；建立信任；真诚互动,IGS-S2-08；IGS-S4-06；IGS-S3-G27；IGS-S8-04,cards/IGS-S3-07.md,用于在社交平台上认识合适的陌生人，通过公开互动、真诚倾听和小范围互助，逐步成为朋友并赢得长期信任。,必须真实透明、尊重对方选择；不伪装身份、不套取隐私、不制造虚假亲密或焦虑，对方冷淡、拒绝或沉默时停止推进。
IGS-S3-08,用 Live 做高信任微课堂,S3,内容吸引与共同兴趣策略,提升主页可信感；开启私信对话；形成可信专业感,Live 策略；Story 策略；资源互助策略,提升真实感；提升专业感；提升参与感,META_BLUEPRINT；HOOTSUITE_INSTAGRAM_RESOURCES；SPROUT_INSTAGRAM_STRATEGY,内容不是单向表演，而是让有共同兴趣的人看见你、愿意回应你的入口。Live 的实时感适合展示专业判断和回应真实问题，可作为私信和小资源的高信任入口。执行时只把它当作建立熟悉感和互相信任的入口，不把对方当作被推进的对象。,每场 Live 只解决一个主题，提前用 Story 收集问题。；直播中设置 3 个互动节点：开场投票、中段提问、结尾领取小资源。；直播后剪成 Reels、整理成 Carousel，并把回放放进 Highlight。；边界要求：必须真实透明、尊重对方选择；不伪装身份、不套取隐私、不制造虚假亲密或焦虑，对方冷淡、拒绝或沉默时停止推进。,Live 观看人数；评论问题数；Live 后私信数；回放观看率；对方主动回应率,Live；微课堂；直播互动；专家感；认识陌生人；成为朋友；建立信任；真诚互动,IGS-S2-04；IGS-S4-04；IGS-S3-02,cards/IGS-S3-08.md,用于在社交平台上认识合适的陌生人，通过公开互动、真诚倾听和小范围互助，逐步成为朋友并赢得长期信任。,必须真实透明、尊重对方选择；不伪装身份、不套取隐私、不制造虚假亲密或焦虑，对方冷淡、拒绝或沉默时停止推进。
IGS-S3-09,用“简单且具体”的信息提高记忆度,S3,内容吸引与共同兴趣策略,发现合适陌生人；形成可信专业感；降低陌生防备,Reels 策略；Carousel 策略；Bio 策略,提升专业感；提升持续关注理由；提升被理解感,MADE_TO_STICK；EVERYBODY_WRITES；CONTAGIOUS,内容不是单向表演，而是让有共同兴趣的人看见你、愿意回应你的入口。内容越容易复述，越容易被保存、分享和记住；每条内容只传递一个核心判断。执行时只把它当作建立熟悉感和互相信任的入口，不把对方当作被推进的对象。,发前问自己：对方能不能用一句话告诉朋友这条讲了什么？；用具体数字、例子和对比替代抽象概念。；标题、开头和结尾重复同一个主张，减少信息分散。；边界要求：必须真实透明、尊重对方选择；不伪装身份、不套取隐私、不制造虚假亲密或焦虑，对方冷淡、拒绝或沉默时停止推进。,分享率；评论中复述观点的比例；收藏率；对方主动回应率；重复互动率,记忆点；传播；文案；简单具体；认识陌生人；成为朋友；建立信任；真诚互动,IGS-S2-05；IGS-S4-05；IGS-S3-01；IGS-S9-04,cards/IGS-S3-09.md,用于在社交平台上认识合适的陌生人，通过公开互动、真诚倾听和小范围互助，逐步成为朋友并赢得长期信任。,必须真实透明、尊重对方选择；不伪装身份、不套取隐私、不制造虚假亲密或焦虑，对方冷淡、拒绝或沉默时停止推进。
IGS-S4-01,做垂直领域评论冲刺,S4,公共互动与破冰策略,发现合适陌生人；开启自然互动；开启私信对话,评论策略；社群/圈层策略,降低陌生感；提升参与感；提升专业感,HOOTSUITE_INSTAGRAM_RESOURCES；CARNEGIE；SPROUT_SOCIAL_GUIDES,公共互动的重点是在已有语境里贡献价值，让对方先觉得你具体、礼貌、可信。高质量评论能让同领域对方先在熟悉场景里看到你，降低直接陌生触达的不适。执行时只把它当作建立熟悉感和互相信任的入口，不把对方当作被推进的对象。,每天在 10 个相关账号下留下“补充信息型”或“具体共鸣型”评论。；评论里不引流、不硬推，只提供一句有用观察或真诚提问。；把收到回复的账号加入互动清单，后续持续建立关系。；边界要求：必须真实透明、尊重对方选择；不伪装身份、不套取隐私、不制造虚假亲密或焦虑，对方冷淡、拒绝或沉默时停止推进。,外部评论带来的主页访问；评论回复率；互关率；对方主动回应率；重复互动率,主动互动；评论冲刺；垂直社群；被看见；认识陌生人；成为朋友；建立信任；真诚互动,IGS-S3-07；IGS-S5-08；IGS-S4-05；IGS-S1-04,cards/IGS-S4-01.md,用于在社交平台上认识合适的陌生人，通过公开互动、真诚倾听和小范围互助，逐步成为朋友并赢得长期信任。,必须真实透明、尊重对方选择；不伪装身份、不套取隐私、不制造虚假亲密或焦虑，对方冷淡、拒绝或沉默时停止推进。
IGS-S4-02,首小时优先回复有效评论,S4,公共互动与破冰策略,开启自然互动；发现合适陌生人；建立长期朋友关系,评论策略,提升参与感；提升被理解感；提升安全感,HOOTSUITE_INSTAGRAM_RESOURCES；SPROUT_INSTAGRAM_STRATEGY；CARNEGIE,公共互动的重点是在已有语境里贡献价值，让对方先觉得你具体、礼貌、可信。早期互动会影响内容热度，及时且具体的回复也会训练对方下次继续留言。执行时只把它当作建立熟悉感和互相信任的入口，不把对方当作被推进的对象。,发布后 60 分钟预留回复时间，优先回复有观点、有问题、有经历的评论。；每次回复都加一个自然追问，推动评论串变长。；把重复问题记录为下一条内容，不让评论只停留在当下。；边界要求：必须真实透明、尊重对方选择；不伪装身份、不套取隐私、不制造虚假亲密或焦虑，对方冷淡、拒绝或沉默时停止推进。,首小时评论数；评论串平均长度；由评论转私信数；对方主动回应率；重复互动率,首小时互动；评论回复；算法信号；社群；认识陌生人；成为朋友；建立信任；真诚互动,IGS-S3-07；IGS-S5-08；IGS-S4-05,cards/IGS-S4-02.md,用于在社交平台上认识合适的陌生人，通过公开互动、真诚倾听和小范围互助，逐步成为朋友并赢得长期信任。,必须真实透明、尊重对方选择；不伪装身份、不套取隐私、不制造虚假亲密或焦虑，对方冷淡、拒绝或沉默时停止推进。
IGS-S4-03,把评论 CTA 从命令改成选择题,S4,公共互动与破冰策略,开启自然互动；开启私信对话；降低陌生防备,评论策略；Carousel 策略；Reels 策略,提升参与感；提升安全感；降低陌生感,HUBSPOT_INSTAGRAM；EVERYBODY_WRITES；NONVIOLENT_COMMUNICATION,公共互动的重点是在已有语境里贡献价值，让对方先觉得你具体、礼貌、可信。命令式 CTA 容易造成压力，选择题能让对方轻松参与并暴露真实需求。执行时只把它当作建立熟悉感和互相信任的入口，不把对方当作被推进的对象。,把“评论你的想法”改成“A/B/C 你卡在哪个？”；对不同选项准备不同回复，必要时邀请私信领取对应小资源。；用投票结果反向生成下一条内容，形成闭环。；边界要求：必须真实透明、尊重对方选择；不伪装身份、不套取隐私、不制造虚假亲密或焦虑，对方冷淡、拒绝或沉默时停止推进。,评论率；选项型评论占比；评论后私信率；对方主动回应率；重复互动率,评论 CTA；选择题；低压力互动；文案；认识陌生人；成为朋友；建立信任；真诚互动,IGS-S3-05；IGS-S5-06；IGS-S4-08；IGS-S1-09,cards/IGS-S4-03.md,用于在社交平台上认识合适的陌生人，通过公开互动、真诚倾听和小范围互助，逐步成为朋友并赢得长期信任。,必须真实透明、尊重对方选择；不伪装身份、不套取隐私、不制造虚假亲密或焦虑，对方冷淡、拒绝或沉默时停止推进。
IGS-S4-04,用协作内容借力相关受众,S4,公共互动与破冰策略,发现合适陌生人；提升主页可信感；形成可信专业感,Reels 策略；Live 策略；社群/圈层策略,提升专业感；降低陌生感；提升真实感,HOOTSUITE_INSTAGRAM_RESOURCES；LATER_INSTAGRAM_GUIDES；SPROUT_INSTAGRAM_STRATEGY,公共互动的重点是在已有语境里贡献价值，让对方先觉得你具体、礼貌、可信。合作内容让你出现在相邻信任网络中，比冷启动触达更自然。执行时只把它当作建立熟悉感和互相信任的入口，不把对方当作被推进的对象。,选择受众重合但内容或服务不冲突的账号，设计互补主题。；优先做 Collab Reel、联合 Live 或互相问答 Story。；合作后复盘新增关注、保存、私信和未来合作机会。；边界要求：必须真实透明、尊重对方选择；不伪装身份、不套取隐私、不制造虚假亲密或焦虑，对方冷淡、拒绝或沉默时停止推进。,合作内容触达；合作新增关注；合作后私信数；对方主动回应率；重复互动率,合作；Collab；联合直播；影响者；认识陌生人；成为朋友；建立信任；真诚互动,IGS-S3-02；IGS-S5-09；IGS-S4-G24；IGS-S9-08,cards/IGS-S4-04.md,用于在社交平台上认识合适的陌生人，通过公开互动、真诚倾听和小范围互助，逐步成为朋友并赢得长期信任。,必须真实透明、尊重对方选择；不伪装身份、不套取隐私、不制造虚假亲密或焦虑，对方冷淡、拒绝或沉默时停止推进。
IGS-S4-05,用社交聆听发现高共鸣话题,S4,公共互动与破冰策略,发现合适陌生人；开启自然互动；形成可信专业感,评论策略；Story 策略；Carousel 策略,提升被理解感；提升专业感；提升参与感,HOOTSUITE_INSTAGRAM_RESOURCES；SPROUT_SOCIAL_GUIDES；CXL_INSTITUTE,公共互动的重点是在已有语境里贡献价值，让对方先觉得你具体、礼貌、可信。对方正在讨论的话题，比团队会议里的猜想更接近真实需求。执行时只把它当作建立熟悉感和互相信任的入口，不把对方当作被推进的对象。,每周追踪行业关键词、竞品评论、热门问题和对方抱怨。；把高频话题分成“立即回应”“深度解释”“需要验证”三类。；用 Story 先小范围测试话题热度，再决定是否做成主内容。；边界要求：必须真实透明、尊重对方选择；不伪装身份、不套取隐私、不制造虚假亲密或焦虑，对方冷淡、拒绝或沉默时停止推进。,话题测试回复率；由聆听生成内容的表现；关键词互动量；对方主动回应率；重复互动率,社交聆听；话题发现；评论分析；趋势；认识陌生人；成为朋友；建立信任；真诚互动,IGS-S3-06；IGS-S5-08；IGS-S4-01；IGS-S8-08,cards/IGS-S4-05.md,用于在社交平台上认识合适的陌生人，通过公开互动、真诚倾听和小范围互助，逐步成为朋友并赢得长期信任。,必须真实透明、尊重对方选择；不伪装身份、不套取隐私、不制造虚假亲密或焦虑，对方冷淡、拒绝或沉默时停止推进。
IGS-S4-06,把 Story 回复当成关系入口,S4,公共互动与破冰策略,增加 Story 回复；开启私信对话；建立长期朋友关系,Story 策略；私信策略,提升被理解感；降低陌生感；提升安全感,NONVIOLENT_COMMUNICATION；CARNEGIE；HOOTSUITE_INSTAGRAM_RESOURCES,公共互动的重点是在已有语境里贡献价值，让对方先觉得你具体、礼貌、可信。Story 回复天然带上下文，比冷私信更适合开启轻松对话。执行时只把它当作建立熟悉感和互相信任的入口，不把对方当作被推进的对象。,对每条 Story 回复先承接上下文，避免直接复制模板。；用一句复述加一个开放问题，让对方愿意多说一点。；只有当对方表达明确需求时，再给小资源或进一步建议。；边界要求：必须真实透明、尊重对方选择；不伪装身份、不套取隐私、不制造虚假亲密或焦虑，对方冷淡、拒绝或沉默时停止推进。,Story 回复到二次回复率；Story 回复转私信深聊率；取消关注率；对方主动回应率；重复互动率,Story 回复；关系入口；私信承接；共情；认识陌生人；成为朋友；建立信任；真诚互动,IGS-S3-07；IGS-S5-06；IGS-S4-G23,cards/IGS-S4-06.md,用于在社交平台上认识合适的陌生人，通过公开互动、真诚倾听和小范围互助，逐步成为朋友并赢得长期信任。,必须真实透明、尊重对方选择；不伪装身份、不套取隐私、不制造虚假亲密或焦虑，对方冷淡、拒绝或沉默时停止推进。
IGS-S4-07,设置固定 Ask Me Anything 栏目,S4,公共互动与破冰策略,增加 Story 回复；形成可信专业感；提高后续对话率,Story 策略；Live 策略；Highlights 策略,提升参与感；提升专业感；提升安全感,META_BLUEPRINT；HUBSPOT_INSTAGRAM；LATER_INSTAGRAM_GUIDES,公共互动的重点是在已有语境里贡献价值，让对方先觉得你具体、礼貌、可信。固定问答栏目能让对方形成提问习惯，也让专业能力被持续看见。执行时只把它当作建立熟悉感和互相信任的入口，不把对方当作被推进的对象。,每周固定一天开放问答，主题要窄，例如“主页诊断 10 分钟”。；选 5-8 个典型问题公开回答，隐私问题转为匿名处理。；把高质量回答沉淀到 FAQ Highlight 和后续 Carousel。；边界要求：必须真实透明、尊重对方选择；不伪装身份、不套取隐私、不制造虚假亲密或焦虑，对方冷淡、拒绝或沉默时停止推进。,问答提交数；回答 Story 完播率；FAQ Highlight 查看率；对方主动回应率；重复互动率,AMA；问答；专家感；Story 栏目；认识陌生人；成为朋友；建立信任；真诚互动,IGS-S3-08；IGS-S5-08；IGS-S4-05；IGS-S6-06,cards/IGS-S4-07.md,用于在社交平台上认识合适的陌生人，通过公开互动、真诚倾听和小范围互助，逐步成为朋友并赢得长期信任。,必须真实透明、尊重对方选择；不伪装身份、不套取隐私、不制造虚假亲密或焦虑，对方冷淡、拒绝或沉默时停止推进。
IGS-S4-08,用评论关键词开启小资源领取,S4,公共互动与破冰策略,开启自然互动；开启私信对话；提供小帮助,评论策略；私信策略；资源互助策略,提升互惠感；提升参与感；降低陌生感,CIALDINI_INFLUENCE；HOOTSUITE_INSTAGRAM_RESOURCES；BUFFER_INSTAGRAM,公共互动的重点是在已有语境里贡献价值，让对方先觉得你具体、礼貌、可信。评论关键词既能提升内容互动，也能把有兴趣的人自然带到私信。执行时只把它当作建立熟悉感和互相信任的入口，不把对方当作被推进的对象。,关键词要和内容主题一致，例如“评论 BIO 领取主页检查表”。；自动或手动回复都要先确认需求，再发送小资源链接。；领取后追问一个使用场景，避免小资源发完关系就断。；边界要求：必须真实透明、尊重对方选择；不伪装身份、不套取隐私、不制造虚假亲密或焦虑，对方冷淡、拒绝或沉默时停止推进。,关键词评论数；小资源发送成功率；领取后回复率；对方主动回应率；重复互动率,评论关键词；小资源领取；私信自动化；互惠；认识陌生人；成为朋友；建立信任；真诚互动,IGS-S3-07；IGS-S5-04；IGS-S4-01；IGS-S6-03,cards/IGS-S4-08.md,用于在社交平台上认识合适的陌生人，通过公开互动、真诚倾听和小范围互助，逐步成为朋友并赢得长期信任。,必须真实透明、尊重对方选择；不伪装身份、不套取隐私、不制造虚假亲密或焦虑，对方冷淡、拒绝或沉默时停止推进。
IGS-S4-09,积极参与竞品和同行的公共讨论,S4,公共互动与破冰策略,发现合适陌生人；形成可信专业感；建立长期朋友关系,评论策略；社群/圈层策略,降低陌生感；提升专业感；提升安全感,THIS_IS_MARKETING；CARNEGIE；SPROUT_SOCIAL_GUIDES,公共互动的重点是在已有语境里贡献价值，让对方先觉得你具体、礼貌、可信。同行不是只用来比较，也可以成为共同教育市场的公共空间。执行时只把它当作建立熟悉感和互相信任的入口，不把对方当作被推进的对象。,只在自己能补充价值的帖子下评论，避免抢话题或攻击。；多用“我补充一个角度”而不是“你说错了”。；把互相尊重的互动沉淀为未来合作、转介绍或联合内容机会。；边界要求：必须真实透明、尊重对方选择；不伪装身份、不套取隐私、不制造虚假亲密或焦虑，对方冷淡、拒绝或沉默时停止推进。,同行互动回复率；同行转介绍数；合作机会数；对方主动回应率；重复互动率,同行互动；公共讨论；社群关系；专家感；认识陌生人；成为朋友；建立信任；真诚互动,IGS-S3-06；IGS-S5-08；IGS-S4-01；IGS-S9-09,cards/IGS-S4-09.md,用于在社交平台上认识合适的陌生人，通过公开互动、真诚倾听和小范围互助，逐步成为朋友并赢得长期信任。,必须真实透明、尊重对方选择；不伪装身份、不套取隐私、不制造虚假亲密或焦虑，对方冷淡、拒绝或沉默时停止推进。
IGS-S5-01,用许可式私信开场,S5,私信熟悉与倾听策略,开启私信对话；提高后续对话率；提升主页可信感,私信策略,提升安全感；降低陌生感；提升被理解感,NONVIOLENT_COMMUNICATION；NEVER_SPLIT_DIFFERENCE；CARNEGIE,私信是更高亲密度空间，必须先让对方有选择权和安全感。私信是高亲密度空间，开场要让对方感觉自己可以选择，而不是被追着关系推进。执行时只把它当作建立熟悉感和互相信任的入口，不把对方当作被推进的对象。,先说明你为什么来私信：承接评论、Story 回复或小资源领取。；用许可问题开启，例如“我可以根据你的情况给一个小建议吗？”；如果对方没有回复，最多一次轻提醒，不连续施压。；边界要求：必须真实透明、尊重对方选择；不伪装身份、不套取隐私、不制造虚假亲密或焦虑，对方冷淡、拒绝或沉默时停止推进。,第一轮回复率；已读不回率；负面反馈数；对方主动回应率；重复互动率,私信开场；许可式沟通；DM；安全感；认识陌生人；成为朋友；建立信任；真诚互动,IGS-S4-06；IGS-S6-08；IGS-S5-05；IGS-S9-06,cards/IGS-S5-01.md,用于在社交平台上认识合适的陌生人，通过公开互动、真诚倾听和小范围互助，逐步成为朋友并赢得长期信任。,必须真实透明、尊重对方选择；不伪装身份、不套取隐私、不制造虚假亲密或焦虑，对方冷淡、拒绝或沉默时停止推进。
IGS-S5-02,镜像对方原话而不是急着解释,S5,私信熟悉与倾听策略,提高后续对话率；开启私信对话；建立长期朋友关系,私信策略,提升被理解感；提升安全感；降低怀疑感,NEVER_SPLIT_DIFFERENCE；NONVIOLENT_COMMUNICATION；EVERYBODY_WRITES,私信是更高亲密度空间，必须先让对方有选择权和安全感。对方在私信里最先需要被听见；镜像原话能让对方继续展开真实问题。执行时只把它当作建立熟悉感和互相信任的入口，不把对方当作被推进的对象。,复制对方关键短语并轻轻追问，例如“你说‘不知道怎么开始’？”；避免马上给长篇方案，先确认问题、目标和限制。；把对方原话沉淀到语言库，后续用于内容和 FAQ。；边界要求：必须真实透明、尊重对方选择；不伪装身份、不套取隐私、不制造虚假亲密或焦虑，对方冷淡、拒绝或沉默时停止推进。,二次回复率；对方补充信息长度；对话中断点；对方主动回应率；重复互动率,镜像；倾听；私信；对方原话；认识陌生人；成为朋友；建立信任；真诚互动,IGS-S4-06；IGS-S6-08；IGS-S5-05；IGS-S9-06,cards/IGS-S5-02.md,用于在社交平台上认识合适的陌生人，通过公开互动、真诚倾听和小范围互助，逐步成为朋友并赢得长期信任。,必须真实透明、尊重对方选择；不伪装身份、不套取隐私、不制造虚假亲密或焦虑，对方冷淡、拒绝或沉默时停止推进。
IGS-S5-03,用 3 个诊断问题判断需求,S5,私信熟悉与倾听策略,开启私信对话；提高后续对话率；形成可信专业感,私信策略；资源互助策略,提升专业感；提升安全感；提升被理解感,CXL_INSTITUTE；NEVER_SPLIT_DIFFERENCE；GOOGLE_SKILLSHOP_DIGITAL_MARKETING,私信是更高亲密度空间，必须先让对方有选择权和安全感。有效私信不是把所有知识倒出来，而是快速定位对方所在阶段和下一步。执行时只把它当作建立熟悉感和互相信任的入口，不把对方当作被推进的对象。,固定 3 问：现在目标是什么、目前卡在哪里、试过什么还没用。；根据答案把对方分成新手、执行中、需要关系推进优化三类。；每类只给一个下一步，避免信息过载。；边界要求：必须真实透明、尊重对方选择；不伪装身份、不套取隐私、不制造虚假亲密或焦虑，对方冷淡、拒绝或沉默时停止推进。,诊断完成率；建议采纳率；后续进一步交流或领取率；对方主动回应率；重复互动率,需求诊断；私信问题；关系推进；对方阶段；认识陌生人；成为朋友；建立信任；真诚互动,IGS-S4-07；IGS-S6-08；IGS-S5-08；IGS-S8-06,cards/IGS-S5-03.md,用于在社交平台上认识合适的陌生人，通过公开互动、真诚倾听和小范围互助，逐步成为朋友并赢得长期信任。,必须真实透明、尊重对方选择；不伪装身份、不套取隐私、不制造虚假亲密或焦虑，对方冷淡、拒绝或沉默时停止推进。
IGS-S5-04,先给小价值再提出下一步,S5,私信熟悉与倾听策略,提高后续对话率；提供小帮助；提升主页可信感,私信策略；资源互助策略,提升互惠感；提升安全感；降低怀疑感,CIALDINI_INFLUENCE；CARNEGIE；THIS_IS_MARKETING,私信是更高亲密度空间，必须先让对方有选择权和安全感。互惠不是诱导，而是在请求之前先提供真正能减轻对方负担的小帮助。执行时只把它当作建立熟悉感和互相信任的入口，不把对方当作被推进的对象。,在私信里给一个具体改进点、一个模板或一个判断标准。；确认对方觉得有用后，再问是否需要更完整的小资源或下一步。；避免把免费价值设计成必须深入交流才能理解的半截内容。；边界要求：必须真实透明、尊重对方选择；不伪装身份、不套取隐私、不制造虚假亲密或焦虑，对方冷淡、拒绝或沉默时停止推进。,小建议后回复率；小资源领取率；后续进一步交流率；对方主动回应率；重复互动率,互惠；私信价值；小资源；下一步；认识陌生人；成为朋友；建立信任；真诚互动,IGS-S4-08；IGS-S6-01；IGS-S5-07,cards/IGS-S5-04.md,用于在社交平台上认识合适的陌生人，通过公开互动、真诚倾听和小范围互助，逐步成为朋友并赢得长期信任。,必须真实透明、尊重对方选择；不伪装身份、不套取隐私、不制造虚假亲密或焦虑，对方冷淡、拒绝或沉默时停止推进。
IGS-S5-05,用标注法处理异议,S5,私信熟悉与倾听策略,提高后续对话率；提升主页可信感；开启私信对话,私信策略,降低怀疑感；提升安全感；提升被理解感,NEVER_SPLIT_DIFFERENCE；NONVIOLENT_COMMUNICATION；CXL_INSTITUTE,私信是更高亲密度空间，必须先让对方有选择权和安全感。异议不是反对你，而是对方在保护自己；先标注顾虑，再提供证据和选择。执行时只把它当作建立熟悉感和互相信任的入口，不把对方当作被推进的对象。,用“听起来你担心的是……”标注，而不是立刻反驳。；把异议拆成事实问题和感受问题，分别回应。；提供低风险选项，例如先看案例、先用免费清单、以后再决定。；边界要求：必须真实透明、尊重对方选择；不伪装身份、不套取隐私、不制造虚假亲密或焦虑，对方冷淡、拒绝或沉默时停止推进。,异议后继续对话率；对方主动补充顾虑数；最终行动率；对方主动回应率；重复互动率,异议处理；标注；私信谈判；安全感；认识陌生人；成为朋友；建立信任；真诚互动,IGS-S4-06；IGS-S6-08；IGS-S5-01,cards/IGS-S5-05.md,用于在社交平台上认识合适的陌生人，通过公开互动、真诚倾听和小范围互助，逐步成为朋友并赢得长期信任。,必须真实透明、尊重对方选择；不伪装身份、不套取隐私、不制造虚假亲密或焦虑，对方冷淡、拒绝或沉默时停止推进。
IGS-S5-06,把 Story 回复自然桥接到私信,S5,私信熟悉与倾听策略,增加 Story 回复；开启私信对话；提高后续对话率,Story 策略；私信策略,降低陌生感；提升被理解感；提升安全感,HOOTSUITE_INSTAGRAM_RESOURCES；INSTAGRAM_BEST_PRACTICES；NONVIOLENT_COMMUNICATION,私信是更高亲密度空间，必须先让对方有选择权和安全感。Story 已经提供了上下文，私信桥接只需要延续对方刚表达的兴趣。执行时只把它当作建立熟悉感和互相信任的入口，不把对方当作被推进的对象。,对投票、问答、滑杆结果分组回复，不同选择给不同私信开场。；开场引用对方在 Story 的行为，例如“你刚选了‘选题卡住’”。；不要立刻发长链接，先问是否要一个简短建议。；边界要求：必须真实透明、尊重对方选择；不伪装身份、不套取隐私、不制造虚假亲密或焦虑，对方冷淡、拒绝或沉默时停止推进。,Story 互动到 DM 比例；私信第一轮回复率；后续对话率；对方主动回应率；重复互动率,Story 到私信；DM 桥接；私信开场；互动；认识陌生人；成为朋友；建立信任；真诚互动,IGS-S4-06；IGS-S6-08；IGS-S5-01,cards/IGS-S5-06.md,用于在社交平台上认识合适的陌生人，通过公开互动、真诚倾听和小范围互助，逐步成为朋友并赢得长期信任。,必须真实透明、尊重对方选择；不伪装身份、不套取隐私、不制造虚假亲密或焦虑，对方冷淡、拒绝或沉默时停止推进。
IGS-S5-07,用无压力结尾提高下次回复,S5,私信熟悉与倾听策略,提高后续对话率；建立长期朋友关系；提升主页可信感,私信策略,提升安全感；降低怀疑感；提升持续关注理由,THIS_IS_MARKETING；NONVIOLENT_COMMUNICATION；CARNEGIE,私信是更高亲密度空间，必须先让对方有选择权和安全感。一次私信不必完成所有关系推进，好的结尾会保护关系并留下回来继续聊的理由。执行时只把它当作建立熟悉感和互相信任的入口，不把对方当作被推进的对象。,结尾给对方选择权，例如“你可以先试这个，之后有结果再发我”。；约定一个轻量回访点，但不制造紧迫压力。；把未成熟线索放入长期互动列表，而不是反复催促。；边界要求：必须真实透明、尊重对方选择；不伪装身份、不套取隐私、不制造虚假亲密或焦虑，对方冷淡、拒绝或沉默时停止推进。,下次主动回复率；私信取消或拉黑率；长期线索复活率；对方主动回应率；重复互动率,无压力关系推进；私信结尾；长期关系；回访；认识陌生人；成为朋友；建立信任；真诚互动,IGS-S4-06；IGS-S6-08；IGS-S5-09；IGS-S9-05,cards/IGS-S5-07.md,用于在社交平台上认识合适的陌生人，通过公开互动、真诚倾听和小范围互助，逐步成为朋友并赢得长期信任。,必须真实透明、尊重对方选择；不伪装身份、不套取隐私、不制造虚假亲密或焦虑，对方冷淡、拒绝或沉默时停止推进。
IGS-S5-08,给高意向对方做记忆笔记,S5,私信熟悉与倾听策略,提高后续对话率；建立长期朋友关系；形成可信专业感,私信策略；社群/圈层策略,提升被理解感；提升安全感；提升专业感,CARNEGIE；SPROUT_SOCIAL_GUIDES；CXL_INSTITUTE,私信是更高亲密度空间，必须先让对方有选择权和安全感。记住对方的具体情况，会让后续对话更像关系，而不是群发。执行时只把它当作建立熟悉感和互相信任的入口，不把对方当作被推进的对象。,为高意向对方记录来源内容、需求、顾虑、已发小资源和约定回访点。；下次互动时提到前文，而不是重新问一遍基础问题。；定期清理无效记录，只维护真实互动过的人。；边界要求：必须真实透明、尊重对方选择；不伪装身份、不套取隐私、不制造虚假亲密或焦虑，对方冷淡、拒绝或沉默时停止推进。,回访回复率；重复问题减少；高意向对方关系推进率；对方主动回应率；重复互动率,对方记录；CRM；私信维护；长期关系；认识陌生人；成为朋友；建立信任；真诚互动,IGS-S4-09；IGS-S6-08；IGS-S5-03；IGS-S7-09,cards/IGS-S5-08.md,用于在社交平台上认识合适的陌生人，通过公开互动、真诚倾听和小范围互助，逐步成为朋友并赢得长期信任。,必须真实透明、尊重对方选择；不伪装身份、不套取隐私、不制造虚假亲密或焦虑，对方冷淡、拒绝或沉默时停止推进。
IGS-S5-09,私信中明确隐私和边界,S5,私信熟悉与倾听策略,提升主页可信感；提高后续对话率；建立长期朋友关系,私信策略；社群/圈层策略,提升安全感；降低怀疑感；提升真实感,INSTAGRAM_BEST_PRACTICES；HUBSPOT_INSTAGRAM；NONVIOLENT_COMMUNICATION,私信是更高亲密度空间，必须先让对方有选择权和安全感。对方越愿意说真实问题，越需要知道内容不会被随意公开或误用。执行时只把它当作建立熟悉感和互相信任的入口，不把对方当作被推进的对象。,涉及个人经历、截图、案例时先请求许可，再决定是否匿名发布。；清楚说明你能帮什么、不能承诺什么，避免过度期待。；遇到敏感问题时建议转向专业服务或更安全渠道。；边界要求：必须真实透明、尊重对方选择；不伪装身份、不套取隐私、不制造虚假亲密或焦虑，对方冷淡、拒绝或沉默时停止推进。,对方许可率；敏感对话投诉数；信任类正反馈；对方主动回应率；重复互动率,隐私；边界；私信安全；案例授权；认识陌生人；成为朋友；建立信任；真诚互动,IGS-S4-06；IGS-S6-08；IGS-S5-07；IGS-S7-08,cards/IGS-S5-09.md,用于在社交平台上认识合适的陌生人，通过公开互动、真诚倾听和小范围互助，逐步成为朋友并赢得长期信任。,必须真实透明、尊重对方选择；不伪装身份、不套取隐私、不制造虚假亲密或焦虑，对方冷淡、拒绝或沉默时停止推进。
IGS-S6-01,把小资源设计成一个小胜利,S6,小资源互助策略,提供小帮助；提升主页可信感；提高后续对话率,资源互助策略；私信策略；Carousel 策略,提升互惠感；提升安全感；提升专业感,CIALDINI_INFLUENCE；GOOGLE_SKILLSHOP_DIGITAL_MARKETING；CXL_INSTITUTE,小资源和小帮助用于降低对方行动负担，不用于制造亏欠感。好的小资源不是小资源堆，而是让对方在 10 分钟内完成一个可感知的小进步。执行时只把它当作建立熟悉感和互相信任的入口，不把对方当作被推进的对象。,把小资源目标写成动词结果，例如“检查 Bio 的 7 个问题”。；删除背景知识，只保留能立即使用的清单、模板或示例。；领取后安排一个反馈问题，知道对方是否真的完成。；边界要求：必须真实透明、尊重对方选择；不伪装身份、不套取隐私、不制造虚假亲密或焦虑，对方冷淡、拒绝或沉默时停止推进。,小资源领取率；小资源使用反馈率；领取后私信率；对方主动回应率；重复互动率,小资源；小胜利；互惠；认识陌生人；成为朋友；建立信任；真诚互动,IGS-S5-04；IGS-S7-07；IGS-S6-G16,cards/IGS-S6-01.md,用于在社交平台上认识合适的陌生人，通过公开互动、真诚倾听和小范围互助，逐步成为朋友并赢得长期信任。,必须真实透明、尊重对方选择；不伪装身份、不套取隐私、不制造虚假亲密或焦虑，对方冷淡、拒绝或沉默时停止推进。
IGS-S6-02,用高收藏内容反推小资源主题,S6,小资源互助策略,提供小帮助；开启自然互动；形成可信专业感,资源互助策略；Carousel 策略；Reels 策略,提升专业感；提升互惠感；提升持续关注理由,HOOTSUITE_INSTAGRAM_RESOURCES；CXL_INSTITUTE；SPROUT_INSTAGRAM_STRATEGY,小资源和小帮助用于降低对方行动负担，不用于制造亏欠感。对方已经用收藏和保存告诉你什么值得深入，小资源主题应从真实行为中来。执行时只把它当作建立熟悉感和互相信任的入口，不把对方当作被推进的对象。,每月挑选保存率最高的 5 条内容，找出共同问题。；把其中最具体的问题做成模板、检查表或案例拆解。；小资源发布前用 Story 问一句“你想要完整版吗？”验证需求。；边界要求：必须真实透明、尊重对方选择；不伪装身份、不套取隐私、不制造虚假亲密或焦虑，对方冷淡、拒绝或沉默时停止推进。,小资源预热回复率；高收藏内容到领取关系推进；小资源后续使用率；对方主动回应率；重复互动率,小资源选题；保存率；数据驱动；模板；认识陌生人；成为朋友；建立信任；真诚互动,IGS-S5-03；IGS-S7-05；IGS-S6-04,cards/IGS-S6-02.md,用于在社交平台上认识合适的陌生人，通过公开互动、真诚倾听和小范围互助，逐步成为朋友并赢得长期信任。,必须真实透明、尊重对方选择；不伪装身份、不套取隐私、不制造虚假亲密或焦虑，对方冷淡、拒绝或沉默时停止推进。
IGS-S6-03,用 DM 关键词搭建低摩擦领取路径,S6,小资源互助策略,提供小帮助；开启私信对话；开启自然互动,资源互助策略；评论策略；私信策略,提升参与感；提升互惠感；降低陌生感,HOOTSUITE_INSTAGRAM_RESOURCES；BUFFER_INSTAGRAM；CIALDINI_INFLUENCE,小资源和小帮助用于降低对方行动负担，不用于制造亏欠感。关键词路径让对方不用离开 Instagram 就能表达兴趣，适合轻量小资源和内容延伸。执行时只把它当作建立熟悉感和互相信任的入口，不把对方当作被推进的对象。,每个小资源只设置一个关键词，避免对方不知道该评论什么。；自动回复或人工回复要包含小资源、使用方法和一个反馈问题。；把领取对方按主题打标签，为后续内容和私信跟进做准备。；边界要求：必须真实透明、尊重对方选择；不伪装身份、不套取隐私、不制造虚假亲密或焦虑，对方冷淡、拒绝或沉默时停止推进。,关键词评论数；DM 打开率；小资源点击率；反馈回复率；对方主动回应率,DM 关键词；小资源路径；自动回复；领取率；认识陌生人；成为朋友；建立信任；真诚互动,IGS-S5-04；IGS-S7-07；IGS-S6-05；IGS-S4-08,cards/IGS-S6-03.md,用于在社交平台上认识合适的陌生人，通过公开互动、真诚倾听和小范围互助，逐步成为朋友并赢得长期信任。,必须真实透明、尊重对方选择；不伪装身份、不套取隐私、不制造虚假亲密或焦虑，对方冷淡、拒绝或沉默时停止推进。
IGS-S6-04,把 Carousel 延伸成检查表小资源,S6,小资源互助策略,提供小帮助；降低陌生防备；形成可信专业感,Carousel 策略；资源互助策略；私信策略,提升专业感；提升互惠感；提升持续关注理由,HOOTSUITE_INSTAGRAM_RESOURCES；CANVA_SOCIAL_MEDIA_MASTERY；EVERYBODY_WRITES,小资源和小帮助用于降低对方行动负担，不用于制造亏欠感。Carousel 负责公开教育，小资源负责让对方带走可执行工具，两者天然相连。执行时只把它当作建立熟悉感和互相信任的入口，不把对方当作被推进的对象。,把 Carousel 的每页要点转成可勾选检查项。；在最后一页提供关键词领取，不强迫对方跳外链。；小资源模板视觉与原帖一致，增强专业感和记忆。；边界要求：必须真实透明、尊重对方选择；不伪装身份、不套取隐私、不制造虚假亲密或焦虑，对方冷淡、拒绝或沉默时停止推进。,Carousel 完读率；最后一页评论率；检查表领取率；对方主动回应率；重复互动率,Carousel 小资源；检查表；Canva 模板；领取；认识陌生人；成为朋友；建立信任；真诚互动,IGS-S5-04；IGS-S7-07；IGS-S6-02,cards/IGS-S6-04.md,用于在社交平台上认识合适的陌生人，通过公开互动、真诚倾听和小范围互助，逐步成为朋友并赢得长期信任。,必须真实透明、尊重对方选择；不伪装身份、不套取隐私、不制造虚假亲密或焦虑，对方冷淡、拒绝或沉默时停止推进。
IGS-S6-05,做 Story 专属限时小资源,S6,小资源互助策略,增加 Story 回复；提供小帮助；开启私信对话,Story 策略；资源互助策略；私信策略,提升参与感；提升互惠感；提升持续关注理由,CIALDINI_PRESUASION；LATER_INSTAGRAM_GUIDES；HOOTSUITE_INSTAGRAM_RESOURCES,小资源和小帮助用于降低对方行动负担，不用于制造亏欠感。Story 的临时性适合做轻量限时小资源，但重点应是上下文匹配，而不是制造焦虑。执行时只把它当作建立熟悉感和互相信任的入口，不把对方当作被推进的对象。,先用 2-3 张 Story 铺垫问题，再开放小资源领取。；小资源只限与当天主题相关的人领取，避免泛流量。；结束后把对方反馈或常见问题沉淀为下次公开内容。；边界要求：必须真实透明、尊重对方选择；不伪装身份、不套取隐私、不制造虚假亲密或焦虑，对方冷淡、拒绝或沉默时停止推进。,Story 小资源回复率；领取后使用反馈；次日回访率；对方主动回应率；重复互动率,Story 小资源；限时；预先说服；私信；认识陌生人；成为朋友；建立信任；真诚互动,IGS-S5-G30；IGS-S7-07；IGS-S6-03；IGS-S8-04,cards/IGS-S6-05.md,用于在社交平台上认识合适的陌生人，通过公开互动、真诚倾听和小范围互助，逐步成为朋友并赢得长期信任。,必须真实透明、尊重对方选择；不伪装身份、不套取隐私、不制造虚假亲密或焦虑，对方冷淡、拒绝或沉默时停止推进。
IGS-S6-06,Live 结束发送加餐小资源,S6,小资源互助策略,提供小帮助；提高后续对话率；形成可信专业感,Live 策略；资源互助策略；私信策略,提升互惠感；提升专业感；提升参与感,META_BLUEPRINT；CIALDINI_INFLUENCE；SPROUT_INSTAGRAM_STRATEGY,小资源和小帮助用于降低对方行动负担，不用于制造亏欠感。直播后的小资源承接能把实时注意力转成可持续关系。执行时只把它当作建立熟悉感和互相信任的入口，不把对方当作被推进的对象。,直播前说明会后有小资源，但小资源必须服务直播主题。；直播中用关键词收集领取者，直播后分批私信发送。；小资源里附一个行动任务和回报问题，例如“做完发我，我帮你看一眼”。；边界要求：必须真实透明、尊重对方选择；不伪装身份、不套取隐私、不制造虚假亲密或焦虑，对方冷淡、拒绝或沉默时停止推进。,Live 后领取率；小资源后反馈率；回放观看率；对方主动回应率；重复互动率,Live 小资源；直播小资源；加餐；后续对话；认识陌生人；成为朋友；建立信任；真诚互动,IGS-S5-04；IGS-S7-07；IGS-S6-01；IGS-S8-G14,cards/IGS-S6-06.md,用于在社交平台上认识合适的陌生人，通过公开互动、真诚倾听和小范围互助，逐步成为朋友并赢得长期信任。,必须真实透明、尊重对方选择；不伪装身份、不套取隐私、不制造虚假亲密或焦虑，对方冷淡、拒绝或沉默时停止推进。
IGS-S6-07,在主页放小资源货架而不是单一链接,S6,小资源互助策略,提供小帮助；提升主页可信感；降低陌生防备,Highlights 策略；Bio 策略；资源互助策略,提升安全感；提升互惠感；提升持续关注理由,HUBSPOT_INSTAGRAM；STORYBRAND；BUFFER_INSTAGRAM,小资源和小帮助用于降低对方行动负担，不用于制造亏欠感。不同阶段对方需要不同小资源，主页应让他们按自己的问题选择，而不是只给一个入口。执行时只把它当作建立熟悉感和互相信任的入口，不把对方当作被推进的对象。,设置“免费资源”Highlight，按新手、进阶、案例、工具分类。；Bio 链接页只放 3 个最常用资源，避免选择过载。；每个资源说明适合谁、不适合谁、需要花多久完成。；边界要求：必须真实透明、尊重对方选择；不伪装身份、不套取隐私、不制造虚假亲密或焦虑，对方冷淡、拒绝或沉默时停止推进。,小资源 Highlight 点击率；资源选择完成率；领取到关注关系推进；对方主动回应率；重复互动率,小资源货架；免费资源；Highlight；Bio 链接；认识陌生人；成为朋友；建立信任；真诚互动,IGS-S5-04；IGS-S7-07；IGS-S6-09；IGS-S2-04,cards/IGS-S6-07.md,用于在社交平台上认识合适的陌生人，通过公开互动、真诚倾听和小范围互助，逐步成为朋友并赢得长期信任。,必须真实透明、尊重对方选择；不伪装身份、不套取隐私、不制造虚假亲密或焦虑，对方冷淡、拒绝或沉默时停止推进。
IGS-S6-08,小资源发送后立刻问使用场景,S6,小资源互助策略,提高后续对话率；开启私信对话；建立长期朋友关系,私信策略；资源互助策略,提升被理解感；提升安全感；提升参与感,NONVIOLENT_COMMUNICATION；NEVER_SPLIT_DIFFERENCE；CXL_INSTITUTE,小资源和小帮助用于降低对方行动负担，不用于制造亏欠感。小资源发送不是结束，而是理解对方真实场景的开始。执行时只把它当作建立熟悉感和互相信任的入口，不把对方当作被推进的对象。,发送小资源后问一个具体问题：你准备用它改哪一部分？；根据回答给一个微建议，避免只说“有问题问我”。；48 小时后基于对方场景轻回访一次，询问是否卡住。；边界要求：必须真实透明、尊重对方选择；不伪装身份、不套取隐私、不制造虚假亲密或焦虑，对方冷淡、拒绝或沉默时停止推进。,小资源后第一问回复率；48 小时回访回复率；小资源完成率；对方主动回应率；重复互动率,小资源跟进；使用场景；私信回访；后续对话；认识陌生人；成为朋友；建立信任；真诚互动,IGS-S5-02；IGS-S7-07；IGS-S6-G06；IGS-S9-06,cards/IGS-S6-08.md,用于在社交平台上认识合适的陌生人，通过公开互动、真诚倾听和小范围互助，逐步成为朋友并赢得长期信任。,必须真实透明、尊重对方选择；不伪装身份、不套取隐私、不制造虚假亲密或焦虑，对方冷淡、拒绝或沉默时停止推进。
IGS-S6-09,展示小资源使用后的真实反馈,S6,小资源互助策略,提升主页可信感；提供小帮助；降低陌生防备,资源互助策略；Story 策略；Highlights 策略,降低怀疑感；提升真实感；提升安全感,CIALDINI_INFLUENCE；SPROUT_INSTAGRAM_STRATEGY；HUBSPOT_INSTAGRAM,小资源和小帮助用于降低对方行动负担，不用于制造亏欠感。小资源结果反馈能证明小资源不是噱头，也能让潜在对方知道自己能获得什么。执行时只把它当作建立熟悉感和互相信任的入口，不把对方当作被推进的对象。,征得许可后展示对方完成截图、改前改后或一句反馈。；同时展示适用边界，不把个别结果包装成普遍保证。；把反馈放入小资源 Highlight，作为下一批领取者的信任入口。；边界要求：必须真实透明、尊重对方选择；不伪装身份、不套取隐私、不制造虚假亲密或焦虑，对方冷淡、拒绝或沉默时停止推进。,小资源反馈查看率；反馈后领取率；信任类私信；对方主动回应率；重复互动率,小资源反馈；社会认同；案例；真实感；认识陌生人；成为朋友；建立信任；真诚互动,IGS-S5-04；IGS-S7-08；IGS-S6-07；IGS-S2-04,cards/IGS-S6-09.md,用于在社交平台上认识合适的陌生人，通过公开互动、真诚倾听和小范围互助，逐步成为朋友并赢得长期信任。,必须真实透明、尊重对方选择；不伪装身份、不套取隐私、不制造虚假亲密或焦虑，对方冷淡、拒绝或沉默时停止推进。
IGS-S7-01,打造固定签名内容系列,S7,长期朋友关系维护策略,建立长期朋友关系；形成可信专业感；发现合适陌生人,Reels 策略；Carousel 策略；Story 策略,提升持续关注理由；提升专业感；提升参与感,LATER_INSTAGRAM_GUIDES；SHOW_YOUR_WORK；SPROUT_INSTAGRAM_STRATEGY,朋友关系需要节奏、记忆和持续关心，不能只在需要回应时出现。固定系列能让对方知道什么时候回来、为什么回来，也降低团队选题成本。执行时只把它当作建立熟悉感和互相信任的入口，不把对方当作被推进的对象。,选择一个能连续做 12 周的栏目，例如“每周主页诊断”。；固定视觉、标题结构和发布时间，让对方形成记忆。；每 4 周复盘一次栏目表现，只优化钩子和 CTA，不频繁换主题。；边界要求：必须真实透明、尊重对方选择；不伪装身份、不套取隐私、不制造虚假亲密或焦虑，对方冷淡、拒绝或沉默时停止推进。,系列回访率；系列平均保存率；系列新增关注；对方主动回应率；重复互动率,签名系列；固定栏目；长期关注；内容系列；认识陌生人；成为朋友；建立信任；真诚互动,IGS-S6-02；IGS-S8-09；IGS-S7-05；IGS-S1-03,cards/IGS-S7-01.md,用于在社交平台上认识合适的陌生人，通过公开互动、真诚倾听和小范围互助，逐步成为朋友并赢得长期信任。,必须真实透明、尊重对方选择；不伪装身份、不套取隐私、不制造虚假亲密或焦虑，对方冷淡、拒绝或沉默时停止推进。
IGS-S7-02,建立每周社群仪式,S7,长期朋友关系维护策略,建立长期朋友关系；增加 Story 回复；开启自然互动,Story 策略；评论策略；社群/圈层策略,提升参与感；提升持续关注理由；降低陌生感,CARNEGIE；THIS_IS_MARKETING；SPROUT_SOCIAL_GUIDES,朋友关系需要节奏、记忆和持续关心，不能只在需要回应时出现。长期关系需要节奏感；对方参与越固定，账号越不像一次性内容频道。执行时只把它当作建立熟悉感和互相信任的入口，不把对方当作被推进的对象。,每周固定一个参与动作：周一目标、周三提问、周五复盘。；公开回应部分对方投稿，让参与者感到被看见。；把仪式名称固定下来，逐渐形成社群语言。；边界要求：必须真实透明、尊重对方选择；不伪装身份、不套取隐私、不制造虚假亲密或焦虑，对方冷淡、拒绝或沉默时停止推进。,每周参与人数；重复参与率；对方投稿数；对方主动回应率；重复互动率,社群仪式；长期关系；对方参与；固定互动；认识陌生人；成为朋友；建立信任；真诚互动,IGS-S6-G15；IGS-S8-04；IGS-S7-G10,cards/IGS-S7-02.md,用于在社交平台上认识合适的陌生人，通过公开互动、真诚倾听和小范围互助，逐步成为朋友并赢得长期信任。,必须真实透明、尊重对方选择；不伪装身份、不套取隐私、不制造虚假亲密或焦虑，对方冷淡、拒绝或沉默时停止推进。
IGS-S7-03,设计新认识的人 7 天欢迎路径,S7,长期朋友关系维护策略,降低陌生防备；建立长期朋友关系；提高后续对话率,Highlights 策略；Story 策略；私信策略,降低陌生感；提升安全感；提升持续关注理由,STORYBRAND；NONVIOLENT_COMMUNICATION；BUFFER_INSTAGRAM,朋友关系需要节奏、记忆和持续关心，不能只在需要回应时出现。新认识的人关注后的前 7 天决定他会不会形成记忆和互动习惯。执行时只把它当作建立熟悉感和互相信任的入口，不把对方当作被推进的对象。,第 1 天引导看 Start Here，第 2-3 天推核心教程，第 4-5 天展示案例和幕后。；第 6 天用 Story 问问题，第 7 天提供低门槛小资源。；用手动或自动方式记录哪些新认识的人在 7 天内互动过。；边界要求：必须真实透明、尊重对方选择；不伪装身份、不套取隐私、不制造虚假亲密或焦虑，对方冷淡、拒绝或沉默时停止推进。,新认识的人 7 日留存互动率；Start Here 查看率；7 日内私信率；对方主动回应率；重复互动率,新认识的人欢迎；7天路径；留存；关系建立；认识陌生人；成为朋友；建立信任；真诚互动,IGS-S6-08；IGS-S8-07；IGS-S7-09；IGS-S1-08,cards/IGS-S7-03.md,用于在社交平台上认识合适的陌生人，通过公开互动、真诚倾听和小范围互助，逐步成为朋友并赢得长期信任。,必须真实透明、尊重对方选择；不伪装身份、不套取隐私、不制造虚假亲密或焦虑，对方冷淡、拒绝或沉默时停止推进。
IGS-S7-04,固定对方 spotlight 栏目,S7,长期朋友关系维护策略,建立长期朋友关系；提升主页可信感；开启自然互动,Story 策略；Carousel 策略；社群/圈层策略,提升真实感；提升参与感；提升互惠感,CIALDINI_INFLUENCE；HUBSPOT_INSTAGRAM；SPROUT_INSTAGRAM_STRATEGY,朋友关系需要节奏、记忆和持续关心，不能只在需要回应时出现。让对方成为内容的一部分，会提高社群归属感和真实可信度。执行时只把它当作建立熟悉感和互相信任的入口，不把对方当作被推进的对象。,每周展示一个对方问题、尝试或成果，必须先获得许可。；强调过程和可复制动作，而不是只展示漂亮结果。；邀请其他对方评论支持或提出类似问题。；边界要求：必须真实透明、尊重对方选择；不伪装身份、不套取隐私、不制造虚假亲密或焦虑，对方冷淡、拒绝或沉默时停止推进。,对方投稿数；spotlight 评论率；被展示对方后续互动；对方主动回应率；重复互动率,对方 spotlight；UGC；社群；长期关系；认识陌生人；成为朋友；建立信任；真诚互动,IGS-S6-G15；IGS-S8-09；IGS-S7-02；IGS-S3-05,cards/IGS-S7-04.md,用于在社交平台上认识合适的陌生人，通过公开互动、真诚倾听和小范围互助，逐步成为朋友并赢得长期信任。,必须真实透明、尊重对方选择；不伪装身份、不套取隐私、不制造虚假亲密或焦虑，对方冷淡、拒绝或沉默时停止推进。
IGS-S7-05,把旧内容重新打包成新路径,S7,长期朋友关系维护策略,发现合适陌生人；建立长期朋友关系；形成可信专业感,Carousel 策略；Highlights 策略；Reels 策略,提升持续关注理由；提升专业感；提升安全感,LATER_INSTAGRAM_GUIDES；HOOTSUITE_INSTAGRAM_RESOURCES；BUFFER_INSTAGRAM,朋友关系需要节奏、记忆和持续关心，不能只在需要回应时出现。长期运营不能只追新内容；把旧内容按关系路径重新组织，会提高资产复用率。执行时只把它当作建立熟悉感和互相信任的入口，不把对方当作被推进的对象。,每月选择 10 条旧内容，按“新手入门、常见错误、案例、工具”重新归类。；把旧 Carousel 改成 Reel 脚本，把旧 Live 改成 FAQ Carousel。；用 Highlight 或置顶帖把内容路径重新呈现给新认识的人。；边界要求：必须真实透明、尊重对方选择；不伪装身份、不套取隐私、不制造虚假亲密或焦虑，对方冷淡、拒绝或沉默时停止推进。,旧内容二次触达；重制内容保存率；内容资产复用率；对方主动回应率；重复互动率,内容复用；旧内容；内容路径；长期维护；认识陌生人；成为朋友；建立信任；真诚互动,IGS-S6-02；IGS-S8-09；IGS-S7-01；IGS-S3-06,cards/IGS-S7-05.md,用于在社交平台上认识合适的陌生人，通过公开互动、真诚倾听和小范围互助，逐步成为朋友并赢得长期信任。,必须真实透明、尊重对方选择；不伪装身份、不套取隐私、不制造虚假亲密或焦虑，对方冷淡、拒绝或沉默时停止推进。
IGS-S7-06,用长期叙事记录成长线,S7,长期朋友关系维护策略,建立长期朋友关系；提升主页可信感；增加 Story 回复,Story 策略；Reels 策略；Highlights 策略,提升真实感；提升持续关注理由；降低陌生感,SHOW_YOUR_WORK；STORYBRAND；EVERYBODY_WRITES,朋友关系需要节奏、记忆和持续关心，不能只在需要回应时出现。长期叙事让对方不只是看单条内容，而是在跟随一个正在变化的过程。执行时只把它当作建立熟悉感和互相信任的入口，不把对方当作被推进的对象。,选择一个长期项目或主题，每周公开进展、选择和复盘。；把失败和调整也纳入叙事，避免只展示完美结果。；每个阶段设置一个问题让对方参与判断或投票。；边界要求：必须真实透明、尊重对方选择；不伪装身份、不套取隐私、不制造虚假亲密或焦虑，对方冷淡、拒绝或沉默时停止推进。,长期项目 Story 查看率；重复回复对方数；系列完结互动；对方主动回应率；重复互动率,长期叙事；过程公开；真实感；故事；认识陌生人；成为朋友；建立信任；真诚互动,IGS-S6-G15；IGS-S8-04；IGS-S7-03；IGS-S3-04,cards/IGS-S7-06.md,用于在社交平台上认识合适的陌生人，通过公开互动、真诚倾听和小范围互助，逐步成为朋友并赢得长期信任。,必须真实透明、尊重对方选择；不伪装身份、不套取隐私、不制造虚假亲密或焦虑，对方冷淡、拒绝或沉默时停止推进。
IGS-S7-07,把 Instagram 关系桥接到其他渠道,S7,长期朋友关系维护策略,建立长期朋友关系；提高后续对话率；提供小帮助,资源互助策略；私信策略；社群/圈层策略,提升安全感；提升持续关注理由；提升互惠感,GOOGLE_SKILLSHOP_DIGITAL_MARKETING；SPROUT_SOCIAL_GUIDES；CXL_INSTITUTE,朋友关系需要节奏、记忆和持续关心，不能只在需要回应时出现。Instagram 适合发现和互动，但长期关系可以通过邮件、社群或进一步交流系统沉淀。执行时只把它当作建立熟悉感和互相信任的入口，不把对方当作被推进的对象。,只在对方领取小资源或表达明确兴趣后邀请加入更长期渠道。；说明加入后会获得什么频率、什么内容、如何退出。；用标签记录来源内容，后续评估哪个入口带来高质量关系。；边界要求：必须真实透明、尊重对方选择；不伪装身份、不套取隐私、不制造虚假亲密或焦虑，对方冷淡、拒绝或沉默时停止推进。,跨渠道加入率；跨渠道留存；来源内容贡献；对方主动回应率；重复互动率,跨渠道；邮件；社群；长期沉淀；认识陌生人；成为朋友；建立信任；真诚互动,IGS-S6-01；IGS-S8-07；IGS-S7-09,cards/IGS-S7-07.md,用于在社交平台上认识合适的陌生人，通过公开互动、真诚倾听和小范围互助，逐步成为朋友并赢得长期信任。,必须真实透明、尊重对方选择；不伪装身份、不套取隐私、不制造虚假亲密或焦虑，对方冷淡、拒绝或沉默时停止推进。
IGS-S7-08,建立负面评论和误解处理 SOP,S7,长期朋友关系维护策略,提升主页可信感；建立长期朋友关系；降低陌生防备,评论策略；私信策略；社群/圈层策略,提升安全感；降低怀疑感；提升专业感,NONVIOLENT_COMMUNICATION；HUBSPOT_INSTAGRAM；INSTAGRAM_BEST_PRACTICES,朋友关系需要节奏、记忆和持续关心，不能只在需要回应时出现。公开评论区的处理方式会被旁观者用来判断账号安全感和专业度。执行时只把它当作建立熟悉感和互相信任的入口，不把对方当作被推进的对象。,把评论分成误解、抱怨、攻击、垃圾信息四类，分别准备回应方式。；对误解先澄清事实，对抱怨先承认感受，对攻击和垃圾信息按平台工具处理。；必要时转入私信处理，但在公开区留下简短、平和、可理解的回应。；边界要求：必须真实透明、尊重对方选择；不伪装身份、不套取隐私、不制造虚假亲密或焦虑，对方冷淡、拒绝或沉默时停止推进。,负面评论升级率；公开回应后的二次评论；隐藏或删除比例；对方主动回应率；重复互动率,负面评论；SOP；安全感；社群管理；认识陌生人；成为朋友；建立信任；真诚互动,IGS-S6-09；IGS-S8-05；IGS-S7-09；IGS-S5-09,cards/IGS-S7-08.md,用于在社交平台上认识合适的陌生人，通过公开互动、真诚倾听和小范围互助，逐步成为朋友并赢得长期信任。,必须真实透明、尊重对方选择；不伪装身份、不套取隐私、不制造虚假亲密或焦虑，对方冷淡、拒绝或沉默时停止推进。
IGS-S7-09,用关系节奏表维护高价值互动,S7,长期朋友关系维护策略,建立长期朋友关系；提高后续对话率；形成可信专业感,私信策略；评论策略；社群/圈层策略,提升被理解感；提升安全感；提升持续关注理由,SPROUT_SOCIAL_GUIDES；HOOTSUITE_INSTAGRAM_RESOURCES；CARNEGIE,朋友关系需要节奏、记忆和持续关心，不能只在需要回应时出现。长期关系不是靠记忆硬撑，需要有节奏地回应、回访和提供价值。执行时只把它当作建立熟悉感和互相信任的入口，不把对方当作被推进的对象。,把高价值互动分成新认识的人、活跃对方、潜在合作、潜在对方四类。；为每类设置自然触达节奏，例如每 2 周回应一次内容或私信回访。；触达必须基于对方最近行为，避免无上下文群发。；边界要求：必须真实透明、尊重对方选择；不伪装身份、不套取隐私、不制造虚假亲密或焦虑，对方冷淡、拒绝或沉默时停止推进。,高价值对方重复互动率；回访回复率；合作或关系推进机会数；对方主动回应率；重复互动率,关系节奏；高价值互动；CRM；长期维护；认识陌生人；成为朋友；建立信任；真诚互动,IGS-S6-08；IGS-S8-09；IGS-S7-07；IGS-S5-08,cards/IGS-S7-09.md,用于在社交平台上认识合适的陌生人，通过公开互动、真诚倾听和小范围互助，逐步成为朋友并赢得长期信任。,必须真实透明、尊重对方选择；不伪装身份、不套取隐私、不制造虚假亲密或焦虑，对方冷淡、拒绝或沉默时停止推进。
IGS-S8-01,按目标建立 KPI 树,S8,关系复盘与迭代策略,发现合适陌生人；降低陌生防备；提供小帮助,Reels 策略；Carousel 策略；资源互助策略,提升专业感；提升安全感,GOOGLE_SKILLSHOP_DIGITAL_MARKETING；SPROUT_INSTAGRAM_STRATEGY；CXL_INSTITUTE,关系复盘要看互动质量、信任信号和边界是否被尊重，而不只看数量。不同目标不能只看同一个点赞数；每个目标要对应上游、中游和下游指标。执行时只把它当作建立熟悉感和互相信任的入口，不把对方当作被推进的对象。,触达看曝光、观看时长、分享；信任看主页访问、Highlight、案例查看。；互动看评论、Story 回复、私信；小资源看领取、使用反馈、后续对话。；每周只选择 3 个核心指标复盘，避免指标过载。；边界要求：必须真实透明、尊重对方选择；不伪装身份、不套取隐私、不制造虚假亲密或焦虑，对方冷淡、拒绝或沉默时停止推进。,核心指标完成率；指标与关系结果相关性；复盘执行率；对方主动回应率；重复互动率,KPI；数据复盘；指标树；Instagram Insights；认识陌生人；成为朋友；建立信任；真诚互动,IGS-S7-05；IGS-S9-07；IGS-S8-G16,cards/IGS-S8-01.md,用于在社交平台上认识合适的陌生人，通过公开互动、真诚倾听和小范围互助，逐步成为朋友并赢得长期信任。,必须真实透明、尊重对方选择；不伪装身份、不套取隐私、不制造虚假亲密或焦虑，对方冷淡、拒绝或沉默时停止推进。
IGS-S8-02,用 Reels 留存曲线优化开头和节奏,S8,关系复盘与迭代策略,发现合适陌生人；形成可信专业感；降低陌生防备,Reels 策略,提升专业感；提升持续关注理由,INSTAGRAM_BEST_PRACTICES；HOOTSUITE_INSTAGRAM_RESOURCES；CXL_INSTITUTE,关系复盘要看互动质量、信任信号和边界是否被尊重，而不只看数量。Reels 不是只看播放量，留存曲线能告诉你对方在哪一秒失去兴趣。执行时只把它当作建立熟悉感和互相信任的入口，不把对方当作被推进的对象。,记录每条 Reel 的 3 秒留存、平均观看、完播和重看。；把前 3 秒掉点高的视频拆解原因：开头太慢、利益不清、画面不动、字幕不明。；保留高留存结构，连续做 3 条同主题变体测试。；边界要求：必须真实透明、尊重对方选择；不伪装身份、不套取隐私、不制造虚假亲密或焦虑，对方冷淡、拒绝或沉默时停止推进。,3 秒留存；平均观看时长；完播率；重看率；对方主动回应率,Reels 数据；留存曲线；完播；复盘；认识陌生人；成为朋友；建立信任；真诚互动,IGS-S7-05；IGS-S9-02；IGS-S8-08；IGS-S3-01,cards/IGS-S8-02.md,用于在社交平台上认识合适的陌生人，通过公开互动、真诚倾听和小范围互助，逐步成为朋友并赢得长期信任。,必须真实透明、尊重对方选择；不伪装身份、不套取隐私、不制造虚假亲密或焦虑，对方冷淡、拒绝或沉默时停止推进。
IGS-S8-03,用 Carousel 保存和滑动数据判断实用性,S8,关系复盘与迭代策略,形成可信专业感；降低陌生防备；开启自然互动,Carousel 策略,提升专业感；提升互惠感；提升持续关注理由,HOOTSUITE_INSTAGRAM_RESOURCES；SPROUT_INSTAGRAM_STRATEGY；MADE_TO_STICK,关系复盘要看互动质量、信任信号和边界是否被尊重，而不只看数量。Carousel 的价值常体现在对方愿不愿意滑完、保存、评论和转发给朋友。执行时只把它当作建立熟悉感和互相信任的入口，不把对方当作被推进的对象。,记录第一页点击、滑动完成、保存、分享和评论问题。；如果保存高但评论低，补一个更具体的讨论问题。；如果第一页打开低，优先改封面标题和视觉层级。；边界要求：必须真实透明、尊重对方选择；不伪装身份、不套取隐私、不制造虚假亲密或焦虑，对方冷淡、拒绝或沉默时停止推进。,保存率；滑动完成率；分享率；评论率；对方主动回应率,Carousel 数据；保存率；滑动；实用内容；认识陌生人；成为朋友；建立信任；真诚互动,IGS-S7-05；IGS-S9-04；IGS-S8-08；IGS-S3-03,cards/IGS-S8-03.md,用于在社交平台上认识合适的陌生人，通过公开互动、真诚倾听和小范围互助，逐步成为朋友并赢得长期信任。,必须真实透明、尊重对方选择；不伪装身份、不套取隐私、不制造虚假亲密或焦虑，对方冷淡、拒绝或沉默时停止推进。
IGS-S8-04,把 Stories 分成关系指标复盘,S8,关系复盘与迭代策略,增加 Story 回复；开启私信对话；建立长期朋友关系,Story 策略；私信策略,提升参与感；提升被理解感；提升持续关注理由,HOOTSUITE_INSTAGRAM_RESOURCES；LATER_INSTAGRAM_GUIDES；SPROUT_SOCIAL_GUIDES,关系复盘要看互动质量、信任信号和边界是否被尊重，而不只看数量。Story 的价值不只在观看，更在回复、贴纸互动和转入私信的关系信号。执行时只把它当作建立熟悉感和互相信任的入口，不把对方当作被推进的对象。,分别记录观看、下一张、退出、投票、问答、回复和私信承接。；复盘哪类问题最容易让对方说出真实场景。；把高回复 Story 模板化，形成每周栏目。；边界要求：必须真实透明、尊重对方选择；不伪装身份、不套取隐私、不制造虚假亲密或焦虑，对方冷淡、拒绝或沉默时停止推进。,Story 回复率；贴纸互动率；退出率；DM 承接率；对方主动回应率,Story 数据；关系指标；回复率；贴纸互动；认识陌生人；成为朋友；建立信任；真诚互动,IGS-S7-G19；IGS-S9-06；IGS-S8-G24；IGS-S3-07,cards/IGS-S8-04.md,用于在社交平台上认识合适的陌生人，通过公开互动、真诚倾听和小范围互助，逐步成为朋友并赢得长期信任。,必须真实透明、尊重对方选择；不伪装身份、不套取隐私、不制造虚假亲密或焦虑，对方冷淡、拒绝或沉默时停止推进。
IGS-S8-05,复盘主页访问到关注关系推进,S8,关系复盘与迭代策略,提升主页可信感；降低陌生防备；形成可信专业感,Bio 策略；Highlights 策略；Carousel 策略,降低怀疑感；提升专业感；提升安全感,HOOTSUITE_INSTAGRAM_RESOURCES；BUFFER_INSTAGRAM；HUBSPOT_INSTAGRAM,关系复盘要看互动质量、信任信号和边界是否被尊重，而不只看数量。触达增加后，如果主页关系推进低，问题可能在 Bio、置顶、视觉、证据或 CTA。执行时只把它当作建立熟悉感和互相信任的入口，不把对方当作被推进的对象。,每周计算主页访问到关注率，并标注来源内容。；当触达高但关注低时，检查来源内容是否与主页承诺一致。；一次只调整一个主页元素，观察 7-14 天后再判断。；边界要求：必须真实透明、尊重对方选择；不伪装身份、不套取隐私、不制造虚假亲密或焦虑，对方冷淡、拒绝或沉默时停止推进。,主页访问到关注率；来源内容匹配度；Bio 链接点击率；对方主动回应率；重复互动率,主页关系推进；关注率；Bio 复盘；来源匹配；认识陌生人；成为朋友；建立信任；真诚互动,IGS-S7-08；IGS-S9-03；IGS-S8-03；IGS-S2-06,cards/IGS-S8-05.md,用于在社交平台上认识合适的陌生人，通过公开互动、真诚倾听和小范围互助，逐步成为朋友并赢得长期信任。,必须真实透明、尊重对方选择；不伪装身份、不套取隐私、不制造虚假亲密或焦虑，对方冷淡、拒绝或沉默时停止推进。
IGS-S8-06,建立私信关系推进阶段表,S8,关系复盘与迭代策略,开启私信对话；提高后续对话率；提供小帮助,私信策略；资源互助策略,提升专业感；提升安全感；降低怀疑感,CXL_INSTITUTE；NEVER_SPLIT_DIFFERENCE；NONVIOLENT_COMMUNICATION,关系复盘要看互动质量、信任信号和边界是否被尊重，而不只看数量。私信复盘要看对方停在哪个阶段，而不是只看最后有没有关系推进或进一步交流。执行时只把它当作建立熟悉感和互相信任的入口，不把对方当作被推进的对象。,把私信分为开启、诊断、发送价值、处理顾虑、下一步、回访 6 阶段。；记录每阶段关系推进率和常见流失原因。；针对最大流失阶段优化话术或内容入口。；边界要求：必须真实透明、尊重对方选择；不伪装身份、不套取隐私、不制造虚假亲密或焦虑，对方冷淡、拒绝或沉默时停止推进。,各阶段关系推进率；流失原因分布；回访回复率；对方主动回应率；重复互动率,私信漏斗；DM 关系推进；阶段表；复盘；认识陌生人；成为朋友；建立信任；真诚互动,IGS-S7-07；IGS-S9-06；IGS-S8-07；IGS-S1-06,cards/IGS-S8-06.md,用于在社交平台上认识合适的陌生人，通过公开互动、真诚倾听和小范围互助，逐步成为朋友并赢得长期信任。,必须真实透明、尊重对方选择；不伪装身份、不套取隐私、不制造虚假亲密或焦虑，对方冷淡、拒绝或沉默时停止推进。
IGS-S8-07,用小资源漏斗评估资源质量,S8,关系复盘与迭代策略,提供小帮助；提高后续对话率；建立长期朋友关系,资源互助策略；私信策略,提升互惠感；提升安全感；提升持续关注理由,GOOGLE_SKILLSHOP_DIGITAL_MARKETING；CXL_INSTITUTE；CIALDINI_INFLUENCE,关系复盘要看互动质量、信任信号和边界是否被尊重，而不只看数量。小资源不应只追领取数，真正要看对方是否使用、反馈和继续对话。执行时只把它当作建立熟悉感和互相信任的入口，不把对方当作被推进的对象。,漏斗记录曝光、评论关键词、发送成功、打开、使用反馈、后续对话。；如果领取高但反馈低，说明小资源可能太大、太难或说明不清。；把高反馈小资源升级成系列内容或深入交流入口。；边界要求：必须真实透明、尊重对方选择；不伪装身份、不套取隐私、不制造虚假亲密或焦虑，对方冷淡、拒绝或沉默时停止推进。,小资源领取率；小资源打开率；使用反馈率；后续对话率；对方主动回应率,小资源漏斗；小资源质量；领取率；后续对话；认识陌生人；成为朋友；建立信任；真诚互动,IGS-S7-07；IGS-S9-05；IGS-S8-06,cards/IGS-S8-07.md,用于在社交平台上认识合适的陌生人，通过公开互动、真诚倾听和小范围互助，逐步成为朋友并赢得长期信任。,必须真实透明、尊重对方选择；不伪装身份、不套取隐私、不制造虚假亲密或焦虑，对方冷淡、拒绝或沉默时停止推进。
IGS-S8-08,做钩子 A/B 测试,S8,关系复盘与迭代策略,发现合适陌生人；开启自然互动；形成可信专业感,Reels 策略；Carousel 策略,提升专业感；提升参与感；提升持续关注理由,CXL_INSTITUTE；MADE_TO_STICK；HOOTSUITE_INSTAGRAM_RESOURCES,关系复盘要看互动质量、信任信号和边界是否被尊重，而不只看数量。内容测试要控制变量；同一个主题换钩子，才能知道是主题弱还是开头弱。执行时只把它当作建立熟悉感和互相信任的入口，不把对方当作被推进的对象。,同一主题写 3 种钩子：痛点型、结果型、反常识型。；保持主体内容和发布时间接近，只换开头或封面标题。；用 48 小时数据判断哪个钩子值得做成系列。；边界要求：必须真实透明、尊重对方选择；不伪装身份、不套取隐私、不制造虚假亲密或焦虑，对方冷淡、拒绝或沉默时停止推进。,前 3 秒留存；封面点击率；分享率；评论率；对方主动回应率,A/B 测试；钩子；实验；内容优化；认识陌生人；成为朋友；建立信任；真诚互动,IGS-S7-01；IGS-S9-04；IGS-S8-03；IGS-S4-05,cards/IGS-S8-08.md,用于在社交平台上认识合适的陌生人，通过公开互动、真诚倾听和小范围互助，逐步成为朋友并赢得长期信任。,必须真实透明、尊重对方选择；不伪装身份、不套取隐私、不制造虚假亲密或焦虑，对方冷淡、拒绝或沉默时停止推进。
IGS-S8-09,每月做来源组合审计,S8,关系复盘与迭代策略,发现合适陌生人；建立长期朋友关系；形成可信专业感,Reels 策略；Story 策略；社群/圈层策略,提升专业感；提升安全感；提升持续关注理由,SPROUT_INSTAGRAM_STRATEGY；HOOTSUITE_INSTAGRAM_RESOURCES；SPROUT_SOCIAL_GUIDES,关系复盘要看互动质量、信任信号和边界是否被尊重，而不只看数量。增长来自多种来源组合：推荐、搜索、评论、合作、Story 和长期互动对象互动都要被看见。执行时只把它当作建立熟悉感和互相信任的入口，不把对方当作被推进的对象。,每月把新增关注按来源内容、搜索、互动、合作、小资源和推荐分组。；看哪类来源带来的对方后续互动更高，而不是只看数量。；下一月预算时间优先给高质量来源，而不是盲目追最高曝光。；边界要求：必须真实透明、尊重对方选择；不伪装身份、不套取隐私、不制造虚假亲密或焦虑，对方冷淡、拒绝或沉默时停止推进。,来源新增关注；来源后续互动率；来源私信质量；对方主动回应率；重复互动率,来源审计；增长来源；复盘；质量关注；认识陌生人；成为朋友；建立信任；真诚互动,IGS-S7-05；IGS-S9-09；IGS-S8-08,cards/IGS-S8-09.md,用于在社交平台上认识合适的陌生人，通过公开互动、真诚倾听和小范围互助，逐步成为朋友并赢得长期信任。,必须真实透明、尊重对方选择；不伪装身份、不套取隐私、不制造虚假亲密或焦虑，对方冷淡、拒绝或沉默时停止推进。
IGS-S9-01,建立官方学习路径,S9,学习提升策略,形成可信专业感；提升主页可信感；发现合适陌生人,Reels 策略；Live 策略；Bio 策略,提升专业感；提升安全感；提升持续关注理由,META_BLUEPRINT；GOOGLE_SKILLSHOP_DIGITAL_MARKETING；META_SOCIAL_CERT,学习提升要服务更真诚、更稳定的关系能力，而不是堆技巧。平台基础、数字营销和社媒体系要从官方与系统课程补齐，避免只听碎片经验。执行时只把它当作建立熟悉感和互相信任的入口，不把对方当作被推进的对象。,先学 Meta Instagram marketing 和 Google 数字营销基础，再补 Meta 社媒证书。；每学完一个模块，转成一条账号 SOP 或复盘清单。；把学习成果转成内容，但要结合自己的实践，不做搬运式总结。；边界要求：必须真实透明、尊重对方选择；不伪装身份、不套取隐私、不制造虚假亲密或焦虑，对方冷淡、拒绝或沉默时停止推进。,学习模块完成数；关系推进为 SOP 的数量；学习内容带来的互动；对方主动回应率；重复互动率,学习路径；官方课程；Meta；Google Skillshop；认识陌生人；成为朋友；建立信任；真诚互动,IGS-S8-09；IGS-S9-09；IGS-S9-G01,cards/IGS-S9-01.md,用于在社交平台上认识合适的陌生人，通过公开互动、真诚倾听和小范围互助，逐步成为朋友并赢得长期信任。,必须真实透明、尊重对方选择；不伪装身份、不套取隐私、不制造虚假亲密或焦虑，对方冷淡、拒绝或沉默时停止推进。
IGS-S9-02,建立平台更新观察机制,S9,学习提升策略,发现合适陌生人；形成可信专业感；建立长期朋友关系,Reels 策略；Story 策略；Carousel 策略,提升专业感；提升持续关注理由；提升安全感,INSTAGRAM_BEST_PRACTICES；HOOTSUITE_INSTAGRAM_RESOURCES；SPROUT_INSTAGRAM_STRATEGY,学习提升要服务更真诚、更稳定的关系能力，而不是堆技巧。Instagram 的功能、指标和推荐机制会变，策略要定期对齐最新平台信号。执行时只把它当作建立熟悉感和互相信任的入口，不把对方当作被推进的对象。,每月查看 Instagram Best Practices、Hootsuite 和 Sprout 的平台更新。；把变化分成必须调整、可以测试、暂不相关三类。；只对自己的账号数据验证有效后，才写入长期 SOP。；边界要求：必须真实透明、尊重对方选择；不伪装身份、不套取隐私、不制造虚假亲密或焦虑，对方冷淡、拒绝或沉默时停止推进。,更新检查次数；新机制测试数；测试成功率；对方主动回应率；重复互动率,平台更新；算法；Best Practices；学习提升；认识陌生人；成为朋友；建立信任；真诚互动,IGS-S8-09；IGS-S9-09；IGS-S3-06,cards/IGS-S9-02.md,用于在社交平台上认识合适的陌生人，通过公开互动、真诚倾听和小范围互助，逐步成为朋友并赢得长期信任。,必须真实透明、尊重对方选择；不伪装身份、不套取隐私、不制造虚假亲密或焦虑，对方冷淡、拒绝或沉默时停止推进。
IGS-S9-03,系统训练视觉生产能力,S9,学习提升策略,提升主页可信感；形成可信专业感；提供小帮助,Carousel 策略；Story 策略；资源互助策略,提升专业感；降低怀疑感；提升安全感,CANVA_SOCIAL_MEDIA_MASTERY；COURSERA_DIGITAL_MARKETING_CANVA；HUBSPOT_INSTAGRAM,学习提升要服务更真诚、更稳定的关系能力，而不是堆技巧。视觉不是装饰，而是降低理解成本和提升信任感的运营资产。执行时只把它当作建立熟悉感和互相信任的入口，不把对方当作被推进的对象。,建立账号套件：颜色、字体、按钮、封面、图标和照片风格。；每周复盘 3 个高表现设计，分析信息层级、留白、标题和行动入口。；把小资源、Carousel 和 Story 模板化，减少临时设计导致的不一致。；边界要求：必须真实透明、尊重对方选择；不伪装身份、不套取隐私、不制造虚假亲密或焦虑，对方冷淡、拒绝或沉默时停止推进。,模板复用率；封面点击率；视觉一致性问题数；对方主动回应率；重复互动率,视觉设计；Canva；模板；账号一致性；认识陌生人；成为朋友；建立信任；真诚互动,IGS-S8-05；IGS-S9-08,cards/IGS-S9-03.md,用于在社交平台上认识合适的陌生人，通过公开互动、真诚倾听和小范围互助，逐步成为朋友并赢得长期信任。,必须真实透明、尊重对方选择；不伪装身份、不套取隐私、不制造虚假亲密或焦虑，对方冷淡、拒绝或沉默时停止推进。
IGS-S9-04,训练可复用写作系统,S9,学习提升策略,形成可信专业感；开启自然互动；降低陌生防备,Reels 策略；Carousel 策略；Bio 策略,提升专业感；提升被理解感；提升持续关注理由,EVERYBODY_WRITES；MADE_TO_STICK；HUBSPOT_INSTAGRAM,学习提升要服务更真诚、更稳定的关系能力，而不是堆技巧。稳定内容质量来自写作系统，而不是每次临场找灵感。执行时只把它当作建立熟悉感和互相信任的入口，不把对方当作被推进的对象。,为标题、开头、案例、CTA、私信回复各建立 10 个模板。；每条内容发布前做一次删减：删抽象词、删重复句、删无关背景。；把高表现文案拆成结构，沉淀进模板库。；边界要求：必须真实透明、尊重对方选择；不伪装身份、不套取隐私、不制造虚假亲密或焦虑，对方冷淡、拒绝或沉默时停止推进。,文案模板数量；内容生产时间；评论和保存率；对方主动回应率；重复互动率,写作系统；文案模板；内容写作；可复用；认识陌生人；成为朋友；建立信任；真诚互动,IGS-S8-03；IGS-S9-08；IGS-S3-09,cards/IGS-S9-04.md,用于在社交平台上认识合适的陌生人，通过公开互动、真诚倾听和小范围互助，逐步成为朋友并赢得长期信任。,必须真实透明、尊重对方选择；不伪装身份、不套取隐私、不制造虚假亲密或焦虑，对方冷淡、拒绝或沉默时停止推进。
IGS-S9-05,建立说服伦理清单,S9,学习提升策略,提升主页可信感；建立长期朋友关系；提高后续对话率,私信策略；资源互助策略；Bio 策略,提升安全感；降低怀疑感；提升互惠感,CIALDINI_INFLUENCE；CIALDINI_PRESUASION；NONVIOLENT_COMMUNICATION,学习提升要服务更真诚、更稳定的关系能力，而不是堆技巧。说服技巧必须服务对方利益；透明、可选择和不夸大，是长期信任的底线。执行时只把它当作建立熟悉感和互相信任的入口，不把对方当作被推进的对象。,每次活动前检查：是否夸大结果、是否隐藏条件、是否制造不必要焦虑。；小资源和私信里说明适用对象和不适用对象。；所有紧迫感、社会认同和权威证明都必须真实可解释。；边界要求：必须真实透明、尊重对方选择；不伪装身份、不套取隐私、不制造虚假亲密或焦虑，对方冷淡、拒绝或沉默时停止推进。,对方投诉数；取消关注率；信任类反馈；对方主动回应率；重复互动率,说服伦理；互惠；预先说服；安全感；认识陌生人；成为朋友；建立信任；真诚互动,IGS-S8-07；IGS-S9-06；IGS-S5-04,cards/IGS-S9-05.md,用于在社交平台上认识合适的陌生人，通过公开互动、真诚倾听和小范围互助，逐步成为朋友并赢得长期信任。,必须真实透明、尊重对方选择；不伪装身份、不套取隐私、不制造虚假亲密或焦虑，对方冷淡、拒绝或沉默时停止推进。
IGS-S9-06,练习提问和倾听能力,S9,学习提升策略,开启私信对话；提高后续对话率；建立长期朋友关系,私信策略；评论策略；Story 策略,提升被理解感；提升安全感；降低陌生感,NEVER_SPLIT_DIFFERENCE；CARNEGIE；NONVIOLENT_COMMUNICATION,学习提升要服务更真诚、更稳定的关系能力，而不是堆技巧。提问质量决定对话质量，好的运营不是更会说，而是更会听出对方真正的顾虑。执行时只把它当作建立熟悉感和互相信任的入口，不把对方当作被推进的对象。,每周复盘 10 段私信，标出哪里过早建议、哪里没有追问。；为常见场景准备开放问题、澄清问题和校准问题。；训练回复前先总结对方意思，再给建议。；边界要求：必须真实透明、尊重对方选择；不伪装身份、不套取隐私、不制造虚假亲密或焦虑，对方冷淡、拒绝或沉默时停止推进。,二次回复率；对方补充信息量；私信满意反馈；对方主动回应率；重复互动率,倾听；提问；私信训练；沟通；认识陌生人；成为朋友；建立信任；真诚互动,IGS-S8-06；IGS-S9-G14；IGS-S4-06,cards/IGS-S9-06.md,用于在社交平台上认识合适的陌生人，通过公开互动、真诚倾听和小范围互助，逐步成为朋友并赢得长期信任。,必须真实透明、尊重对方选择；不伪装身份、不套取隐私、不制造虚假亲密或焦虑，对方冷淡、拒绝或沉默时停止推进。
IGS-S9-07,补齐数据实验能力,S9,学习提升策略,发现合适陌生人；降低陌生防备；提供小帮助,Reels 策略；Carousel 策略；资源互助策略,提升专业感；提升安全感,CXL_INSTITUTE；GOOGLE_SKILLSHOP_DIGITAL_MARKETING；SPROUT_SOCIAL_GUIDES,学习提升要服务更真诚、更稳定的关系能力，而不是堆技巧。数据能力不是做复杂报表，而是能提出假设、测试变量、判断是否继续。执行时只把它当作建立熟悉感和互相信任的入口，不把对方当作被推进的对象。,每周写一个假设，例如“问题型封面会提高 Carousel 完读”。；明确变量、样本周期和判断指标，避免发布后才找理由。；把实验结论写入内容 SOP，而不是停留在截图收藏。；边界要求：必须真实透明、尊重对方选择；不伪装身份、不套取隐私、不制造虚假亲密或焦虑，对方冷淡、拒绝或沉默时停止推进。,实验完成数；有效结论数；SOP 更新数；对方主动回应率；重复互动率,数据实验；增长；CXL；复盘能力；认识陌生人；成为朋友；建立信任；真诚互动,IGS-S8-01；IGS-S9-G21,cards/IGS-S9-07.md,用于在社交平台上认识合适的陌生人，通过公开互动、真诚倾听和小范围互助，逐步成为朋友并赢得长期信任。,必须真实透明、尊重对方选择；不伪装身份、不套取隐私、不制造虚假亲密或焦虑，对方冷淡、拒绝或沉默时停止推进。
IGS-S9-08,建立优秀案例拆解库,S9,学习提升策略,发现合适陌生人；形成可信专业感；提升主页可信感,Reels 策略；Carousel 策略；Story 策略,提升专业感；提升持续关注理由；提升真实感,HUBSPOT_INSTAGRAM；BUFFER_INSTAGRAM；SPROUT_INSTAGRAM_STRATEGY,学习提升要服务更真诚、更稳定的关系能力，而不是堆技巧。拆解不是模仿外壳，而是学习别人如何组织受众、信息、证据和行动。执行时只把它当作建立熟悉感和互相信任的入口，不把对方当作被推进的对象。,每周拆 5 条同领域和跨领域内容，记录钩子、结构、证据、CTA、视觉。；只提炼结构，不复制具体表达和创意资产。；把可迁移结构放入选题库，用自己的对方语言重写。；边界要求：必须真实透明、尊重对方选择；不伪装身份、不套取隐私、不制造虚假亲密或焦虑，对方冷淡、拒绝或沉默时停止推进。,案例拆解数；迁移后内容表现；原创度审查通过率；对方主动回应率；重复互动率,案例拆解；swipe file；内容学习；结构；认识陌生人；成为朋友；建立信任；真诚互动,IGS-S8-09；IGS-S9-02；IGS-S1-07,cards/IGS-S9-08.md,用于在社交平台上认识合适的陌生人，通过公开互动、真诚倾听和小范围互助，逐步成为朋友并赢得长期信任。,必须真实透明、尊重对方选择；不伪装身份、不套取隐私、不制造虚假亲密或焦虑，对方冷淡、拒绝或沉默时停止推进。
IGS-S9-09,季度更新完整 Instagram 策略,S9,学习提升策略,建立长期朋友关系；形成可信专业感；发现合适陌生人,Bio 策略；Reels 策略；社群/圈层策略,提升专业感；提升持续关注理由；提升安全感,SPROUT_INSTAGRAM_STRATEGY；HOOTSUITE_INSTAGRAM_RESOURCES；THIS_IS_MARKETING,学习提升要服务更真诚、更稳定的关系能力，而不是堆技巧。策略不是一次性文件；对方、平台和关系目标变化后，需要回到定位和数据重新选择。执行时只把它当作建立熟悉感和互相信任的入口，不把对方当作被推进的对象。,每季度复盘定位、内容支柱、主页、小资源、互动、私信和数据。；保留有效资产，停止低质量高消耗动作。；为下一季度设置一个主目标、两个辅助目标和三项关键实验。；边界要求：必须真实透明、尊重对方选择；不伪装身份、不套取隐私、不制造虚假亲密或焦虑，对方冷淡、拒绝或沉默时停止推进。,季度目标达成率；停止动作数量；关键实验完成率；对方主动回应率；重复互动率,季度复盘；策略更新；Instagram 策略；长期运营；认识陌生人；成为朋友；建立信任；真诚互动,IGS-S8-09；IGS-S9-02,cards/IGS-S9-09.md,用于在社交平台上认识合适的陌生人，通过公开互动、真诚倾听和小范围互助，逐步成为朋友并赢得长期信任。,必须真实透明、尊重对方选择；不伪装身份、不套取隐私、不制造虚假亲密或焦虑，对方冷淡、拒绝或沉默时停止推进。
IGS-S1-G01,新认识的人来源画像,S1,陌生人画像与边界策略,降低陌生防备；形成可信专业感,Bio 策略；社群/圈层策略,提升被理解感；降低陌生感,THIS_IS_MARKETING；GOOGLE_SKILLSHOP_DIGITAL_MARKETING,这条策略先帮你判断哪些陌生人值得认识、从什么共同语境开始互动。新关注来自 Reels 推荐、搜索、评论区或朋友转发时，定位要落到对方语言、情境和行动能力，而不是只写年龄、职业或兴趣；“新认识的人来源画像”的作用是把这个判断变成一个可执行、可观察、可复盘的动作。执行时只把它当作建立熟悉感和互相信任的入口，不把对方当作被推进的对象。,触发条件：新关注来自 Reels 推荐、搜索、评论区或朋友转发时。；具体动作：在对方记录里标注来源，并为每个来源写一句不同的欢迎语。；落地要求：沉淀到想认识的人画像、语言库或选题库里，并在下一轮内容中使用。；边界要求：必须真实透明、尊重对方选择；不伪装身份、不套取隐私、不制造虚假亲密或焦虑，对方冷淡、拒绝或沉默时停止推进。,新认识的人来源画像执行次数；相关内容互动率；后续对话或行动率；对方主动回应率；重复互动率,新认识的人来源画像；新关注来自 Reels 推荐、搜索、评论区或朋友转发；在对方记录里标注来源，并为每个来源写；陌生人画像与边界策略；认识陌生人；成为朋友；建立信任；真诚互动,IGS-S2-01；IGS-S1-G16,cards/IGS-S1-G01.md,用于在社交平台上认识合适的陌生人，通过公开互动、真诚倾听和小范围互助，逐步成为朋友并赢得长期信任。,必须真实透明、尊重对方选择；不伪装身份、不套取隐私、不制造虚假亲密或焦虑，对方冷淡、拒绝或沉默时停止推进。
IGS-S1-G02,三层痛点地图,S1,陌生人画像与边界策略,开启私信对话；提升主页可信感,Story 策略；私信策略,提升安全感；降低怀疑感,GOOGLE_SKILLSHOP_DIGITAL_MARKETING；CXL_INSTITUTE,这条策略先帮你判断哪些陌生人值得认识、从什么共同语境开始互动。对方表达的问题停留在表面症状时，定位要落到对方语言、情境和行动能力，而不是只写年龄、职业或兴趣；“三层痛点地图”的作用是把这个判断变成一个可执行、可观察、可复盘的动作。执行时只把它当作建立熟悉感和互相信任的入口，不把对方当作被推进的对象。,触发条件：对方表达的问题停留在表面症状时。；具体动作：把痛点拆成外显问题、隐藏焦虑、真正想要的结果。；落地要求：沉淀到想认识的人画像、语言库或选题库里，并在下一轮内容中使用。；边界要求：必须真实透明、尊重对方选择；不伪装身份、不套取隐私、不制造虚假亲密或焦虑，对方冷淡、拒绝或沉默时停止推进。,三层痛点地图执行次数；相关内容互动率；后续对话或行动率；对方主动回应率；重复互动率,三层痛点地图；对方表达的问题停留在表面症状；把痛点拆成外显问题、隐藏焦虑、真正想；陌生人画像与边界策略；认识陌生人；成为朋友；建立信任；真诚互动,IGS-S2-09；IGS-S1-G17,cards/IGS-S1-G02.md,用于在社交平台上认识合适的陌生人，通过公开互动、真诚倾听和小范围互助，逐步成为朋友并赢得长期信任。,必须真实透明、尊重对方选择；不伪装身份、不套取隐私、不制造虚假亲密或焦虑，对方冷淡、拒绝或沉默时停止推进。
IGS-S1-G03,反画像排除,S1,陌生人画像与边界策略,开启自然互动；建立长期朋友关系,Carousel 策略；评论策略,提升参与感；提升持续关注理由,CXL_INSTITUTE；HBR_BETTER_LISTENER,这条策略先帮你判断哪些陌生人值得认识、从什么共同语境开始互动。账号想服务所有人导致表达发散时，定位要落到对方语言、情境和行动能力，而不是只写年龄、职业或兴趣；“反画像排除”的作用是把这个判断变成一个可执行、可观察、可复盘的动作。执行时只把它当作建立熟悉感和互相信任的入口，不把对方当作被推进的对象。,触发条件：账号想服务所有人导致表达发散时。；具体动作：写清楚不想认识谁、能帮谁、不解决什么问题、不承诺什么结果。；落地要求：沉淀到想认识的人画像、语言库或选题库里，并在下一轮内容中使用。；边界要求：必须真实透明、尊重对方选择；不伪装身份、不套取隐私、不制造虚假亲密或焦虑，对方冷淡、拒绝或沉默时停止推进。,反画像排除执行次数；相关内容互动率；后续对话或行动率；对方主动回应率；重复互动率,反画像排除；账号想服务所有人导致表达发散；写清楚不想认识谁、能帮谁、不解决什么问题、不承；陌生人画像与边界策略；认识陌生人；成为朋友；建立信任；真诚互动,IGS-S2-08；IGS-S1-G18,cards/IGS-S1-G03.md,用于在社交平台上认识合适的陌生人，通过公开互动、真诚倾听和小范围互助，逐步成为朋友并赢得长期信任。,必须真实透明、尊重对方选择；不伪装身份、不套取隐私、不制造虚假亲密或焦虑，对方冷淡、拒绝或沉默时停止推进。
IGS-S1-G04,小众人群用语扫描,S1,陌生人画像与边界策略,降低陌生防备；形成可信专业感,Bio 策略；社群/圈层策略,提升被理解感；降低陌生感,HBR_BETTER_LISTENER；CNVC_FEELINGS_NEEDS,这条策略先帮你判断哪些陌生人值得认识、从什么共同语境开始互动。文案听起来像账号自嗨时，定位要落到对方语言、情境和行动能力，而不是只写年龄、职业或兴趣；“小众人群用语扫描”的作用是把这个判断变成一个可执行、可观察、可复盘的动作。执行时只把它当作建立熟悉感和互相信任的入口，不把对方当作被推进的对象。,触发条件：文案听起来像账号自嗨时。；具体动作：从评论、私信和竞品评论区收集 30 句对方原话。；落地要求：沉淀到想认识的人画像、语言库或选题库里，并在下一轮内容中使用。；边界要求：必须真实透明、尊重对方选择；不伪装身份、不套取隐私、不制造虚假亲密或焦虑，对方冷淡、拒绝或沉默时停止推进。,小众人群用语扫描执行次数；相关内容互动率；后续对话或行动率；对方主动回应率；重复互动率,小众人群用语扫描；文案听起来像账号自嗨；从评论、私信和竞品评论区收集 30 ；陌生人画像与边界策略；认识陌生人；成为朋友；建立信任；真诚互动,IGS-S2-01；IGS-S1-G19,cards/IGS-S1-G04.md,用于在社交平台上认识合适的陌生人，通过公开互动、真诚倾听和小范围互助，逐步成为朋友并赢得长期信任。,必须真实透明、尊重对方选择；不伪装身份、不套取隐私、不制造虚假亲密或焦虑，对方冷淡、拒绝或沉默时停止推进。
IGS-S1-G05,继续互动动机四象限,S1,陌生人画像与边界策略,开启私信对话；提升主页可信感,Story 策略；私信策略,提升安全感；降低怀疑感,CNVC_FEELINGS_NEEDS；THIS_IS_MARKETING,这条策略先帮你判断哪些陌生人值得认识、从什么共同语境开始互动。小资源或内容或服务吸引到大量低意向对方时，定位要落到对方语言、情境和行动能力，而不是只写年龄、职业或兴趣；“继续互动动机四象限”的作用是把这个判断变成一个可执行、可观察、可复盘的动作。执行时只把它当作建立熟悉感和互相信任的入口，不把对方当作被推进的对象。,触发条件：小资源或内容或服务吸引到大量低意向对方时。；具体动作：按省时间、省钱、被认可、少犯错四类标注动机。；落地要求：沉淀到想认识的人画像、语言库或选题库里，并在下一轮内容中使用。；边界要求：必须真实透明、尊重对方选择；不伪装身份、不套取隐私、不制造虚假亲密或焦虑，对方冷淡、拒绝或沉默时停止推进。,继续互动动机四象限执行次数；相关内容互动率；后续对话或行动率；对方主动回应率；重复互动率,继续互动动机四象限；小资源或内容或服务吸引到大量低意向对方；按省时间、省钱、被认可、少犯错四类标；陌生人画像与边界策略；认识陌生人；成为朋友；建立信任；真诚互动,IGS-S2-09；IGS-S1-G20,cards/IGS-S1-G05.md,用于在社交平台上认识合适的陌生人，通过公开互动、真诚倾听和小范围互助，逐步成为朋友并赢得长期信任。,必须真实透明、尊重对方选择；不伪装身份、不套取隐私、不制造虚假亲密或焦虑，对方冷淡、拒绝或沉默时停止推进。
IGS-S1-G06,内容成熟度分层,S1,陌生人画像与边界策略,开启自然互动；建立长期朋友关系,Carousel 策略；评论策略,提升参与感；提升持续关注理由,THIS_IS_MARKETING；GOOGLE_SKILLSHOP_DIGITAL_MARKETING,这条策略先帮你判断哪些陌生人值得认识、从什么共同语境开始互动。同一条教程让新手看不懂、高手嫌浅时，定位要落到对方语言、情境和行动能力，而不是只写年龄、职业或兴趣；“内容成熟度分层”的作用是把这个判断变成一个可执行、可观察、可复盘的动作。执行时只把它当作建立熟悉感和互相信任的入口，不把对方当作被推进的对象。,触发条件：同一条教程让新手看不懂、高手嫌浅时。；具体动作：把对方分为入门、执行、优化、放大四层并分别写选题。；落地要求：沉淀到想认识的人画像、语言库或选题库里，并在下一轮内容中使用。；边界要求：必须真实透明、尊重对方选择；不伪装身份、不套取隐私、不制造虚假亲密或焦虑，对方冷淡、拒绝或沉默时停止推进。,内容成熟度分层执行次数；相关内容互动率；后续对话或行动率；对方主动回应率；重复互动率,内容成熟度分层；同一条教程让新手看不懂、高手嫌浅；把对方分为入门、执行、优化、放大四层；陌生人画像与边界策略；认识陌生人；成为朋友；建立信任；真诚互动,IGS-S2-08；IGS-S1-G21,cards/IGS-S1-G06.md,用于在社交平台上认识合适的陌生人，通过公开互动、真诚倾听和小范围互助，逐步成为朋友并赢得长期信任。,必须真实透明、尊重对方选择；不伪装身份、不套取隐私、不制造虚假亲密或焦虑，对方冷淡、拒绝或沉默时停止推进。
IGS-S1-G07,常见误解标签,S1,陌生人画像与边界策略,降低陌生防备；形成可信专业感,Bio 策略；社群/圈层策略,提升被理解感；降低陌生感,GOOGLE_SKILLSHOP_DIGITAL_MARKETING；CXL_INSTITUTE,这条策略先帮你判断哪些陌生人值得认识、从什么共同语境开始互动。对方反复问同一个基础误解时，定位要落到对方语言、情境和行动能力，而不是只写年龄、职业或兴趣；“常见误解标签”的作用是把这个判断变成一个可执行、可观察、可复盘的动作。执行时只把它当作建立熟悉感和互相信任的入口，不把对方当作被推进的对象。,触发条件：对方反复问同一个基础误解时。；具体动作：为误解建标签并做成 FAQ、置顶帖和私信快捷回复。；落地要求：沉淀到想认识的人画像、语言库或选题库里，并在下一轮内容中使用。；边界要求：必须真实透明、尊重对方选择；不伪装身份、不套取隐私、不制造虚假亲密或焦虑，对方冷淡、拒绝或沉默时停止推进。,常见误解标签执行次数；相关内容互动率；后续对话或行动率；对方主动回应率；重复互动率,常见误解标签；对方反复问同一个基础误解；为误解建标签并做成 FAQ、置顶帖和；陌生人画像与边界策略；认识陌生人；成为朋友；建立信任；真诚互动,IGS-S2-01；IGS-S1-G22,cards/IGS-S1-G07.md,用于在社交平台上认识合适的陌生人，通过公开互动、真诚倾听和小范围互助，逐步成为朋友并赢得长期信任。,必须真实透明、尊重对方选择；不伪装身份、不套取隐私、不制造虚假亲密或焦虑，对方冷淡、拒绝或沉默时停止推进。
IGS-S1-G08,关键人生事件入口,S1,陌生人画像与边界策略,开启私信对话；提升主页可信感,Story 策略；私信策略,提升安全感；降低怀疑感,CXL_INSTITUTE；HBR_BETTER_LISTENER,这条策略先帮你判断哪些陌生人值得认识、从什么共同语境开始互动。想认识的人只有模糊画像时，定位要落到对方语言、情境和行动能力，而不是只写年龄、职业或兴趣；“关键人生事件入口”的作用是把这个判断变成一个可执行、可观察、可复盘的动作。执行时只把它当作建立熟悉感和互相信任的入口，不把对方当作被推进的对象。,触发条件：想认识的人只有模糊画像时。；具体动作：找出他们最可能需要你的三个事件节点并围绕节点写内容。；落地要求：沉淀到想认识的人画像、语言库或选题库里，并在下一轮内容中使用。；边界要求：必须真实透明、尊重对方选择；不伪装身份、不套取隐私、不制造虚假亲密或焦虑，对方冷淡、拒绝或沉默时停止推进。,关键人生事件入口执行次数；相关内容互动率；后续对话或行动率；对方主动回应率；重复互动率,关键人生事件入口；想认识的人只有模糊画像；找出他们最可能需要你的三个事件节点并；陌生人画像与边界策略；认识陌生人；成为朋友；建立信任；真诚互动,IGS-S2-09；IGS-S1-G23,cards/IGS-S1-G08.md,用于在社交平台上认识合适的陌生人，通过公开互动、真诚倾听和小范围互助，逐步成为朋友并赢得长期信任。,必须真实透明、尊重对方选择；不伪装身份、不套取隐私、不制造虚假亲密或焦虑，对方冷淡、拒绝或沉默时停止推进。
IGS-S1-G09,关注前疑虑清单,S1,陌生人画像与边界策略,开启自然互动；建立长期朋友关系,Carousel 策略；评论策略,提升参与感；提升持续关注理由,HBR_BETTER_LISTENER；CNVC_FEELINGS_NEEDS,这条策略先帮你判断哪些陌生人值得认识、从什么共同语境开始互动。主页访问多但关注少时，定位要落到对方语言、情境和行动能力，而不是只写年龄、职业或兴趣；“关注前疑虑清单”的作用是把这个判断变成一个可执行、可观察、可复盘的动作。执行时只把它当作建立熟悉感和互相信任的入口，不把对方当作被推进的对象。,触发条件：主页访问多但关注少时。；具体动作：列出对方关注前的五个担心并逐一放到 Bio、置顶和 Highlight。；落地要求：沉淀到想认识的人画像、语言库或选题库里，并在下一轮内容中使用。；边界要求：必须真实透明、尊重对方选择；不伪装身份、不套取隐私、不制造虚假亲密或焦虑，对方冷淡、拒绝或沉默时停止推进。,关注前疑虑清单执行次数；相关内容互动率；后续对话或行动率；对方主动回应率；重复互动率,关注前疑虑清单；主页访问多但关注少；列出对方关注前的五个担心并逐一放到 ；陌生人画像与边界策略；认识陌生人；成为朋友；建立信任；真诚互动,IGS-S2-08；IGS-S1-G24,cards/IGS-S1-G09.md,用于在社交平台上认识合适的陌生人，通过公开互动、真诚倾听和小范围互助，逐步成为朋友并赢得长期信任。,必须真实透明、尊重对方选择；不伪装身份、不套取隐私、不制造虚假亲密或焦虑，对方冷淡、拒绝或沉默时停止推进。
IGS-S1-G10,同温层账号列表,S1,陌生人画像与边界策略,降低陌生防备；形成可信专业感,Bio 策略；社群/圈层策略,提升被理解感；降低陌生感,CNVC_FEELINGS_NEEDS；THIS_IS_MARKETING,这条策略先帮你判断哪些陌生人值得认识、从什么共同语境开始互动。主动互动不知道去哪找人时，定位要落到对方语言、情境和行动能力，而不是只写年龄、职业或兴趣；“同温层账号列表”的作用是把这个判断变成一个可执行、可观察、可复盘的动作。执行时只把它当作建立熟悉感和互相信任的入口，不把对方当作被推进的对象。,触发条件：主动互动不知道去哪找人时。；具体动作：建立 50 个受众重合账号清单，按互动质量排序。；落地要求：沉淀到想认识的人画像、语言库或选题库里，并在下一轮内容中使用。；边界要求：必须真实透明、尊重对方选择；不伪装身份、不套取隐私、不制造虚假亲密或焦虑，对方冷淡、拒绝或沉默时停止推进。,同温层账号列表执行次数；相关内容互动率；后续对话或行动率；对方主动回应率；重复互动率,同温层账号列表；主动互动不知道去哪找人；建立 50 个受众重合账号清单，按互；陌生人画像与边界策略；认识陌生人；成为朋友；建立信任；真诚互动,IGS-S2-01；IGS-S1-G19,cards/IGS-S1-G10.md,用于在社交平台上认识合适的陌生人，通过公开互动、真诚倾听和小范围互助，逐步成为朋友并赢得长期信任。,必须真实透明、尊重对方选择；不伪装身份、不套取隐私、不制造虚假亲密或焦虑，对方冷淡、拒绝或沉默时停止推进。
IGS-S1-G11,竞品评论高频词,S1,陌生人画像与边界策略,开启私信对话；提升主页可信感,Story 策略；私信策略,提升安全感；降低怀疑感,THIS_IS_MARKETING；GOOGLE_SKILLSHOP_DIGITAL_MARKETING,这条策略先帮你判断哪些陌生人值得认识、从什么共同语境开始互动。选题靠猜导致命中率不稳时，定位要落到对方语言、情境和行动能力，而不是只写年龄、职业或兴趣；“竞品评论高频词”的作用是把这个判断变成一个可执行、可观察、可复盘的动作。执行时只把它当作建立熟悉感和互相信任的入口，不把对方当作被推进的对象。,触发条件：选题靠猜导致命中率不稳时。；具体动作：每周抓取竞品评论中的高频名词、动词和情绪词。；落地要求：沉淀到想认识的人画像、语言库或选题库里，并在下一轮内容中使用。；边界要求：必须真实透明、尊重对方选择；不伪装身份、不套取隐私、不制造虚假亲密或焦虑，对方冷淡、拒绝或沉默时停止推进。,竞品评论高频词执行次数；相关内容互动率；后续对话或行动率；对方主动回应率；重复互动率,竞品评论高频词；选题靠猜导致命中率不稳；每周抓取竞品评论中的高频名词、动词和；陌生人画像与边界策略；认识陌生人；成为朋友；建立信任；真诚互动,IGS-S2-09；IGS-S1-G20,cards/IGS-S1-G11.md,用于在社交平台上认识合适的陌生人，通过公开互动、真诚倾听和小范围互助，逐步成为朋友并赢得长期信任。,必须真实透明、尊重对方选择；不伪装身份、不套取隐私、不制造虚假亲密或焦虑，对方冷淡、拒绝或沉默时停止推进。
IGS-S1-G12,私信意图分类,S1,陌生人画像与边界策略,开启自然互动；建立长期朋友关系,Carousel 策略；评论策略,提升参与感；提升持续关注理由,GOOGLE_SKILLSHOP_DIGITAL_MARKETING；CXL_INSTITUTE,这条策略先帮你判断哪些陌生人值得认识、从什么共同语境开始互动。私信多但后续对话质量参差时，定位要落到对方语言、情境和行动能力，而不是只写年龄、职业或兴趣；“私信意图分类”的作用是把这个判断变成一个可执行、可观察、可复盘的动作。执行时只把它当作建立熟悉感和互相信任的入口，不把对方当作被推进的对象。,触发条件：私信多但后续对话质量参差时。；具体动作：把私信分成求小资源、求建议、求证明、求进一步交流、求安慰五类。；落地要求：沉淀到想认识的人画像、语言库或选题库里，并在下一轮内容中使用。；边界要求：必须真实透明、尊重对方选择；不伪装身份、不套取隐私、不制造虚假亲密或焦虑，对方冷淡、拒绝或沉默时停止推进。,私信意图分类执行次数；相关内容互动率；后续对话或行动率；对方主动回应率；重复互动率,私信意图分类；私信多但后续对话质量参差；把私信分成求小资源、求建议、求证明、求；陌生人画像与边界策略；认识陌生人；成为朋友；建立信任；真诚互动,IGS-S2-08；IGS-S1-G21,cards/IGS-S1-G12.md,用于在社交平台上认识合适的陌生人，通过公开互动、真诚倾听和小范围互助，逐步成为朋友并赢得长期信任。,必须真实透明、尊重对方选择；不伪装身份、不套取隐私、不制造虚假亲密或焦虑，对方冷淡、拒绝或沉默时停止推进。
IGS-S1-G13,对方成功定义,S1,陌生人画像与边界策略,降低陌生防备；形成可信专业感,Bio 策略；社群/圈层策略,提升被理解感；降低陌生感,CXL_INSTITUTE；HBR_BETTER_LISTENER,这条策略先帮你判断哪些陌生人值得认识、从什么共同语境开始互动。内容指标好但对方不知道下一步价值时，定位要落到对方语言、情境和行动能力，而不是只写年龄、职业或兴趣；“对方成功定义”的作用是把这个判断变成一个可执行、可观察、可复盘的动作。执行时只把它当作建立熟悉感和互相信任的入口，不把对方当作被推进的对象。,触发条件：内容指标好但对方不知道下一步价值时。；具体动作：让对方用自己的话定义什么叫成功，再反写内容承诺。；落地要求：沉淀到想认识的人画像、语言库或选题库里，并在下一轮内容中使用。；边界要求：必须真实透明、尊重对方选择；不伪装身份、不套取隐私、不制造虚假亲密或焦虑，对方冷淡、拒绝或沉默时停止推进。,对方成功定义执行次数；相关内容互动率；后续对话或行动率；对方主动回应率；重复互动率,对方成功定义；内容指标好但对方不知道下一步价值；让对方用自己的话定义什么叫成功，再反；陌生人画像与边界策略；认识陌生人；成为朋友；建立信任；真诚互动,IGS-S2-01；IGS-S1-G22,cards/IGS-S1-G13.md,用于在社交平台上认识合适的陌生人，通过公开互动、真诚倾听和小范围互助，逐步成为朋友并赢得长期信任。,必须真实透明、尊重对方选择；不伪装身份、不套取隐私、不制造虚假亲密或焦虑，对方冷淡、拒绝或沉默时停止推进。
IGS-S1-G14,禁忌话题边界,S1,陌生人画像与边界策略,开启私信对话；提升主页可信感,Story 策略；私信策略,提升安全感；降低怀疑感,HBR_BETTER_LISTENER；CNVC_FEELINGS_NEEDS,这条策略先帮你判断哪些陌生人值得认识、从什么共同语境开始互动。账号容易引发无效争议时，定位要落到对方语言、情境和行动能力，而不是只写年龄、职业或兴趣；“禁忌话题边界”的作用是把这个判断变成一个可执行、可观察、可复盘的动作。执行时只把它当作建立熟悉感和互相信任的入口，不把对方当作被推进的对象。,触发条件：账号容易引发无效争议时。；具体动作：列出不公开讨论、只私下讨论、可以公开教育的边界。；落地要求：沉淀到想认识的人画像、语言库或选题库里，并在下一轮内容中使用。；边界要求：必须真实透明、尊重对方选择；不伪装身份、不套取隐私、不制造虚假亲密或焦虑，对方冷淡、拒绝或沉默时停止推进。,禁忌话题边界执行次数；相关内容互动率；后续对话或行动率；对方主动回应率；重复互动率,禁忌话题边界；账号容易引发无效争议；列出不公开讨论、只私下讨论、可以公开；陌生人画像与边界策略；认识陌生人；成为朋友；建立信任；真诚互动,IGS-S2-09；IGS-S1-G23,cards/IGS-S1-G14.md,用于在社交平台上认识合适的陌生人，通过公开互动、真诚倾听和小范围互助，逐步成为朋友并赢得长期信任。,必须真实透明、尊重对方选择；不伪装身份、不套取隐私、不制造虚假亲密或焦虑，对方冷淡、拒绝或沉默时停止推进。
IGS-S1-G15,低门槛行动能力评估,S1,陌生人画像与边界策略,开启自然互动；建立长期朋友关系,Carousel 策略；评论策略,提升参与感；提升持续关注理由,CNVC_FEELINGS_NEEDS；THIS_IS_MARKETING,这条策略先帮你判断哪些陌生人值得认识、从什么共同语境开始互动。CTA 过大导致对方不行动时，定位要落到对方语言、情境和行动能力，而不是只写年龄、职业或兴趣；“低门槛行动能力评估”的作用是把这个判断变成一个可执行、可观察、可复盘的动作。执行时只把它当作建立熟悉感和互相信任的入口，不把对方当作被推进的对象。,触发条件：CTA 过大导致对方不行动时。；具体动作：判断想认识的人现在能否完成评论、保存、私信、填写表单四种动作。；落地要求：沉淀到想认识的人画像、语言库或选题库里，并在下一轮内容中使用。；边界要求：必须真实透明、尊重对方选择；不伪装身份、不套取隐私、不制造虚假亲密或焦虑，对方冷淡、拒绝或沉默时停止推进。,低门槛行动能力评估执行次数；相关内容互动率；后续对话或行动率；对方主动回应率；重复互动率,低门槛行动能力评估；CTA 过大导致对方不行动；判断想认识的人现在能否完成评论、保存、；陌生人画像与边界策略；认识陌生人；成为朋友；建立信任；真诚互动,IGS-S2-08；IGS-S1-G24,cards/IGS-S1-G15.md,用于在社交平台上认识合适的陌生人，通过公开互动、真诚倾听和小范围互助，逐步成为朋友并赢得长期信任。,必须真实透明、尊重对方选择；不伪装身份、不套取隐私、不制造虚假亲密或焦虑，对方冷淡、拒绝或沉默时停止推进。
IGS-S1-G16,受众作息窗口,S1,陌生人画像与边界策略,降低陌生防备；形成可信专业感,Bio 策略；社群/圈层策略,提升被理解感；降低陌生感,THIS_IS_MARKETING；GOOGLE_SKILLSHOP_DIGITAL_MARKETING,这条策略先帮你判断哪些陌生人值得认识、从什么共同语境开始互动。发布时间只按通用建议时，定位要落到对方语言、情境和行动能力，而不是只写年龄、职业或兴趣；“受众作息窗口”的作用是把这个判断变成一个可执行、可观察、可复盘的动作。执行时只把它当作建立熟悉感和互相信任的入口，不把对方当作被推进的对象。,触发条件：发布时间只按通用建议时。；具体动作：用 Story 投票和 Insights 找到想认识的人真实在线情境。；落地要求：沉淀到想认识的人画像、语言库或选题库里，并在下一轮内容中使用。；边界要求：必须真实透明、尊重对方选择；不伪装身份、不套取隐私、不制造虚假亲密或焦虑，对方冷淡、拒绝或沉默时停止推进。,受众作息窗口执行次数；相关内容互动率；后续对话或行动率；对方主动回应率；重复互动率,受众作息窗口；发布；用 Story 投票和 Insigh；陌生人画像与边界策略；认识陌生人；成为朋友；建立信任；真诚互动,IGS-S2-01；IGS-S1-G01,cards/IGS-S1-G16.md,用于在社交平台上认识合适的陌生人，通过公开互动、真诚倾听和小范围互助，逐步成为朋友并赢得长期信任。,必须真实透明、尊重对方选择；不伪装身份、不套取隐私、不制造虚假亲密或焦虑，对方冷淡、拒绝或沉默时停止推进。
IGS-S1-G17,本地/全球语境拆分,S1,陌生人画像与边界策略,开启私信对话；提升主页可信感,Story 策略；私信策略,提升安全感；降低怀疑感,GOOGLE_SKILLSHOP_DIGITAL_MARKETING；CXL_INSTITUTE,这条策略先帮你判断哪些陌生人值得认识、从什么共同语境开始互动。内容同时面向本地对方和全球受众时，定位要落到对方语言、情境和行动能力，而不是只写年龄、职业或兴趣；“本地/全球语境拆分”的作用是把这个判断变成一个可执行、可观察、可复盘的动作。执行时只把它当作建立熟悉感和互相信任的入口，不把对方当作被推进的对象。,触发条件：内容同时面向本地对方和全球受众时。；具体动作：把地理位置、语言、投入边界、案例证据分开表达。；落地要求：沉淀到想认识的人画像、语言库或选题库里，并在下一轮内容中使用。；边界要求：必须真实透明、尊重对方选择；不伪装身份、不套取隐私、不制造虚假亲密或焦虑，对方冷淡、拒绝或沉默时停止推进。,本地/全球语境拆分执行次数；相关内容互动率；后续对话或行动率；对方主动回应率；重复互动率,本地/全球语境拆分；内容同；把地理位置、语言、投入边界、案例证据分开；陌生人画像与边界策略；认识陌生人；成为朋友；建立信任；真诚互动,IGS-S2-09；IGS-S1-G02,cards/IGS-S1-G17.md,用于在社交平台上认识合适的陌生人，通过公开互动、真诚倾听和小范围互助，逐步成为朋友并赢得长期信任。,必须真实透明、尊重对方选择；不伪装身份、不套取隐私、不制造虚假亲密或焦虑，对方冷淡、拒绝或沉默时停止推进。
IGS-S1-G18,预算敏感度分层,S1,陌生人画像与边界策略,开启自然互动；建立长期朋友关系,Carousel 策略；评论策略,提升参与感；提升持续关注理由,CXL_INSTITUTE；HBR_BETTER_LISTENER,这条策略先帮你判断哪些陌生人值得认识、从什么共同语境开始互动。对方一问投入边界就消失时，定位要落到对方语言、情境和行动能力，而不是只写年龄、职业或兴趣；“预算敏感度分层”的作用是把这个判断变成一个可执行、可观察、可复盘的动作。执行时只把它当作建立熟悉感和互相信任的入口，不把对方当作被推进的对象。,触发条件：对方一问投入边界就消失时。；具体动作：把受众按免费探索、低价试用、正式继续互动、长期合作分层。；落地要求：沉淀到想认识的人画像、语言库或选题库里，并在下一轮内容中使用。；边界要求：必须真实透明、尊重对方选择；不伪装身份、不套取隐私、不制造虚假亲密或焦虑，对方冷淡、拒绝或沉默时停止推进。,预算敏感度分层执行次数；相关内容互动率；后续对话或行动率；对方主动回应率；重复互动率,预算敏感度分层；对方一问投入边界就消失；把受众按免费探索、低价试用、正式继续互动；陌生人画像与边界策略；认识陌生人；成为朋友；建立信任；真诚互动,IGS-S2-08；IGS-S1-G03,cards/IGS-S1-G18.md,用于在社交平台上认识合适的陌生人，通过公开互动、真诚倾听和小范围互助，逐步成为朋友并赢得长期信任。,必须真实透明、尊重对方选择；不伪装身份、不套取隐私、不制造虚假亲密或焦虑，对方冷淡、拒绝或沉默时停止推进。
IGS-S1-G19,角色冲突卡,S1,陌生人画像与边界策略,降低陌生防备；形成可信专业感,Bio 策略；社群/圈层策略,提升被理解感；降低陌生感,HBR_BETTER_LISTENER；CNVC_FEELINGS_NEEDS,这条策略先帮你判断哪些陌生人值得认识、从什么共同语境开始互动。对方想行动但一直拖延时，定位要落到对方语言、情境和行动能力，而不是只写年龄、职业或兴趣；“角色冲突卡”的作用是把这个判断变成一个可执行、可观察、可复盘的动作。执行时只把它当作建立熟悉感和互相信任的入口，不把对方当作被推进的对象。,触发条件：对方想行动但一直拖延时。；具体动作：记录他同时扮演的身份冲突，例如妈妈、创业者、员工、学习者。；落地要求：沉淀到想认识的人画像、语言库或选题库里，并在下一轮内容中使用。；边界要求：必须真实透明、尊重对方选择；不伪装身份、不套取隐私、不制造虚假亲密或焦虑，对方冷淡、拒绝或沉默时停止推进。,角色冲突卡执行次数；相关内容互动率；后续对话或行动率；对方主动回应率；重复互动率,角色冲突卡；对方想行动但一直拖延；记录他同时扮演的身份冲突，例如妈妈、；陌生人画像与边界策略；认识陌生人；成为朋友；建立信任；真诚互动,IGS-S2-01；IGS-S1-G04,cards/IGS-S1-G19.md,用于在社交平台上认识合适的陌生人，通过公开互动、真诚倾听和小范围互助，逐步成为朋友并赢得长期信任。,必须真实透明、尊重对方选择；不伪装身份、不套取隐私、不制造虚假亲密或焦虑，对方冷淡、拒绝或沉默时停止推进。
IGS-S1-G20,触发物列表,S1,陌生人画像与边界策略,开启私信对话；提升主页可信感,Story 策略；私信策略,提升安全感；降低怀疑感,CNVC_FEELINGS_NEEDS；THIS_IS_MARKETING,这条策略先帮你判断哪些陌生人值得认识、从什么共同语境开始互动。内容缺少可持续记忆点时，定位要落到对方语言、情境和行动能力，而不是只写年龄、职业或兴趣；“触发物列表”的作用是把这个判断变成一个可执行、可观察、可复盘的动作。执行时只把它当作建立熟悉感和互相信任的入口，不把对方当作被推进的对象。,触发条件：内容缺少可持续记忆点时。；具体动作：列出对方每天会遇到的触发物，并把内容绑定到这些场景。；落地要求：沉淀到想认识的人画像、语言库或选题库里，并在下一轮内容中使用。；边界要求：必须真实透明、尊重对方选择；不伪装身份、不套取隐私、不制造虚假亲密或焦虑，对方冷淡、拒绝或沉默时停止推进。,触发物列表执行次数；相关内容互动率；后续对话或行动率；对方主动回应率；重复互动率,触发物列表；内容缺少可持续记忆点；列出对方每天会遇到的触发物，并把内容；陌生人画像与边界策略；认识陌生人；成为朋友；建立信任；真诚互动,IGS-S2-09；IGS-S1-G05,cards/IGS-S1-G20.md,用于在社交平台上认识合适的陌生人，通过公开互动、真诚倾听和小范围互助，逐步成为朋友并赢得长期信任。,必须真实透明、尊重对方选择；不伪装身份、不套取隐私、不制造虚假亲密或焦虑，对方冷淡、拒绝或沉默时停止推进。
IGS-S1-G21,对方自称词库,S1,陌生人画像与边界策略,开启自然互动；建立长期朋友关系,Carousel 策略；评论策略,提升参与感；提升持续关注理由,THIS_IS_MARKETING；GOOGLE_SKILLSHOP_DIGITAL_MARKETING,这条策略先帮你判断哪些陌生人值得认识、从什么共同语境开始互动。账号称呼让对方觉得被标签化时，定位要落到对方语言、情境和行动能力，而不是只写年龄、职业或兴趣；“对方自称词库”的作用是把这个判断变成一个可执行、可观察、可复盘的动作。执行时只把它当作建立熟悉感和互相信任的入口，不把对方当作被推进的对象。,触发条件：账号称呼让对方觉得被标签化时。；具体动作：记录对方如何称呼自己，而不是团队替他们命名。；落地要求：沉淀到想认识的人画像、语言库或选题库里，并在下一轮内容中使用。；边界要求：必须真实透明、尊重对方选择；不伪装身份、不套取隐私、不制造虚假亲密或焦虑，对方冷淡、拒绝或沉默时停止推进。,对方自称词库执行次数；相关内容互动率；后续对话或行动率；对方主动回应率；重复互动率,对方自称词库；账号称呼让对方觉得被标签化；记录对方如何称呼自己，而不是团队替他；陌生人画像与边界策略；认识陌生人；成为朋友；建立信任；真诚互动,IGS-S2-08；IGS-S1-G06,cards/IGS-S1-G21.md,用于在社交平台上认识合适的陌生人，通过公开互动、真诚倾听和小范围互助，逐步成为朋友并赢得长期信任。,必须真实透明、尊重对方选择；不伪装身份、不套取隐私、不制造虚假亲密或焦虑，对方冷淡、拒绝或沉默时停止推进。
IGS-S1-G22,想认识的人一句话测试,S1,陌生人画像与边界策略,降低陌生防备；形成可信专业感,Bio 策略；社群/圈层策略,提升被理解感；降低陌生感,GOOGLE_SKILLSHOP_DIGITAL_MARKETING；CXL_INSTITUTE,这条策略先帮你判断哪些陌生人值得认识、从什么共同语境开始互动。定位句写完但不确定是否清楚时，定位要落到对方语言、情境和行动能力，而不是只写年龄、职业或兴趣；“想认识的人一句话测试”的作用是把这个判断变成一个可执行、可观察、可复盘的动作。执行时只把它当作建立熟悉感和互相信任的入口，不把对方当作被推进的对象。,触发条件：定位句写完但不确定是否清楚时。；具体动作：把定位发给 5 个陌生人，看他们能否复述你想认识谁、能帮谁。；落地要求：沉淀到想认识的人画像、语言库或选题库里，并在下一轮内容中使用。；边界要求：必须真实透明、尊重对方选择；不伪装身份、不套取隐私、不制造虚假亲密或焦虑，对方冷淡、拒绝或沉默时停止推进。,想认识的人一句话测试执行次数；相关内容互动率；后续对话或行动率；对方主动回应率；重复互动率,想认识的人一句话测试；定位句写完但不确定是否清楚；把定位发给 5 个陌生人，看他们能否；陌生人画像与边界策略；认识陌生人；成为朋友；建立信任；真诚互动,IGS-S2-01；IGS-S1-G07,cards/IGS-S1-G22.md,用于在社交平台上认识合适的陌生人，通过公开互动、真诚倾听和小范围互助，逐步成为朋友并赢得长期信任。,必须真实透明、尊重对方选择；不伪装身份、不套取隐私、不制造虚假亲密或焦虑，对方冷淡、拒绝或沉默时停止推进。
IGS-S1-G23,从 0 到 1 路径图,S1,陌生人画像与边界策略,开启私信对话；提升主页可信感,Story 策略；私信策略,提升安全感；降低怀疑感,CXL_INSTITUTE；HBR_BETTER_LISTENER,这条策略先帮你判断哪些陌生人值得认识、从什么共同语境开始互动。新手对方不知道先做什么时，定位要落到对方语言、情境和行动能力，而不是只写年龄、职业或兴趣；“从 0 到 1 路径图”的作用是把这个判断变成一个可执行、可观察、可复盘的动作。执行时只把它当作建立熟悉感和互相信任的入口，不把对方当作被推进的对象。,触发条件：新手对方不知道先做什么时。；具体动作：画出从第一次看见到第一次完成任务的 6 个微步骤。；落地要求：沉淀到想认识的人画像、语言库或选题库里，并在下一轮内容中使用。；边界要求：必须真实透明、尊重对方选择；不伪装身份、不套取隐私、不制造虚假亲密或焦虑，对方冷淡、拒绝或沉默时停止推进。,从 0 到 1 路径图执行次数；相关内容互动率；后续对话或行动率；对方主动回应率；重复互动率,从 0 到 1 路径图；新手对方不知道先做什么；画出从第一次看见到第一次完成任务的 ；陌生人画像与边界策略；认识陌生人；成为朋友；建立信任；真诚互动,IGS-S2-09；IGS-S1-G08,cards/IGS-S1-G23.md,用于在社交平台上认识合适的陌生人，通过公开互动、真诚倾听和小范围互助，逐步成为朋友并赢得长期信任。,必须真实透明、尊重对方选择；不伪装身份、不套取隐私、不制造虚假亲密或焦虑，对方冷淡、拒绝或沉默时停止推进。
IGS-S1-G24,对方变化证明点,S1,陌生人画像与边界策略,开启自然互动；建立长期朋友关系,Carousel 策略；评论策略,提升参与感；提升持续关注理由,HBR_BETTER_LISTENER；CNVC_FEELINGS_NEEDS,这条策略先帮你判断哪些陌生人值得认识、从什么共同语境开始互动。案例讲得像炫耀时，定位要落到对方语言、情境和行动能力，而不是只写年龄、职业或兴趣；“对方变化证明点”的作用是把这个判断变成一个可执行、可观察、可复盘的动作。执行时只把它当作建立熟悉感和互相信任的入口，不把对方当作被推进的对象。,触发条件：案例讲得像炫耀时。；具体动作：把证明点改成对方前后变化、过程证据和仍需努力的部分。；落地要求：沉淀到想认识的人画像、语言库或选题库里，并在下一轮内容中使用。；边界要求：必须真实透明、尊重对方选择；不伪装身份、不套取隐私、不制造虚假亲密或焦虑，对方冷淡、拒绝或沉默时停止推进。,对方变化证明点执行次数；相关内容互动率；后续对话或行动率；对方主动回应率；重复互动率,对方变化证明点；案例讲得像炫耀；把证明点改成对方前后变化、过程证据和；陌生人画像与边界策略；认识陌生人；成为朋友；建立信任；真诚互动,IGS-S2-08；IGS-S1-G09,cards/IGS-S1-G24.md,用于在社交平台上认识合适的陌生人，通过公开互动、真诚倾听和小范围互助，逐步成为朋友并赢得长期信任。,必须真实透明、尊重对方选择；不伪装身份、不套取隐私、不制造虚假亲密或焦虑，对方冷淡、拒绝或沉默时停止推进。
IGS-S2-G01,Bio 第一行人群锁定,S2,主页可信与安全感策略,提升主页可信感；降低陌生防备,Bio 策略,降低陌生感；提升专业感,HUBSPOT_INSTAGRAM；BUFFER_INSTAGRAM,陌生人点进主页时，会先判断你是否真实、安全、值得回应。对方点进主页 3 秒内无法判断是否相关时，主页要承担陌生人判断风险的任务，每个元素都应该减少一个疑虑；“Bio 第一行人群锁定”的作用是把这个判断变成一个可执行、可观察、可复盘的动作。执行时只把它当作建立熟悉感和互相信任的入口，不把对方当作被推进的对象。,触发条件：对方点进主页 3 秒内无法判断是否相关时。；具体动作：第一行只写具体想认识和能帮助的人，不写抽象愿景。；落地要求：同步更新 Bio、置顶帖、Highlight 或链接页，避免主页信息断层。；边界要求：必须真实透明、尊重对方选择；不伪装身份、不套取隐私、不制造虚假亲密或焦虑，对方冷淡、拒绝或沉默时停止推进。,Bio 第一行人群锁定执行次数；相关内容互动率；后续对话或行动率；对方主动回应率；重复互动率,Bio 第一行人群锁定；对方点进主页 3 秒内无法判断是否相关；第一行只写具体想认识和能帮助的人，不写抽象愿景；主页可信与安全感策略；认识陌生人；成为朋友；建立信任；真诚互动,IGS-S1-G22；IGS-S3-09；IGS-S2-G16,cards/IGS-S2-G01.md,用于在社交平台上认识合适的陌生人，通过公开互动、真诚倾听和小范围互助，逐步成为朋友并赢得长期信任。,必须真实透明、尊重对方选择；不伪装身份、不套取隐私、不制造虚假亲密或焦虑，对方冷淡、拒绝或沉默时停止推进。
IGS-S2-G02,Name 字段关键词化,S2,主页可信与安全感策略,开启私信对话；提供小帮助,Highlights 策略；Bio 策略,降低怀疑感；提升安全感,BUFFER_INSTAGRAM；STORYBRAND,陌生人点进主页时，会先判断你是否真实、安全、值得回应。账号搜索曝光弱时，主页要承担陌生人判断风险的任务，每个元素都应该减少一个疑虑；“Name 字段关键词化”的作用是把这个判断变成一个可执行、可观察、可复盘的动作。执行时只把它当作建立熟悉感和互相信任的入口，不把对方当作被推进的对象。,触发条件：账号搜索曝光弱时。；具体动作：把对方会搜索的品类词放进名称字段。；落地要求：同步更新 Bio、置顶帖、Highlight 或链接页，避免主页信息断层。；边界要求：必须真实透明、尊重对方选择；不伪装身份、不套取隐私、不制造虚假亲密或焦虑，对方冷淡、拒绝或沉默时停止推进。,Name 字段关键词化执行次数；相关内容互动率；后续对话或行动率；对方主动回应率；重复互动率,Name 字段关键词化；账号搜索曝光弱；把对方会搜索的品类词放进名称字段；主页可信与安全感策略；认识陌生人；成为朋友；建立信任；真诚互动,IGS-S1-06；IGS-S3-05；IGS-S2-G17,cards/IGS-S2-G02.md,用于在社交平台上认识合适的陌生人，通过公开互动、真诚倾听和小范围互助，逐步成为朋友并赢得长期信任。,必须真实透明、尊重对方选择；不伪装身份、不套取隐私、不制造虚假亲密或焦虑，对方冷淡、拒绝或沉默时停止推进。
IGS-S2-G03,头像眼神信任测试,S2,主页可信与安全感策略,形成可信专业感；发现合适陌生人,Carousel 策略；Highlights 策略,提升真实感；提升持续关注理由,STORYBRAND；CANVA_SOCIAL_MEDIA_MASTERY,陌生人点进主页时，会先判断你是否真实、安全、值得回应。个人账号头像识别度弱时，主页要承担陌生人判断风险的任务，每个元素都应该减少一个疑虑；“头像眼神信任测试”的作用是把这个判断变成一个可执行、可观察、可复盘的动作。执行时只把它当作建立熟悉感和互相信任的入口，不把对方当作被推进的对象。,触发条件：个人账号头像识别度弱时。；具体动作：用正脸、清晰背景和统一色调替代复杂图形。；落地要求：同步更新 Bio、置顶帖、Highlight 或链接页，避免主页信息断层。；边界要求：必须真实透明、尊重对方选择；不伪装身份、不套取隐私、不制造虚假亲密或焦虑，对方冷淡、拒绝或沉默时停止推进。,头像眼神信任测试执行次数；相关内容互动率；后续对话或行动率；对方主动回应率；重复互动率,头像眼神信任测试；个人账号头像识别度弱；用正脸、清晰背景和统一色调替代复杂图；主页可信与安全感策略；认识陌生人；成为朋友；建立信任；真诚互动,IGS-S1-07；IGS-S3-06；IGS-S2-G18,cards/IGS-S2-G03.md,用于在社交平台上认识合适的陌生人，通过公开互动、真诚倾听和小范围互助，逐步成为朋友并赢得长期信任。,必须真实透明、尊重对方选择；不伪装身份、不套取隐私、不制造虚假亲密或焦虑，对方冷淡、拒绝或沉默时停止推进。
IGS-S2-G04,主页三证据顺序,S2,主页可信与安全感策略,提升主页可信感；降低陌生防备,Bio 策略,降低陌生感；提升专业感,CANVA_SOCIAL_MEDIA_MASTERY；CRUCIAL_MAKE_IT_SAFE,陌生人点进主页时，会先判断你是否真实、安全、值得回应。主页显得专业但不可信时，主页要承担陌生人判断风险的任务，每个元素都应该减少一个疑虑；“主页三证据顺序”的作用是把这个判断变成一个可执行、可观察、可复盘的动作。执行时只把它当作建立熟悉感和互相信任的入口，不把对方当作被推进的对象。,触发条件：主页显得专业但不可信时。；具体动作：按资格证据、过程证据、对方反馈的顺序排列信息。；落地要求：同步更新 Bio、置顶帖、Highlight 或链接页，避免主页信息断层。；边界要求：必须真实透明、尊重对方选择；不伪装身份、不套取隐私、不制造虚假亲密或焦虑，对方冷淡、拒绝或沉默时停止推进。,主页三证据顺序执行次数；相关内容互动率；后续对话或行动率；对方主动回应率；重复互动率,主页三证据顺序；主页显得专业但不可信；按资格证据、过程证据、对方反馈的顺序；主页可信与安全感策略；认识陌生人；成为朋友；建立信任；真诚互动,IGS-S1-G22；IGS-S3-09；IGS-S2-G19,cards/IGS-S2-G04.md,用于在社交平台上认识合适的陌生人，通过公开互动、真诚倾听和小范围互助，逐步成为朋友并赢得长期信任。,必须真实透明、尊重对方选择；不伪装身份、不套取隐私、不制造虚假亲密或焦虑，对方冷淡、拒绝或沉默时停止推进。
IGS-S2-G05,置顶帖行动导览,S2,主页可信与安全感策略,开启私信对话；提供小帮助,Highlights 策略；Bio 策略,降低怀疑感；提升安全感,CRUCIAL_MAKE_IT_SAFE；HUBSPOT_INSTAGRAM,陌生人点进主页时，会先判断你是否真实、安全、值得回应。新访客看完置顶仍不知道下一步时，主页要承担陌生人判断风险的任务，每个元素都应该减少一个疑虑；“置顶帖行动导览”的作用是把这个判断变成一个可执行、可观察、可复盘的动作。执行时只把它当作建立熟悉感和互相信任的入口，不把对方当作被推进的对象。,触发条件：新访客看完置顶仍不知道下一步时。；具体动作：每条置顶帖结尾指向一个明确动作。；落地要求：同步更新 Bio、置顶帖、Highlight 或链接页，避免主页信息断层。；边界要求：必须真实透明、尊重对方选择；不伪装身份、不套取隐私、不制造虚假亲密或焦虑，对方冷淡、拒绝或沉默时停止推进。,置顶帖行动导览执行次数；相关内容互动率；后续对话或行动率；对方主动回应率；重复互动率,置顶帖行动导览；新访客看完置顶仍不知道下一步；每条置顶帖结尾指向一个明确动作；主页可信与安全感策略；认识陌生人；成为朋友；建立信任；真诚互动,IGS-S1-06；IGS-S3-04；IGS-S2-G20,cards/IGS-S2-G05.md,用于在社交平台上认识合适的陌生人，通过公开互动、真诚倾听和小范围互助，逐步成为朋友并赢得长期信任。,必须真实透明、尊重对方选择；不伪装身份、不套取隐私、不制造虚假亲密或焦虑，对方冷淡、拒绝或沉默时停止推进。
IGS-S2-G06,Highlight 首屏命名,S2,主页可信与安全感策略,形成可信专业感；发现合适陌生人,Carousel 策略；Highlights 策略,提升真实感；提升持续关注理由,HUBSPOT_INSTAGRAM；BUFFER_INSTAGRAM,陌生人点进主页时，会先判断你是否真实、安全、值得回应。Highlight 名称像内部文件夹时，主页要承担陌生人判断风险的任务，每个元素都应该减少一个疑虑；“Highlight 首屏命名”的作用是把这个判断变成一个可执行、可观察、可复盘的动作。执行时只把它当作建立熟悉感和互相信任的入口，不把对方当作被推进的对象。,触发条件：Highlight 名称像内部文件夹时。；具体动作：改成对方能理解的利益名称，如先看这里、案例、免费资源。；落地要求：同步更新 Bio、置顶帖、Highlight 或链接页，避免主页信息断层。；边界要求：必须真实透明、尊重对方选择；不伪装身份、不套取隐私、不制造虚假亲密或焦虑，对方冷淡、拒绝或沉默时停止推进。,Highlight 首屏命名执行次数；相关内容互动率；后续对话或行动率；对方主动回应率；重复互动率,Highlight 首屏命名；Highlight 名称像内部文件夹；改成对方能理解的利益名称，如先看这里；主页可信与安全感策略；认识陌生人；成为朋友；建立信任；真诚互动,IGS-S1-07；IGS-S3-06；IGS-S2-G21,cards/IGS-S2-G06.md,用于在社交平台上认识合适的陌生人，通过公开互动、真诚倾听和小范围互助，逐步成为朋友并赢得长期信任。,必须真实透明、尊重对方选择；不伪装身份、不套取隐私、不制造虚假亲密或焦虑，对方冷淡、拒绝或沉默时停止推进。
IGS-S2-G07,FAQ 防御性问题前置,S2,主页可信与安全感策略,提升主页可信感；降低陌生防备,Bio 策略,降低陌生感；提升专业感,BUFFER_INSTAGRAM；STORYBRAND,陌生人点进主页时，会先判断你是否真实、安全、值得回应。私信反复出现担心和质疑时，主页要承担陌生人判断风险的任务，每个元素都应该减少一个疑虑；“FAQ 防御性问题前置”的作用是把这个判断变成一个可执行、可观察、可复盘的动作。执行时只把它当作建立熟悉感和互相信任的入口，不把对方当作被推进的对象。,触发条件：私信反复出现担心和质疑时。；具体动作：把投入边界、时间、适用人群、隐私和结果边界放进 FAQ。；落地要求：同步更新 Bio、置顶帖、Highlight 或链接页，避免主页信息断层。；边界要求：必须真实透明、尊重对方选择；不伪装身份、不套取隐私、不制造虚假亲密或焦虑，对方冷淡、拒绝或沉默时停止推进。,FAQ 防御性问题前置执行次数；相关内容互动率；后续对话或行动率；对方主动回应率；重复互动率,FAQ 防御性问题前置；私信反复出现担心和质疑；把投入边界、时间、适用人群、隐私和结果边；主页可信与安全感策略；认识陌生人；成为朋友；建立信任；真诚互动,IGS-S1-G22；IGS-S3-09；IGS-S2-G22,cards/IGS-S2-G07.md,用于在社交平台上认识合适的陌生人，通过公开互动、真诚倾听和小范围互助，逐步成为朋友并赢得长期信任。,必须真实透明、尊重对方选择；不伪装身份、不套取隐私、不制造虚假亲密或焦虑，对方冷淡、拒绝或沉默时停止推进。
IGS-S2-G08,链接页三入口限制,S2,主页可信与安全感策略,开启私信对话；提供小帮助,Highlights 策略；Bio 策略,降低怀疑感；提升安全感,STORYBRAND；CANVA_SOCIAL_MEDIA_MASTERY,陌生人点进主页时，会先判断你是否真实、安全、值得回应。Bio 链接页选择过载时，主页要承担陌生人判断风险的任务，每个元素都应该减少一个疑虑；“链接页三入口限制”的作用是把这个判断变成一个可执行、可观察、可复盘的动作。执行时只把它当作建立熟悉感和互相信任的入口，不把对方当作被推进的对象。,触发条件：Bio 链接页选择过载时。；具体动作：只保留入门资源、进一步交流/进一步交流、案例证明三个入口。；落地要求：同步更新 Bio、置顶帖、Highlight 或链接页，避免主页信息断层。；边界要求：必须真实透明、尊重对方选择；不伪装身份、不套取隐私、不制造虚假亲密或焦虑，对方冷淡、拒绝或沉默时停止推进。,链接页三入口限制执行次数；相关内容互动率；后续对话或行动率；对方主动回应率；重复互动率,链接页三入口限制；Bio 链接页选择过载；只保留入门资源、进一步交流/进一步交流、案例证明；主页可信与安全感策略；认识陌生人；成为朋友；建立信任；真诚互动,IGS-S1-06；IGS-S3-04；IGS-S2-G23,cards/IGS-S2-G08.md,用于在社交平台上认识合适的陌生人，通过公开互动、真诚倾听和小范围互助，逐步成为朋友并赢得长期信任。,必须真实透明、尊重对方选择；不伪装身份、不套取隐私、不制造虚假亲密或焦虑，对方冷淡、拒绝或沉默时停止推进。
IGS-S2-G09,无压力 CTA,S2,主页可信与安全感策略,形成可信专业感；发现合适陌生人,Carousel 策略；Highlights 策略,提升真实感；提升持续关注理由,CANVA_SOCIAL_MEDIA_MASTERY；CRUCIAL_MAKE_IT_SAFE,陌生人点进主页时，会先判断你是否真实、安全、值得回应。主页 CTA 像强推推销式表达时，主页要承担陌生人判断风险的任务，每个元素都应该减少一个疑虑；“无压力 CTA”的作用是把这个判断变成一个可执行、可观察、可复盘的动作。执行时只把它当作建立熟悉感和互相信任的入口，不把对方当作被推进的对象。,触发条件：主页 CTA 像强推推销式表达时。；具体动作：用可以、如果需要、先看这个替代立刻进一步交流。；落地要求：同步更新 Bio、置顶帖、Highlight 或链接页，避免主页信息断层。；边界要求：必须真实透明、尊重对方选择；不伪装身份、不套取隐私、不制造虚假亲密或焦虑，对方冷淡、拒绝或沉默时停止推进。,无压力 CTA执行次数；相关内容互动率；后续对话或行动率；对方主动回应率；重复互动率,无压力 CTA；主页 CTA 像强推推销式表达；用可以、如果需要、先看这个替代立刻报；主页可信与安全感策略；认识陌生人；成为朋友；建立信任；真诚互动,IGS-S1-07；IGS-S3-06；IGS-S2-G24,cards/IGS-S2-G09.md,用于在社交平台上认识合适的陌生人，通过公开互动、真诚倾听和小范围互助，逐步成为朋友并赢得长期信任。,必须真实透明、尊重对方选择；不伪装身份、不套取隐私、不制造虚假亲密或焦虑，对方冷淡、拒绝或沉默时停止推进。
IGS-S2-G10,联系方式一致性,S2,主页可信与安全感策略,提升主页可信感；降低陌生防备,Bio 策略,降低陌生感；提升专业感,CRUCIAL_MAKE_IT_SAFE；HUBSPOT_INSTAGRAM,陌生人点进主页时，会先判断你是否真实、安全、值得回应。对方在主页和私信之间迷路时，主页要承担陌生人判断风险的任务，每个元素都应该减少一个疑虑；“联系方式一致性”的作用是把这个判断变成一个可执行、可观察、可复盘的动作。执行时只把它当作建立熟悉感和互相信任的入口，不把对方当作被推进的对象。,触发条件：对方在主页和私信之间迷路时。；具体动作：统一邮箱、表单、DM 关键词和进一步交流入口名称。；落地要求：同步更新 Bio、置顶帖、Highlight 或链接页，避免主页信息断层。；边界要求：必须真实透明、尊重对方选择；不伪装身份、不套取隐私、不制造虚假亲密或焦虑，对方冷淡、拒绝或沉默时停止推进。,联系方式一致性执行次数；相关内容互动率；后续对话或行动率；对方主动回应率；重复互动率,联系方式一致性；对方在主页和私信之间迷路；统一邮箱、表单、DM 关键词和进一步交流入；主页可信与安全感策略；认识陌生人；成为朋友；建立信任；真诚互动,IGS-S1-G22；IGS-S3-09；IGS-S2-G19,cards/IGS-S2-G10.md,用于在社交平台上认识合适的陌生人，通过公开互动、真诚倾听和小范围互助，逐步成为朋友并赢得长期信任。,必须真实透明、尊重对方选择；不伪装身份、不套取隐私、不制造虚假亲密或焦虑，对方冷淡、拒绝或沉默时停止推进。
IGS-S2-G11,九宫格首屏检查,S2,主页可信与安全感策略,开启私信对话；提供小帮助,Highlights 策略；Bio 策略,降低怀疑感；提升安全感,HUBSPOT_INSTAGRAM；BUFFER_INSTAGRAM,陌生人点进主页时，会先判断你是否真实、安全、值得回应。主页第一屏内容互相打架时，主页要承担陌生人判断风险的任务，每个元素都应该减少一个疑虑；“九宫格首屏检查”的作用是把这个判断变成一个可执行、可观察、可复盘的动作。执行时只把它当作建立熟悉感和互相信任的入口，不把对方当作被推进的对象。,触发条件：主页第一屏内容互相打架时。；具体动作：让前 9 条至少覆盖身份、价值、案例、教程和互动。；落地要求：同步更新 Bio、置顶帖、Highlight 或链接页，避免主页信息断层。；边界要求：必须真实透明、尊重对方选择；不伪装身份、不套取隐私、不制造虚假亲密或焦虑，对方冷淡、拒绝或沉默时停止推进。,九宫格首屏检查执行次数；相关内容互动率；后续对话或行动率；对方主动回应率；重复互动率,九宫格首屏检查；主页第一屏内容互相打架；让前 9 条至少覆盖身份、价值、案例；主页可信与安全感策略；认识陌生人；成为朋友；建立信任；真诚互动,IGS-S1-06；IGS-S3-04；IGS-S2-G20,cards/IGS-S2-G11.md,用于在社交平台上认识合适的陌生人，通过公开互动、真诚倾听和小范围互助，逐步成为朋友并赢得长期信任。,必须真实透明、尊重对方选择；不伪装身份、不套取隐私、不制造虚假亲密或焦虑，对方冷淡、拒绝或沉默时停止推进。
IGS-S2-G12,Reels 封面标题区,S2,主页可信与安全感策略,形成可信专业感；发现合适陌生人,Carousel 策略；Highlights 策略,提升真实感；提升持续关注理由,BUFFER_INSTAGRAM；STORYBRAND,陌生人点进主页时，会先判断你是否真实、安全、值得回应。Reels 缩略图在主页看不懂时，主页要承担陌生人判断风险的任务，每个元素都应该减少一个疑虑；“Reels 封面标题区”的作用是把这个判断变成一个可执行、可观察、可复盘的动作。执行时只把它当作建立熟悉感和互相信任的入口，不把对方当作被推进的对象。,触发条件：Reels 缩略图在主页看不懂时。；具体动作：把封面标题限制在 8-12 个字并固定位置。；落地要求：同步更新 Bio、置顶帖、Highlight 或链接页，避免主页信息断层。；边界要求：必须真实透明、尊重对方选择；不伪装身份、不套取隐私、不制造虚假亲密或焦虑，对方冷淡、拒绝或沉默时停止推进。,Reels 封面标题区执行次数；相关内容互动率；后续对话或行动率；对方主动回应率；重复互动率,Reels 封面标题区；Reels 缩略图在主页看不懂；把封面标题限制在 8-12 个字并固；主页可信与安全感策略；认识陌生人；成为朋友；建立信任；真诚互动,IGS-S1-07；IGS-S3-06；IGS-S2-G21,cards/IGS-S2-G12.md,用于在社交平台上认识合适的陌生人，通过公开互动、真诚倾听和小范围互助，逐步成为朋友并赢得长期信任。,必须真实透明、尊重对方选择；不伪装身份、不套取隐私、不制造虚假亲密或焦虑，对方冷淡、拒绝或沉默时停止推进。
IGS-S2-G13,视觉模板风险审计,S2,主页可信与安全感策略,提升主页可信感；降低陌生防备,Bio 策略,降低陌生感；提升专业感,STORYBRAND；CANVA_SOCIAL_MEDIA_MASTERY,陌生人点进主页时，会先判断你是否真实、安全、值得回应。视觉好看但信息不清时，主页要承担陌生人判断风险的任务，每个元素都应该减少一个疑虑；“视觉模板风险审计”的作用是把这个判断变成一个可执行、可观察、可复盘的动作。执行时只把它当作建立熟悉感和互相信任的入口，不把对方当作被推进的对象。,触发条件：视觉好看但信息不清时。；具体动作：检查标题层级、对比度、字号和按钮是否被装饰淹没。；落地要求：同步更新 Bio、置顶帖、Highlight 或链接页，避免主页信息断层。；边界要求：必须真实透明、尊重对方选择；不伪装身份、不套取隐私、不制造虚假亲密或焦虑，对方冷淡、拒绝或沉默时停止推进。,视觉模板风险审计执行次数；相关内容互动率；后续对话或行动率；对方主动回应率；重复互动率,视觉模板风险审计；视觉好看但信息不清；检查标题层级、对比度、字号和按钮是否；主页可信与安全感策略；认识陌生人；成为朋友；建立信任；真诚互动,IGS-S1-G22；IGS-S3-09；IGS-S2-G22,cards/IGS-S2-G13.md,用于在社交平台上认识合适的陌生人，通过公开互动、真诚倾听和小范围互助，逐步成为朋友并赢得长期信任。,必须真实透明、尊重对方选择；不伪装身份、不套取隐私、不制造虚假亲密或焦虑，对方冷淡、拒绝或沉默时停止推进。
IGS-S2-G14,主页自我介绍短视频,S2,主页可信与安全感策略,开启私信对话；提供小帮助,Highlights 策略；Bio 策略,降低怀疑感；提升安全感,CANVA_SOCIAL_MEDIA_MASTERY；CRUCIAL_MAKE_IT_SAFE,陌生人点进主页时，会先判断你是否真实、安全、值得回应。Bio 文字不够建立人感时，主页要承担陌生人判断风险的任务，每个元素都应该减少一个疑虑；“主页自我介绍短视频”的作用是把这个判断变成一个可执行、可观察、可复盘的动作。执行时只把它当作建立熟悉感和互相信任的入口，不把对方当作被推进的对象。,触发条件：Bio 文字不够建立人感时。；具体动作：置顶一条 30 秒自我介绍 Reel，讲对象、问题和方法。；落地要求：同步更新 Bio、置顶帖、Highlight 或链接页，避免主页信息断层。；边界要求：必须真实透明、尊重对方选择；不伪装身份、不套取隐私、不制造虚假亲密或焦虑，对方冷淡、拒绝或沉默时停止推进。,主页自我介绍短视频执行次数；相关内容互动率；后续对话或行动率；对方主动回应率；重复互动率,主页自我介绍短视频；Bio 文字不够建立人感；置顶一条 30 秒自我介绍 Reel；主页可信与安全感策略；认识陌生人；成为朋友；建立信任；真诚互动,IGS-S1-06；IGS-S3-04；IGS-S2-G23,cards/IGS-S2-G14.md,用于在社交平台上认识合适的陌生人，通过公开互动、真诚倾听和小范围互助，逐步成为朋友并赢得长期信任。,必须真实透明、尊重对方选择；不伪装身份、不套取隐私、不制造虚假亲密或焦虑，对方冷淡、拒绝或沉默时停止推进。
IGS-S2-G15,案例 Highlight 边界说明,S2,主页可信与安全感策略,形成可信专业感；发现合适陌生人,Carousel 策略；Highlights 策略,提升真实感；提升持续关注理由,CRUCIAL_MAKE_IT_SAFE；HUBSPOT_INSTAGRAM,陌生人点进主页时，会先判断你是否真实、安全、值得回应。对方担心案例不可复制时，主页要承担陌生人判断风险的任务，每个元素都应该减少一个疑虑；“案例 Highlight 边界说明”的作用是把这个判断变成一个可执行、可观察、可复盘的动作。执行时只把它当作建立熟悉感和互相信任的入口，不把对方当作被推进的对象。,触发条件：对方担心案例不可复制时。；具体动作：每个案例说明背景、投入、限制和下一步。；落地要求：同步更新 Bio、置顶帖、Highlight 或链接页，避免主页信息断层。；边界要求：必须真实透明、尊重对方选择；不伪装身份、不套取隐私、不制造虚假亲密或焦虑，对方冷淡、拒绝或沉默时停止推进。,案例 Highlight 边界说明执行次数；相关内容互动率；后续对话或行动率；对方主动回应率；重复互动率,案例 Highlight 边界说明；对方担心案例不可复制；每个案例说明背景、投入、限制和下一步；主页可信与安全感策略；认识陌生人；成为朋友；建立信任；真诚互动,IGS-S1-07；IGS-S3-G22；IGS-S2-G24,cards/IGS-S2-G15.md,用于在社交平台上认识合适的陌生人，通过公开互动、真诚倾听和小范围互助，逐步成为朋友并赢得长期信任。,必须真实透明、尊重对方选择；不伪装身份、不套取隐私、不制造虚假亲密或焦虑，对方冷淡、拒绝或沉默时停止推进。
IGS-S2-G16,本地信任元素,S2,主页可信与安全感策略,提升主页可信感；降低陌生防备,Bio 策略,降低陌生感；提升专业感,HUBSPOT_INSTAGRAM；BUFFER_INSTAGRAM,陌生人点进主页时，会先判断你是否真实、安全、值得回应。服务有地域属性但主页没有本地感时，主页要承担陌生人判断风险的任务，每个元素都应该减少一个疑虑；“本地信任元素”的作用是把这个判断变成一个可执行、可观察、可复盘的动作。执行时只把它当作建立熟悉感和互相信任的入口，不把对方当作被推进的对象。,触发条件：服务有地域属性但主页没有本地感时。；具体动作：加入城市、线下场景、当地案例或语言习惯。；落地要求：同步更新 Bio、置顶帖、Highlight 或链接页，避免主页信息断层。；边界要求：必须真实透明、尊重对方选择；不伪装身份、不套取隐私、不制造虚假亲密或焦虑，对方冷淡、拒绝或沉默时停止推进。,本地信任元素执行次数；相关内容互动率；后续对话或行动率；对方主动回应率；重复互动率,本地信任元素；服务有地域属性但主页没有本地感；加入城市、线下场景、当地案例或语言习；主页可信与安全感策略；认识陌生人；成为朋友；建立信任；真诚互动,IGS-S1-G22；IGS-S3-09；IGS-S2-G01,cards/IGS-S2-G16.md,用于在社交平台上认识合适的陌生人，通过公开互动、真诚倾听和小范围互助，逐步成为朋友并赢得长期信任。,必须真实透明、尊重对方选择；不伪装身份、不套取隐私、不制造虚假亲密或焦虑，对方冷淡、拒绝或沉默时停止推进。
IGS-S2-G17,服务菜单轻量化,S2,主页可信与安全感策略,开启私信对话；提供小帮助,Highlights 策略；Bio 策略,降低怀疑感；提升安全感,BUFFER_INSTAGRAM；STORYBRAND,陌生人点进主页时，会先判断你是否真实、安全、值得回应。对方不知道你具体能提供什么时，主页要承担陌生人判断风险的任务，每个元素都应该减少一个疑虑；“服务菜单轻量化”的作用是把这个判断变成一个可执行、可观察、可复盘的动作。执行时只把它当作建立熟悉感和互相信任的入口，不把对方当作被推进的对象。,触发条件：对方不知道你具体能提供什么时。；具体动作：用 3 个服务场景替代完整复杂内容或服务页。；落地要求：同步更新 Bio、置顶帖、Highlight 或链接页，避免主页信息断层。；边界要求：必须真实透明、尊重对方选择；不伪装身份、不套取隐私、不制造虚假亲密或焦虑，对方冷淡、拒绝或沉默时停止推进。,服务菜单轻量化执行次数；相关内容互动率；后续对话或行动率；对方主动回应率；重复互动率,服务菜单轻量化；对方不知道你具体能提供什么；用 3 个服务场景替代完整复杂内容或服务页；主页可信与安全感策略；认识陌生人；成为朋友；建立信任；真诚互动,IGS-S1-06；IGS-S3-05；IGS-S2-G02,cards/IGS-S2-G17.md,用于在社交平台上认识合适的陌生人，通过公开互动、真诚倾听和小范围互助，逐步成为朋友并赢得长期信任。,必须真实透明、尊重对方选择；不伪装身份、不套取隐私、不制造虚假亲密或焦虑，对方冷淡、拒绝或沉默时停止推进。
IGS-S2-G18,个人故事压缩,S2,主页可信与安全感策略,形成可信专业感；发现合适陌生人,Carousel 策略；Highlights 策略,提升真实感；提升持续关注理由,STORYBRAND；CANVA_SOCIAL_MEDIA_MASTERY,陌生人点进主页时，会先判断你是否真实、安全、值得回应。主页故事太长抢走价值判断时，主页要承担陌生人判断风险的任务，每个元素都应该减少一个疑虑；“个人故事压缩”的作用是把这个判断变成一个可执行、可观察、可复盘的动作。执行时只把它当作建立熟悉感和互相信任的入口，不把对方当作被推进的对象。,触发条件：主页故事太长抢走价值判断时。；具体动作：把个人故事压缩为一句转折和一句为什么能帮你。；落地要求：同步更新 Bio、置顶帖、Highlight 或链接页，避免主页信息断层。；边界要求：必须真实透明、尊重对方选择；不伪装身份、不套取隐私、不制造虚假亲密或焦虑，对方冷淡、拒绝或沉默时停止推进。,个人故事压缩执行次数；相关内容互动率；后续对话或行动率；对方主动回应率；重复互动率,个人故事压缩；主页故事太长抢走价值判断；把个人故事压缩为一句转折和一句为什么；主页可信与安全感策略；认识陌生人；成为朋友；建立信任；真诚互动,IGS-S1-07；IGS-S3-06；IGS-S2-G03,cards/IGS-S2-G18.md,用于在社交平台上认识合适的陌生人，通过公开互动、真诚倾听和小范围互助，逐步成为朋友并赢得长期信任。,必须真实透明、尊重对方选择；不伪装身份、不套取隐私、不制造虚假亲密或焦虑，对方冷淡、拒绝或沉默时停止推进。
IGS-S2-G19,隐私承诺可见化,S2,主页可信与安全感策略,提升主页可信感；降低陌生防备,Bio 策略,降低陌生感；提升专业感,CANVA_SOCIAL_MEDIA_MASTERY；CRUCIAL_MAKE_IT_SAFE,陌生人点进主页时，会先判断你是否真实、安全、值得回应。对方不敢私信真实问题时，主页要承担陌生人判断风险的任务，每个元素都应该减少一个疑虑；“隐私承诺可见化”的作用是把这个判断变成一个可执行、可观察、可复盘的动作。执行时只把它当作建立熟悉感和互相信任的入口，不把对方当作被推进的对象。,触发条件：对方不敢私信真实问题时。；具体动作：在 FAQ 或 Highlight 写明截图、案例和信息使用边界。；落地要求：同步更新 Bio、置顶帖、Highlight 或链接页，避免主页信息断层。；边界要求：必须真实透明、尊重对方选择；不伪装身份、不套取隐私、不制造虚假亲密或焦虑，对方冷淡、拒绝或沉默时停止推进。,隐私承诺可见化执行次数；相关内容互动率；后续对话或行动率；对方主动回应率；重复互动率,隐私承诺可见化；对方不敢私信真实问题；在 FAQ 或 Highlight ；主页可信与安全感策略；认识陌生人；成为朋友；建立信任；真诚互动,IGS-S1-G22；IGS-S3-09；IGS-S2-G04,cards/IGS-S2-G19.md,用于在社交平台上认识合适的陌生人，通过公开互动、真诚倾听和小范围互助，逐步成为朋友并赢得长期信任。,必须真实透明、尊重对方选择；不伪装身份、不套取隐私、不制造虚假亲密或焦虑，对方冷淡、拒绝或沉默时停止推进。
IGS-S2-G20,免费资源门牌,S2,主页可信与安全感策略,开启私信对话；提供小帮助,Highlights 策略；Bio 策略,降低怀疑感；提升安全感,CRUCIAL_MAKE_IT_SAFE；HUBSPOT_INSTAGRAM,陌生人点进主页时，会先判断你是否真实、安全、值得回应。小资源分散在旧帖里找不到时，主页要承担陌生人判断风险的任务，每个元素都应该减少一个疑虑；“免费资源门牌”的作用是把这个判断变成一个可执行、可观察、可复盘的动作。执行时只把它当作建立熟悉感和互相信任的入口，不把对方当作被推进的对象。,触发条件：小资源分散在旧帖里找不到时。；具体动作：在主页放一个固定免费资源 Highlight。；落地要求：同步更新 Bio、置顶帖、Highlight 或链接页，避免主页信息断层。；边界要求：必须真实透明、尊重对方选择；不伪装身份、不套取隐私、不制造虚假亲密或焦虑，对方冷淡、拒绝或沉默时停止推进。,免费资源门牌执行次数；相关内容互动率；后续对话或行动率；对方主动回应率；重复互动率,免费资源门牌；小资源分散在旧帖里找不到；在主页放一个固定免费资源 Highl；主页可信与安全感策略；认识陌生人；成为朋友；建立信任；真诚互动,IGS-S1-06；IGS-S3-04；IGS-S2-G05,cards/IGS-S2-G20.md,用于在社交平台上认识合适的陌生人，通过公开互动、真诚倾听和小范围互助，逐步成为朋友并赢得长期信任。,必须真实透明、尊重对方选择；不伪装身份、不套取隐私、不制造虚假亲密或焦虑，对方冷淡、拒绝或沉默时停止推进。
IGS-S2-G21,新访客路线图,S2,主页可信与安全感策略,形成可信专业感；发现合适陌生人,Carousel 策略；Highlights 策略,提升真实感；提升持续关注理由,HUBSPOT_INSTAGRAM；BUFFER_INSTAGRAM,陌生人点进主页时，会先判断你是否真实、安全、值得回应。主页内容资产多但没有路径时，主页要承担陌生人判断风险的任务，每个元素都应该减少一个疑虑；“新访客路线图”的作用是把这个判断变成一个可执行、可观察、可复盘的动作。执行时只把它当作建立熟悉感和互相信任的入口，不把对方当作被推进的对象。,触发条件：主页内容资产多但没有路径时。；具体动作：用 Start Here 说明先看哪三条内容。；落地要求：同步更新 Bio、置顶帖、Highlight 或链接页，避免主页信息断层。；边界要求：必须真实透明、尊重对方选择；不伪装身份、不套取隐私、不制造虚假亲密或焦虑，对方冷淡、拒绝或沉默时停止推进。,新访客路线图执行次数；相关内容互动率；后续对话或行动率；对方主动回应率；重复互动率,新访客路线图；主页内容资产多但没有路径；用 Start Here 说明先看哪；主页可信与安全感策略；认识陌生人；成为朋友；建立信任；真诚互动,IGS-S1-07；IGS-S3-06；IGS-S2-G06,cards/IGS-S2-G21.md,用于在社交平台上认识合适的陌生人，通过公开互动、真诚倾听和小范围互助，逐步成为朋友并赢得长期信任。,必须真实透明、尊重对方选择；不伪装身份、不套取隐私、不制造虚假亲密或焦虑，对方冷淡、拒绝或沉默时停止推进。
IGS-S2-G22,账号语气样本,S2,主页可信与安全感策略,提升主页可信感；降低陌生防备,Bio 策略,降低陌生感；提升专业感,BUFFER_INSTAGRAM；STORYBRAND,陌生人点进主页时，会先判断你是否真实、安全、值得回应。主页文字风格前后不一致时，主页要承担陌生人判断风险的任务，每个元素都应该减少一个疑虑；“账号语气样本”的作用是把这个判断变成一个可执行、可观察、可复盘的动作。执行时只把它当作建立熟悉感和互相信任的入口，不把对方当作被推进的对象。,触发条件：主页文字风格前后不一致时。；具体动作：固定 5 句代表账号语气的样本文案。；落地要求：同步更新 Bio、置顶帖、Highlight 或链接页，避免主页信息断层。；边界要求：必须真实透明、尊重对方选择；不伪装身份、不套取隐私、不制造虚假亲密或焦虑，对方冷淡、拒绝或沉默时停止推进。,账号语气样本执行次数；相关内容互动率；后续对话或行动率；对方主动回应率；重复互动率,账号语气样本；主页文字风格前后不一致；固定 5 句代表账号语气的样本文案；主页可信与安全感策略；认识陌生人；成为朋友；建立信任；真诚互动,IGS-S1-G22；IGS-S3-09；IGS-S2-G07,cards/IGS-S2-G22.md,用于在社交平台上认识合适的陌生人，通过公开互动、真诚倾听和小范围互助，逐步成为朋友并赢得长期信任。,必须真实透明、尊重对方选择；不伪装身份、不套取隐私、不制造虚假亲密或焦虑，对方冷淡、拒绝或沉默时停止推进。
IGS-S2-G23,证书和经验翻译,S2,主页可信与安全感策略,开启私信对话；提供小帮助,Highlights 策略；Bio 策略,降低怀疑感；提升安全感,STORYBRAND；CANVA_SOCIAL_MEDIA_MASTERY,陌生人点进主页时，会先判断你是否真实、安全、值得回应。资历看起来像自我炫耀时，主页要承担陌生人判断风险的任务，每个元素都应该减少一个疑虑；“证书和经验翻译”的作用是把这个判断变成一个可执行、可观察、可复盘的动作。执行时只把它当作建立熟悉感和互相信任的入口，不把对方当作被推进的对象。,触发条件：资历看起来像自我炫耀时。；具体动作：把证书翻译成对方能获得的具体好处。；落地要求：同步更新 Bio、置顶帖、Highlight 或链接页，避免主页信息断层。；边界要求：必须真实透明、尊重对方选择；不伪装身份、不套取隐私、不制造虚假亲密或焦虑，对方冷淡、拒绝或沉默时停止推进。,证书和经验翻译执行次数；相关内容互动率；后续对话或行动率；对方主动回应率；重复互动率,证书和经验翻译；资历看起来像自我炫耀；把证书翻译成对方能获得的具体好处；主页可信与安全感策略；认识陌生人；成为朋友；建立信任；真诚互动,IGS-S1-06；IGS-S3-04；IGS-S2-G08,cards/IGS-S2-G23.md,用于在社交平台上认识合适的陌生人，通过公开互动、真诚倾听和小范围互助，逐步成为朋友并赢得长期信任。,必须真实透明、尊重对方选择；不伪装身份、不套取隐私、不制造虚假亲密或焦虑，对方冷淡、拒绝或沉默时停止推进。
IGS-S2-G24,安全区视觉检查,S2,主页可信与安全感策略,形成可信专业感；发现合适陌生人,Carousel 策略；Highlights 策略,提升真实感；提升持续关注理由,CANVA_SOCIAL_MEDIA_MASTERY；CRUCIAL_MAKE_IT_SAFE,陌生人点进主页时，会先判断你是否真实、安全、值得回应。Reels 广告或封面被按钮遮挡时，主页要承担陌生人判断风险的任务，每个元素都应该减少一个疑虑；“安全区视觉检查”的作用是把这个判断变成一个可执行、可观察、可复盘的动作。执行时只把它当作建立熟悉感和互相信任的入口，不把对方当作被推进的对象。,触发条件：Reels 广告或封面被按钮遮挡时。；具体动作：所有关键信息避开底部、右侧按钮和顶部头像区域。；落地要求：同步更新 Bio、置顶帖、Highlight 或链接页，避免主页信息断层。；边界要求：必须真实透明、尊重对方选择；不伪装身份、不套取隐私、不制造虚假亲密或焦虑，对方冷淡、拒绝或沉默时停止推进。,安全区视觉检查执行次数；相关内容互动率；后续对话或行动率；对方主动回应率；重复互动率,安全区视觉检查；Reels 广告或封面被按钮遮挡；所有关键信息避开底部、右侧按钮和顶部；主页可信与安全感策略；认识陌生人；成为朋友；建立信任；真诚互动,IGS-S1-07；IGS-S3-06；IGS-S2-G09,cards/IGS-S2-G24.md,用于在社交平台上认识合适的陌生人，通过公开互动、真诚倾听和小范围互助，逐步成为朋友并赢得长期信任。,必须真实透明、尊重对方选择；不伪装身份、不套取隐私、不制造虚假亲密或焦虑，对方冷淡、拒绝或沉默时停止推进。
IGS-S3-G01,1.5 秒画面动作钩子,S3,内容吸引与共同兴趣策略,发现合适陌生人；形成可信专业感,Reels 策略,提升参与感；提升持续关注理由,HOOTSUITE_ALGORITHM_2026；HOOTSUITE_REELS_2026,内容不是单向表演，而是让有共同兴趣的人看见你、愿意回应你的入口。对方还没读完标题就划走时，内容要为具体入口设计：Reels 抢注意、Carousel 承载理解、Story 促成回应；“1.5 秒画面动作钩子”的作用是把这个判断变成一个可执行、可观察、可复盘的动作。执行时只把它当作建立熟悉感和互相信任的入口，不把对方当作被推进的对象。,触发条件：对方还没读完标题就划走时。；具体动作：第一秒放动作、表情或结果画面，再补字幕解释。；落地要求：至少做 3 个同主题变体，用留存、保存、回复或分享判断是否保留。；边界要求：必须真实透明、尊重对方选择；不伪装身份、不套取隐私、不制造虚假亲密或焦虑，对方冷淡、拒绝或沉默时停止推进。,1.5 秒画面动作钩子执行次数；相关内容互动率；后续对话或行动率；对方主动回应率；重复互动率,1.5 秒画面动作钩子；对方还没读完标题就划走；第一秒放动作、表情或结果画面，再补字；内容吸引与共同兴趣策略；认识陌生人；成为朋友；建立信任；真诚互动,IGS-S2-G24；IGS-S4-05；IGS-S3-G28,cards/IGS-S3-G01.md,用于在社交平台上认识合适的陌生人，通过公开互动、真诚倾听和小范围互助，逐步成为朋友并赢得长期信任。,必须真实透明、尊重对方选择；不伪装身份、不套取隐私、不制造虚假亲密或焦虑，对方冷淡、拒绝或沉默时停止推进。
IGS-S3-G02,Reels 安全区字幕,S3,内容吸引与共同兴趣策略,开启自然互动；降低陌生防备,Carousel 策略,提升专业感；提升互惠感,HOOTSUITE_REELS_2026；HOOTSUITE_CAROUSEL_2025,内容不是单向表演，而是让有共同兴趣的人看见你、愿意回应你的入口。字幕被按钮、账号名称或说明遮挡时，内容要为具体入口设计：Reels 抢注意、Carousel 承载理解、Story 促成回应；“Reels 安全区字幕”的作用是把这个判断变成一个可执行、可观察、可复盘的动作。执行时只把它当作建立熟悉感和互相信任的入口，不把对方当作被推进的对象。,触发条件：字幕被按钮、账号名称或说明遮挡时。；具体动作：把核心字幕放在画面中上部并预览实际发布界面。；落地要求：至少做 3 个同主题变体，用留存、保存、回复或分享判断是否保留。；边界要求：必须真实透明、尊重对方选择；不伪装身份、不套取隐私、不制造虚假亲密或焦虑，对方冷淡、拒绝或沉默时停止推进。,Reels 安全区字幕执行次数；相关内容互动率；后续对话或行动率；对方主动回应率；重复互动率,Reels 安全区字幕；字幕被按钮、账号名称或说明遮挡；把核心字幕放在画面中上部并预览实际发；内容吸引与共同兴趣策略；认识陌生人；成为朋友；建立信任；真诚互动,IGS-S2-06；IGS-S4-03；IGS-S3-G26；IGS-S3-G23,cards/IGS-S3-G02.md,用于在社交平台上认识合适的陌生人，通过公开互动、真诚倾听和小范围互助，逐步成为朋友并赢得长期信任。,必须真实透明、尊重对方选择；不伪装身份、不套取隐私、不制造虚假亲密或焦虑，对方冷淡、拒绝或沉默时停止推进。
IGS-S3-G03,无声也能懂的 Reels,S3,内容吸引与共同兴趣策略,增加 Story 回复；开启私信对话,Story 策略,提升真实感；降低陌生感,HOOTSUITE_CAROUSEL_2025；META_REELS_ADS,内容不是单向表演，而是让有共同兴趣的人看见你、愿意回应你的入口。受众常在通勤、带娃或办公间隙刷内容时，内容要为具体入口设计：Reels 抢注意、Carousel 承载理解、Story 促成回应；“无声也能懂的 Reels”的作用是把这个判断变成一个可执行、可观察、可复盘的动作。执行时只把它当作建立熟悉感和互相信任的入口，不把对方当作被推进的对象。,触发条件：受众常在通勤、带娃或办公间隙刷内容时。；具体动作：用字幕、手势、物品和画面顺序让静音也能看懂。；落地要求：至少做 3 个同主题变体，用留存、保存、回复或分享判断是否保留。；边界要求：必须真实透明、尊重对方选择；不伪装身份、不套取隐私、不制造虚假亲密或焦虑，对方冷淡、拒绝或沉默时停止推进。,无声也能懂的 Reels执行次数；相关内容互动率；后续对话或行动率；对方主动回应率；重复互动率,无声也能懂的 Reels；受众常在通勤、带娃或办公间隙刷内容；用字幕、手势、物品和画面顺序让静音也；内容吸引与共同兴趣策略；认识陌生人；成为朋友；建立信任；真诚互动,IGS-S2-09；IGS-S4-06；IGS-S3-G27；IGS-S3-G24,cards/IGS-S3-G03.md,用于在社交平台上认识合适的陌生人，通过公开互动、真诚倾听和小范围互助，逐步成为朋友并赢得长期信任。,必须真实透明、尊重对方选择；不伪装身份、不套取隐私、不制造虚假亲密或焦虑，对方冷淡、拒绝或沉默时停止推进。
IGS-S3-G04,循环结尾,S3,内容吸引与共同兴趣策略,发现合适陌生人；形成可信专业感,Live 策略；Reels 策略,提升参与感；提升持续关注理由,META_REELS_ADS；INSTAGRAM_REELS_ADS_HELP,内容不是单向表演，而是让有共同兴趣的人看见你、愿意回应你的入口。Reels 完播不错但重看弱时，内容要为具体入口设计：Reels 抢注意、Carousel 承载理解、Story 促成回应；“循环结尾”的作用是把这个判断变成一个可执行、可观察、可复盘的动作。执行时只把它当作建立熟悉感和互相信任的入口，不把对方当作被推进的对象。,触发条件：Reels 完播不错但重看弱时。；具体动作：让最后一句接回第一句或最后画面接回开头画面。；落地要求：至少做 3 个同主题变体，用留存、保存、回复或分享判断是否保留。；边界要求：必须真实透明、尊重对方选择；不伪装身份、不套取隐私、不制造虚假亲密或焦虑，对方冷淡、拒绝或沉默时停止推进。,循环结尾执行次数；相关内容互动率；后续对话或行动率；对方主动回应率；重复互动率,循环结尾；Reels 完播不错但重看弱；让最后一句接回第一句或最后画面接回开；内容吸引与共同兴趣策略；认识陌生人；成为朋友；建立信任；真诚互动,IGS-S2-G24；IGS-S4-04；IGS-S3-G28；IGS-S3-G25,cards/IGS-S3-G04.md,用于在社交平台上认识合适的陌生人，通过公开互动、真诚倾听和小范围互助，逐步成为朋友并赢得长期信任。,必须真实透明、尊重对方选择；不伪装身份、不套取隐私、不制造虚假亲密或焦虑，对方冷淡、拒绝或沉默时停止推进。
IGS-S3-G05,创作者脸部开场,S3,内容吸引与共同兴趣策略,开启自然互动；降低陌生防备,Reels 策略,提升专业感；提升互惠感,INSTAGRAM_REELS_ADS_HELP；LATER_STORIES_CAMPAIGN,内容不是单向表演，而是让有共同兴趣的人看见你、愿意回应你的入口。账号缺少人感时，内容要为具体入口设计：Reels 抢注意、Carousel 承载理解、Story 促成回应；“创作者脸部开场”的作用是把这个判断变成一个可执行、可观察、可复盘的动作。执行时只把它当作建立熟悉感和互相信任的入口，不把对方当作被推进的对象。,触发条件：账号缺少人感时。；具体动作：每周至少一条 Reel 用真人开场讲具体场景。；落地要求：至少做 3 个同主题变体，用留存、保存、回复或分享判断是否保留。；边界要求：必须真实透明、尊重对方选择；不伪装身份、不套取隐私、不制造虚假亲密或焦虑，对方冷淡、拒绝或沉默时停止推进。,创作者脸部开场执行次数；相关内容互动率；后续对话或行动率；对方主动回应率；重复互动率,创作者脸部开场；账号缺少人感；每周至少一条 Reel 用真人开场讲；内容吸引与共同兴趣策略；认识陌生人；成为朋友；建立信任；真诚互动,IGS-S2-05；IGS-S4-03；IGS-S3-G20,cards/IGS-S3-G05.md,用于在社交平台上认识合适的陌生人，通过公开互动、真诚倾听和小范围互助，逐步成为朋友并赢得长期信任。,必须真实透明、尊重对方选择；不伪装身份、不套取隐私、不制造虚假亲密或焦虑，对方冷淡、拒绝或沉默时停止推进。
IGS-S3-G06,幕后三镜头,S3,内容吸引与共同兴趣策略,增加 Story 回复；开启私信对话,Carousel 策略,提升真实感；降低陌生感,LATER_STORIES_CAMPAIGN；MADE_TO_STICK,内容不是单向表演，而是让有共同兴趣的人看见你、愿意回应你的入口。幕后内容流水账时，内容要为具体入口设计：Reels 抢注意、Carousel 承载理解、Story 促成回应；“幕后三镜头”的作用是把这个判断变成一个可执行、可观察、可复盘的动作。执行时只把它当作建立熟悉感和互相信任的入口，不把对方当作被推进的对象。,触发条件：幕后内容流水账时。；具体动作：用准备、卡住、解决三个镜头讲清过程。；落地要求：至少做 3 个同主题变体，用留存、保存、回复或分享判断是否保留。；边界要求：必须真实透明、尊重对方选择；不伪装身份、不套取隐私、不制造虚假亲密或焦虑，对方冷淡、拒绝或沉默时停止推进。,幕后三镜头执行次数；相关内容互动率；后续对话或行动率；对方主动回应率；重复互动率,幕后三镜头；幕后内容流水账；用准备、卡住、解决三个镜头讲清过程；内容吸引与共同兴趣策略；认识陌生人；成为朋友；建立信任；真诚互动,IGS-S2-09；IGS-S4-06；IGS-S3-G30；IGS-S3-G27,cards/IGS-S3-G06.md,用于在社交平台上认识合适的陌生人，通过公开互动、真诚倾听和小范围互助，逐步成为朋友并赢得长期信任。,必须真实透明、尊重对方选择；不伪装身份、不套取隐私、不制造虚假亲密或焦虑，对方冷淡、拒绝或沉默时停止推进。
IGS-S3-G07,内容或服务一镜到底,S3,内容吸引与共同兴趣策略,发现合适陌生人；形成可信专业感,Story 策略,提升参与感；提升持续关注理由,MADE_TO_STICK；HOOTSUITE_ALGORITHM_2026,内容不是单向表演，而是让有共同兴趣的人看见你、愿意回应你的入口。演示内容显得过度包装时，内容要为具体入口设计：Reels 抢注意、Carousel 承载理解、Story 促成回应；“内容或服务一镜到底”的作用是把这个判断变成一个可执行、可观察、可复盘的动作。执行时只把它当作建立熟悉感和互相信任的入口，不把对方当作被推进的对象。,触发条件：演示内容显得过度包装时。；具体动作：用不剪或少剪的短片展示真实操作流程。；落地要求：至少做 3 个同主题变体，用留存、保存、回复或分享判断是否保留。；边界要求：必须真实透明、尊重对方选择；不伪装身份、不套取隐私、不制造虚假亲密或焦虑，对方冷淡、拒绝或沉默时停止推进。,内容或服务一镜到底执行次数；相关内容互动率；后续对话或行动率；对方主动回应率；重复互动率,内容或服务一镜到底；演示内容显得过度包装；用不剪或少剪的短片展示真实操作流程；内容吸引与共同兴趣策略；认识陌生人；成为朋友；建立信任；真诚互动,IGS-S2-G24；IGS-S4-05；IGS-S3-G28,cards/IGS-S3-G07.md,用于在社交平台上认识合适的陌生人，通过公开互动、真诚倾听和小范围互助，逐步成为朋友并赢得长期信任。,必须真实透明、尊重对方选择；不伪装身份、不套取隐私、不制造虚假亲密或焦虑，对方冷淡、拒绝或沉默时停止推进。
IGS-S3-G08,反常识标题,S3,内容吸引与共同兴趣策略,开启自然互动；降低陌生防备,Live 策略；Reels 策略,提升专业感；提升互惠感,HOOTSUITE_ALGORITHM_2026；HOOTSUITE_REELS_2026,内容不是单向表演，而是让有共同兴趣的人看见你、愿意回应你的入口。教程内容被同质化淹没时，内容要为具体入口设计：Reels 抢注意、Carousel 承载理解、Story 促成回应；“反常识标题”的作用是把这个判断变成一个可执行、可观察、可复盘的动作。执行时只把它当作建立熟悉感和互相信任的入口，不把对方当作被推进的对象。,触发条件：教程内容被同质化淹没时。；具体动作：用一个违背常识的判断开头，再马上给理由。；落地要求：至少做 3 个同主题变体，用留存、保存、回复或分享判断是否保留。；边界要求：必须真实透明、尊重对方选择；不伪装身份、不套取隐私、不制造虚假亲密或焦虑，对方冷淡、拒绝或沉默时停止推进。,反常识标题执行次数；相关内容互动率；后续对话或行动率；对方主动回应率；重复互动率,反常识标题；教程内容被同质化淹没；用一个违背常识的判断开头，再马上给理；内容吸引与共同兴趣策略；认识陌生人；成为朋友；建立信任；真诚互动,IGS-S2-05；IGS-S4-03；IGS-S3-G29,cards/IGS-S3-G08.md,用于在社交平台上认识合适的陌生人，通过公开互动、真诚倾听和小范围互助，逐步成为朋友并赢得长期信任。,必须真实透明、尊重对方选择；不伪装身份、不套取隐私、不制造虚假亲密或焦虑，对方冷淡、拒绝或沉默时停止推进。
IGS-S3-G09,错误纠正型 Reel,S3,内容吸引与共同兴趣策略,增加 Story 回复；开启私信对话,Reels 策略,提升真实感；降低陌生感,HOOTSUITE_REELS_2026；HOOTSUITE_CAROUSEL_2025,内容不是单向表演，而是让有共同兴趣的人看见你、愿意回应你的入口。对方常犯同一类错时，内容要为具体入口设计：Reels 抢注意、Carousel 承载理解、Story 促成回应；“错误纠正型 Reel”的作用是把这个判断变成一个可执行、可观察、可复盘的动作。执行时只把它当作建立熟悉感和互相信任的入口，不把对方当作被推进的对象。,触发条件：对方常犯同一类错时。；具体动作：先展示错误做法，再给替换动作和判断标准。；落地要求：至少做 3 个同主题变体，用留存、保存、回复或分享判断是否保留。；边界要求：必须真实透明、尊重对方选择；不伪装身份、不套取隐私、不制造虚假亲密或焦虑，对方冷淡、拒绝或沉默时停止推进。,错误纠正型 Reel执行次数；相关内容互动率；后续对话或行动率；对方主动回应率；重复互动率,错误纠正型 Reel；对方常犯同一类错；先展示错误做法，再给替换动作和判断标；内容吸引与共同兴趣策略；认识陌生人；成为朋友；建立信任；真诚互动,IGS-S2-09；IGS-S4-06；IGS-S3-G24,cards/IGS-S3-G09.md,用于在社交平台上认识合适的陌生人，通过公开互动、真诚倾听和小范围互助，逐步成为朋友并赢得长期信任。,必须真实透明、尊重对方选择；不伪装身份、不套取隐私、不制造虚假亲密或焦虑，对方冷淡、拒绝或沉默时停止推进。
IGS-S3-G10,对方问题口播,S3,内容吸引与共同兴趣策略,发现合适陌生人；形成可信专业感,Carousel 策略,提升参与感；提升持续关注理由,HOOTSUITE_CAROUSEL_2025；META_REELS_ADS,内容不是单向表演，而是让有共同兴趣的人看见你、愿意回应你的入口。选题不知道怎么贴近对方时，内容要为具体入口设计：Reels 抢注意、Carousel 承载理解、Story 促成回应；“对方问题口播”的作用是把这个判断变成一个可执行、可观察、可复盘的动作。执行时只把它当作建立熟悉感和互相信任的入口，不把对方当作被推进的对象。,触发条件：选题不知道怎么贴近对方时。；具体动作：直接用一条真实问题作为开场。；落地要求：至少做 3 个同主题变体，用留存、保存、回复或分享判断是否保留。；边界要求：必须真实透明、尊重对方选择；不伪装身份、不套取隐私、不制造虚假亲密或焦虑，对方冷淡、拒绝或沉默时停止推进。,对方问题口播执行次数；相关内容互动率；后续对话或行动率；对方主动回应率；重复互动率,对方问题口播；选题不知道怎么贴近对方；直接用一条真实问题作为开场；内容吸引与共同兴趣策略；认识陌生人；成为朋友；建立信任；真诚互动,IGS-S2-G24；IGS-S4-05；IGS-S3-G22；IGS-S3-G25,cards/IGS-S3-G10.md,用于在社交平台上认识合适的陌生人，通过公开互动、真诚倾听和小范围互助，逐步成为朋友并赢得长期信任。,必须真实透明、尊重对方选择；不伪装身份、不套取隐私、不制造虚假亲密或焦虑，对方冷淡、拒绝或沉默时停止推进。
IGS-S3-G11,UGC 反应剪辑,S3,内容吸引与共同兴趣策略,开启自然互动；降低陌生防备,Story 策略,提升专业感；提升互惠感,META_REELS_ADS；INSTAGRAM_REELS_ADS_HELP,内容不是单向表演，而是让有共同兴趣的人看见你、愿意回应你的入口。账号说服力不足时，内容要为具体入口设计：Reels 抢注意、Carousel 承载理解、Story 促成回应；“UGC 反应剪辑”的作用是把这个判断变成一个可执行、可观察、可复盘的动作。执行时只把它当作建立熟悉感和互相信任的入口，不把对方当作被推进的对象。,触发条件：账号说服力不足时。；具体动作：把对方使用前疑虑、使用中反应、使用后反馈剪成一条。；落地要求：至少做 3 个同主题变体，用留存、保存、回复或分享判断是否保留。；边界要求：必须真实透明、尊重对方选择；不伪装身份、不套取隐私、不制造虚假亲密或焦虑，对方冷淡、拒绝或沉默时停止推进。,UGC 反应剪辑执行次数；相关内容互动率；后续对话或行动率；对方主动回应率；重复互动率,UGC 反应剪辑；账号说服力不足；把对方使用前疑虑、使用中反应、使用后；内容吸引与共同兴趣策略；认识陌生人；成为朋友；建立信任；真诚互动,IGS-S2-G22；IGS-S4-05；IGS-S3-G23；IGS-S3-G26,cards/IGS-S3-G11.md,用于在社交平台上认识合适的陌生人，通过公开互动、真诚倾听和小范围互助，逐步成为朋友并赢得长期信任。,必须真实透明、尊重对方选择；不伪装身份、不套取隐私、不制造虚假亲密或焦虑，对方冷淡、拒绝或沉默时停止推进。
IGS-S3-G12,Founder POV,S3,内容吸引与共同兴趣策略,增加 Story 回复；开启私信对话,Live 策略；Reels 策略,提升真实感；降低陌生感,INSTAGRAM_REELS_ADS_HELP；LATER_STORIES_CAMPAIGN,内容不是单向表演，而是让有共同兴趣的人看见你、愿意回应你的入口。账号太像机构缺少人格时，内容要为具体入口设计：Reels 抢注意、Carousel 承载理解、Story 促成回应；“Founder POV”的作用是把这个判断变成一个可执行、可观察、可复盘的动作。执行时只把它当作建立熟悉感和互相信任的入口，不把对方当作被推进的对象。,触发条件：账号太像机构缺少人格时。；具体动作：用创始人视角讲一次真实选择和取舍。；落地要求：至少做 3 个同主题变体，用留存、保存、回复或分享判断是否保留。；边界要求：必须真实透明、尊重对方选择；不伪装身份、不套取隐私、不制造虚假亲密或焦虑，对方冷淡、拒绝或沉默时停止推进。,Founder POV执行次数；相关内容互动率；后续对话或行动率；对方主动回应率；重复互动率,Founder POV；账号太像机构缺少人格；用创始人视角讲一次真实选择和取舍；内容吸引与共同兴趣策略；认识陌生人；成为朋友；建立信任；真诚互动,IGS-S2-09；IGS-S4-06；IGS-S3-G24；IGS-S3-G27,cards/IGS-S3-G12.md,用于在社交平台上认识合适的陌生人，通过公开互动、真诚倾听和小范围互助，逐步成为朋友并赢得长期信任。,必须真实透明、尊重对方选择；不伪装身份、不套取隐私、不制造虚假亲密或焦虑，对方冷淡、拒绝或沉默时停止推进。
IGS-S3-G13,趋势音频过滤,S3,内容吸引与共同兴趣策略,发现合适陌生人；形成可信专业感,Reels 策略,提升参与感；提升持续关注理由,LATER_STORIES_CAMPAIGN；MADE_TO_STICK,内容不是单向表演，而是让有共同兴趣的人看见你、愿意回应你的入口。追热点导致账号定位变散时，内容要为具体入口设计：Reels 抢注意、Carousel 承载理解、Story 促成回应；“趋势音频过滤”的作用是把这个判断变成一个可执行、可观察、可复盘的动作。执行时只把它当作建立熟悉感和互相信任的入口，不把对方当作被推进的对象。,触发条件：追热点导致账号定位变散时。；具体动作：只选能自然表达对方场景的音频，不为音频改变定位。；落地要求：至少做 3 个同主题变体，用留存、保存、回复或分享判断是否保留。；边界要求：必须真实透明、尊重对方选择；不伪装身份、不套取隐私、不制造虚假亲密或焦虑，对方冷淡、拒绝或沉默时停止推进。,趋势音频过滤执行次数；相关内容互动率；后续对话或行动率；对方主动回应率；重复互动率,趋势音频过滤；追热点导致账号定位变散；只选能自然表达对方场景的音频，不为音；内容吸引与共同兴趣策略；认识陌生人；成为朋友；建立信任；真诚互动,IGS-S2-G24；IGS-S4-05；IGS-S3-G28；IGS-S8-08,cards/IGS-S3-G13.md,用于在社交平台上认识合适的陌生人，通过公开互动、真诚倾听和小范围互助，逐步成为朋友并赢得长期信任。,必须真实透明、尊重对方选择；不伪装身份、不套取隐私、不制造虚假亲密或焦虑，对方冷淡、拒绝或沉默时停止推进。
IGS-S3-G14,Reels 封面 A/B,S3,内容吸引与共同兴趣策略,开启自然互动；降低陌生防备,Carousel 策略,提升专业感；提升互惠感,MADE_TO_STICK；HOOTSUITE_ALGORITHM_2026,内容不是单向表演，而是让有共同兴趣的人看见你、愿意回应你的入口。内容播放好但主页点击弱时，内容要为具体入口设计：Reels 抢注意、Carousel 承载理解、Story 促成回应；“Reels 封面 A/B”的作用是把这个判断变成一个可执行、可观察、可复盘的动作。执行时只把它当作建立熟悉感和互相信任的入口，不把对方当作被推进的对象。,触发条件：内容播放好但主页点击弱时。；具体动作：同主题测试人物封面、结果封面、问题封面。；落地要求：至少做 3 个同主题变体，用留存、保存、回复或分享判断是否保留。；边界要求：必须真实透明、尊重对方选择；不伪装身份、不套取隐私、不制造虚假亲密或焦虑，对方冷淡、拒绝或沉默时停止推进。,Reels 封面 A/B执行次数；相关内容互动率；后续对话或行动率；对方主动回应率；重复互动率,Reels 封面 A/B；内容播放好但主页点击弱；同主题测试人物封面、结果封面、问题封；内容吸引与共同兴趣策略；认识陌生人；成为朋友；建立信任；真诚互动,IGS-S2-06；IGS-S4-03；IGS-S3-03；IGS-S8-03,cards/IGS-S3-G14.md,用于在社交平台上认识合适的陌生人，通过公开互动、真诚倾听和小范围互助，逐步成为朋友并赢得长期信任。,必须真实透明、尊重对方选择；不伪装身份、不套取隐私、不制造虚假亲密或焦虑，对方冷淡、拒绝或沉默时停止推进。
IGS-S3-G15,Carousel 第一页单承诺,S3,内容吸引与共同兴趣策略,增加 Story 回复；开启私信对话,Story 策略,提升真实感；降低陌生感,HOOTSUITE_ALGORITHM_2026；HOOTSUITE_REELS_2026,内容不是单向表演，而是让有共同兴趣的人看见你、愿意回应你的入口。第一页塞太多信息导致滑动低时，内容要为具体入口设计：Reels 抢注意、Carousel 承载理解、Story 促成回应；“Carousel 第一页单承诺”的作用是把这个判断变成一个可执行、可观察、可复盘的动作。执行时只把它当作建立熟悉感和互相信任的入口，不把对方当作被推进的对象。,触发条件：第一页塞太多信息导致滑动低时。；具体动作：第一页只写一个承诺或一个痛点。；落地要求：至少做 3 个同主题变体，用留存、保存、回复或分享判断是否保留。；边界要求：必须真实透明、尊重对方选择；不伪装身份、不套取隐私、不制造虚假亲密或焦虑，对方冷淡、拒绝或沉默时停止推进。,Carousel 第一页单承诺执行次数；相关内容互动率；后续对话或行动率；对方主动回应率；重复互动率,Carousel 第一页单承诺；第一页塞太多信息导致滑动低；第一页只写一个承诺或一个痛点；内容吸引与共同兴趣策略；认识陌生人；成为朋友；建立信任；真诚互动,IGS-S2-09；IGS-S4-06；IGS-S3-G27；IGS-S3-G30,cards/IGS-S3-G15.md,用于在社交平台上认识合适的陌生人，通过公开互动、真诚倾听和小范围互助，逐步成为朋友并赢得长期信任。,必须真实透明、尊重对方选择；不伪装身份、不套取隐私、不制造虚假亲密或焦虑，对方冷淡、拒绝或沉默时停止推进。
IGS-S3-G16,每页一个 aha,S3,内容吸引与共同兴趣策略,发现合适陌生人；形成可信专业感,Live 策略；Reels 策略,提升参与感；提升持续关注理由,HOOTSUITE_REELS_2026；HOOTSUITE_CAROUSEL_2025,内容不是单向表演，而是让有共同兴趣的人看见你、愿意回应你的入口。Carousel 滑到中间掉点时，内容要为具体入口设计：Reels 抢注意、Carousel 承载理解、Story 促成回应；“每页一个 aha”的作用是把这个判断变成一个可执行、可观察、可复盘的动作。执行时只把它当作建立熟悉感和互相信任的入口，不把对方当作被推进的对象。,触发条件：Carousel 滑到中间掉点时。；具体动作：每页只放一个可独立保存的发现。；落地要求：至少做 3 个同主题变体，用留存、保存、回复或分享判断是否保留。；边界要求：必须真实透明、尊重对方选择；不伪装身份、不套取隐私、不制造虚假亲密或焦虑，对方冷淡、拒绝或沉默时停止推进。,每页一个 aha执行次数；相关内容互动率；后续对话或行动率；对方主动回应率；重复互动率,每页一个 aha；Carousel 滑到中间掉点；每页只放一个可独立保存的发现；内容吸引与共同兴趣策略；认识陌生人；成为朋友；建立信任；真诚互动,IGS-S2-G24；IGS-S4-04；IGS-S3-G28；IGS-S3-G01,cards/IGS-S3-G16.md,用于在社交平台上认识合适的陌生人，通过公开互动、真诚倾听和小范围互助，逐步成为朋友并赢得长期信任。,必须真实透明、尊重对方选择；不伪装身份、不套取隐私、不制造虚假亲密或焦虑，对方冷淡、拒绝或沉默时停止推进。
IGS-S3-G17,决策树 Carousel,S3,内容吸引与共同兴趣策略,开启自然互动；降低陌生防备,Reels 策略,提升专业感；提升互惠感,HOOTSUITE_CAROUSEL_2025；META_REELS_ADS,内容不是单向表演，而是让有共同兴趣的人看见你、愿意回应你的入口。对方需要判断自己该不该行动时，内容要为具体入口设计：Reels 抢注意、Carousel 承载理解、Story 促成回应；“决策树 Carousel”的作用是把这个判断变成一个可执行、可观察、可复盘的动作。执行时只把它当作建立熟悉感和互相信任的入口，不把对方当作被推进的对象。,触发条件：对方需要判断自己该不该行动时。；具体动作：用如果/那么结构帮对方做选择。；落地要求：至少做 3 个同主题变体，用留存、保存、回复或分享判断是否保留。；边界要求：必须真实透明、尊重对方选择；不伪装身份、不套取隐私、不制造虚假亲密或焦虑，对方冷淡、拒绝或沉默时停止推进。,决策树 Carousel执行次数；相关内容互动率；后续对话或行动率；对方主动回应率；重复互动率,决策树 Carousel；对方需要判断自己该不该行动；用如果/那么结构帮对方做选择；内容吸引与共同兴趣策略；认识陌生人；成为朋友；建立信任；真诚互动,IGS-S2-05；IGS-S4-03；IGS-S3-G29；IGS-S3-G23,cards/IGS-S3-G17.md,用于在社交平台上认识合适的陌生人，通过公开互动、真诚倾听和小范围互助，逐步成为朋友并赢得长期信任。,必须真实透明、尊重对方选择；不伪装身份、不套取隐私、不制造虚假亲密或焦虑，对方冷淡、拒绝或沉默时停止推进。
IGS-S3-G18,清单式 Carousel,S3,内容吸引与共同兴趣策略,增加 Story 回复；开启私信对话,Carousel 策略,提升真实感；降低陌生感,META_REELS_ADS；INSTAGRAM_REELS_ADS_HELP,内容不是单向表演，而是让有共同兴趣的人看见你、愿意回应你的入口。对方想收藏但内容难执行时，内容要为具体入口设计：Reels 抢注意、Carousel 承载理解、Story 促成回应；“清单式 Carousel”的作用是把这个判断变成一个可执行、可观察、可复盘的动作。执行时只把它当作建立熟悉感和互相信任的入口，不把对方当作被推进的对象。,触发条件：对方想收藏但内容难执行时。；具体动作：把步骤改成可勾选清单。；落地要求：至少做 3 个同主题变体，用留存、保存、回复或分享判断是否保留。；边界要求：必须真实透明、尊重对方选择；不伪装身份、不套取隐私、不制造虚假亲密或焦虑，对方冷淡、拒绝或沉默时停止推进。,清单式 Carousel执行次数；相关内容互动率；后续对话或行动率；对方主动回应率；重复互动率,清单式 Carousel；对方想收藏但内容难执行；把步骤改成可勾选清单；内容吸引与共同兴趣策略；认识陌生人；成为朋友；建立信任；真诚互动,IGS-S2-09；IGS-S4-06；IGS-S3-G30；IGS-S3-G24,cards/IGS-S3-G18.md,用于在社交平台上认识合适的陌生人，通过公开互动、真诚倾听和小范围互助，逐步成为朋友并赢得长期信任。,必须真实透明、尊重对方选择；不伪装身份、不套取隐私、不制造虚假亲密或焦虑，对方冷淡、拒绝或沉默时停止推进。
IGS-S3-G19,误区对照 Carousel,S3,内容吸引与共同兴趣策略,发现合适陌生人；形成可信专业感,Story 策略,提升参与感；提升持续关注理由,INSTAGRAM_REELS_ADS_HELP；LATER_STORIES_CAMPAIGN,内容不是单向表演，而是让有共同兴趣的人看见你、愿意回应你的入口。评论区反复争论概念时，内容要为具体入口设计：Reels 抢注意、Carousel 承载理解、Story 促成回应；“误区对照 Carousel”的作用是把这个判断变成一个可执行、可观察、可复盘的动作。执行时只把它当作建立熟悉感和互相信任的入口，不把对方当作被推进的对象。,触发条件：评论区反复争论概念时。；具体动作：一页误区、一页替代说法、一页例子。；落地要求：至少做 3 个同主题变体，用留存、保存、回复或分享判断是否保留。；边界要求：必须真实透明、尊重对方选择；不伪装身份、不套取隐私、不制造虚假亲密或焦虑，对方冷淡、拒绝或沉默时停止推进。,误区对照 Carousel执行次数；相关内容互动率；后续对话或行动率；对方主动回应率；重复互动率,误区对照 Carousel；评论区反复争论概念；一页误区、一页替代说法、一页例子；内容吸引与共同兴趣策略；认识陌生人；成为朋友；建立信任；真诚互动,IGS-S2-G24；IGS-S4-05；IGS-S3-G07；IGS-S3-G25,cards/IGS-S3-G19.md,用于在社交平台上认识合适的陌生人，通过公开互动、真诚倾听和小范围互助，逐步成为朋友并赢得长期信任。,必须真实透明、尊重对方选择；不伪装身份、不套取隐私、不制造虚假亲密或焦虑，对方冷淡、拒绝或沉默时停止推进。
IGS-S3-G20,案例拆解 Carousel,S3,内容吸引与共同兴趣策略,开启自然互动；降低陌生防备,Live 策略；Reels 策略,提升专业感；提升互惠感,LATER_STORIES_CAMPAIGN；MADE_TO_STICK,内容不是单向表演，而是让有共同兴趣的人看见你、愿意回应你的入口。案例内容像成果炫耀时，内容要为具体入口设计：Reels 抢注意、Carousel 承载理解、Story 促成回应；“案例拆解 Carousel”的作用是把这个判断变成一个可执行、可观察、可复盘的动作。执行时只把它当作建立熟悉感和互相信任的入口，不把对方当作被推进的对象。,触发条件：案例内容像成果炫耀时。；具体动作：按背景、动作、变化、限制拆解。；落地要求：至少做 3 个同主题变体，用留存、保存、回复或分享判断是否保留。；边界要求：必须真实透明、尊重对方选择；不伪装身份、不套取隐私、不制造虚假亲密或焦虑，对方冷淡、拒绝或沉默时停止推进。,案例拆解 Carousel执行次数；相关内容互动率；后续对话或行动率；对方主动回应率；重复互动率,案例拆解 Carousel；案例内容像成果炫耀；按背景、动作、变化、限制拆解；内容吸引与共同兴趣策略；认识陌生人；成为朋友；建立信任；真诚互动,IGS-S2-05；IGS-S4-03；IGS-S3-G08；IGS-S3-G05,cards/IGS-S3-G20.md,用于在社交平台上认识合适的陌生人，通过公开互动、真诚倾听和小范围互助，逐步成为朋友并赢得长期信任。,必须真实透明、尊重对方选择；不伪装身份、不套取隐私、不制造虚假亲密或焦虑，对方冷淡、拒绝或沉默时停止推进。
IGS-S3-G21,反对意见 Carousel,S3,内容吸引与共同兴趣策略,增加 Story 回复；开启私信对话,Reels 策略,提升真实感；降低陌生感,MADE_TO_STICK；HOOTSUITE_ALGORITHM_2026,内容不是单向表演，而是让有共同兴趣的人看见你、愿意回应你的入口。对方看完仍有顾虑时，内容要为具体入口设计：Reels 抢注意、Carousel 承载理解、Story 促成回应；“反对意见 Carousel”的作用是把这个判断变成一个可执行、可观察、可复盘的动作。执行时只把它当作建立熟悉感和互相信任的入口，不把对方当作被推进的对象。,触发条件：对方看完仍有顾虑时。；具体动作：一页一个顾虑，并给具体证据或边界。；落地要求：至少做 3 个同主题变体，用留存、保存、回复或分享判断是否保留。；边界要求：必须真实透明、尊重对方选择；不伪装身份、不套取隐私、不制造虚假亲密或焦虑，对方冷淡、拒绝或沉默时停止推进。,反对意见 Carousel执行次数；相关内容互动率；后续对话或行动率；对方主动回应率；重复互动率,反对意见 Carousel；对方看完仍有顾虑；一页一个顾虑，并给具体证据或边界；内容吸引与共同兴趣策略；认识陌生人；成为朋友；建立信任；真诚互动,IGS-S2-09；IGS-S4-06；IGS-S3-G24；IGS-S3-G27,cards/IGS-S3-G21.md,用于在社交平台上认识合适的陌生人，通过公开互动、真诚倾听和小范围互助，逐步成为朋友并赢得长期信任。,必须真实透明、尊重对方选择；不伪装身份、不套取隐私、不制造虚假亲密或焦虑，对方冷淡、拒绝或沉默时停止推进。
IGS-S3-G22,Story 三帧小剧场,S3,内容吸引与共同兴趣策略,发现合适陌生人；形成可信专业感,Carousel 策略,提升参与感；提升持续关注理由,HOOTSUITE_ALGORITHM_2026；HOOTSUITE_REELS_2026,内容不是单向表演，而是让有共同兴趣的人看见你、愿意回应你的入口。Story 看完率低时，内容要为具体入口设计：Reels 抢注意、Carousel 承载理解、Story 促成回应；“Story 三帧小剧场”的作用是把这个判断变成一个可执行、可观察、可复盘的动作。执行时只把它当作建立熟悉感和互相信任的入口，不把对方当作被推进的对象。,触发条件：Story 看完率低时。；具体动作：用问题、转折、邀请三帧完成一个小闭环。；落地要求：至少做 3 个同主题变体，用留存、保存、回复或分享判断是否保留。；边界要求：必须真实透明、尊重对方选择；不伪装身份、不套取隐私、不制造虚假亲密或焦虑，对方冷淡、拒绝或沉默时停止推进。,Story 三帧小剧场执行次数；相关内容互动率；后续对话或行动率；对方主动回应率；重复互动率,Story 三帧小剧场；Story 看完率低；用问题、转折、邀请三帧完成一个小闭环；内容吸引与共同兴趣策略；认识陌生人；成为朋友；建立信任；真诚互动,IGS-S2-G24；IGS-S4-05；IGS-S3-G10；IGS-S3-G01,cards/IGS-S3-G22.md,用于在社交平台上认识合适的陌生人，通过公开互动、真诚倾听和小范围互助，逐步成为朋友并赢得长期信任。,必须真实透明、尊重对方选择；不伪装身份、不套取隐私、不制造虚假亲密或焦虑，对方冷淡、拒绝或沉默时停止推进。
IGS-S3-G23,投票阶梯,S3,内容吸引与共同兴趣策略,开启自然互动；降低陌生防备,Story 策略,提升专业感；提升互惠感,HOOTSUITE_REELS_2026；HOOTSUITE_CAROUSEL_2025,内容不是单向表演，而是让有共同兴趣的人看见你、愿意回应你的入口。Story 投票只有表态没有后续时，内容要为具体入口设计：Reels 抢注意、Carousel 承载理解、Story 促成回应；“投票阶梯”的作用是把这个判断变成一个可执行、可观察、可复盘的动作。执行时只把它当作建立熟悉感和互相信任的入口，不把对方当作被推进的对象。,触发条件：Story 投票只有表态没有后续时。；具体动作：第一票问现状，第二票问阻碍，第三票引导 DM。；落地要求：至少做 3 个同主题变体，用留存、保存、回复或分享判断是否保留。；边界要求：必须真实透明、尊重对方选择；不伪装身份、不套取隐私、不制造虚假亲密或焦虑，对方冷淡、拒绝或沉默时停止推进。,投票阶梯执行次数；相关内容互动率；后续对话或行动率；对方主动回应率；重复互动率,投票阶梯；Story 投票只有表态没有后续；第一票问现状，第二票问阻碍，第三票引；内容吸引与共同兴趣策略；认识陌生人；成为朋友；建立信任；真诚互动,IGS-S2-G22；IGS-S4-05；IGS-S3-G11；IGS-S3-G02,cards/IGS-S3-G23.md,用于在社交平台上认识合适的陌生人，通过公开互动、真诚倾听和小范围互助，逐步成为朋友并赢得长期信任。,必须真实透明、尊重对方选择；不伪装身份、不套取隐私、不制造虚假亲密或焦虑，对方冷淡、拒绝或沉默时停止推进。
IGS-S3-G24,开放问题限缩,S3,内容吸引与共同兴趣策略,增加 Story 回复；开启私信对话,Live 策略；Reels 策略,提升真实感；降低陌生感,HOOTSUITE_CAROUSEL_2025；META_REELS_ADS,内容不是单向表演，而是让有共同兴趣的人看见你、愿意回应你的入口。问答框无人回答时，内容要为具体入口设计：Reels 抢注意、Carousel 承载理解、Story 促成回应；“开放问题限缩”的作用是把这个判断变成一个可执行、可观察、可复盘的动作。执行时只把它当作建立熟悉感和互相信任的入口，不把对方当作被推进的对象。,触发条件：问答框无人回答时。；具体动作：把你有什么问题改成 A/B/C 哪个最卡。；落地要求：至少做 3 个同主题变体，用留存、保存、回复或分享判断是否保留。；边界要求：必须真实透明、尊重对方选择；不伪装身份、不套取隐私、不制造虚假亲密或焦虑，对方冷淡、拒绝或沉默时停止推进。,开放问题限缩执行次数；相关内容互动率；后续对话或行动率；对方主动回应率；重复互动率,开放问题限缩；问答框无人回答；把你有什么问题改成 A/B/C 哪个；内容吸引与共同兴趣策略；认识陌生人；成为朋友；建立信任；真诚互动,IGS-S2-09；IGS-S4-06；IGS-S3-G12；IGS-S3-G09,cards/IGS-S3-G24.md,用于在社交平台上认识合适的陌生人，通过公开互动、真诚倾听和小范围互助，逐步成为朋友并赢得长期信任。,必须真实透明、尊重对方选择；不伪装身份、不套取隐私、不制造虚假亲密或焦虑，对方冷淡、拒绝或沉默时停止推进。
IGS-S3-G25,Story 证据碎片,S3,内容吸引与共同兴趣策略,发现合适陌生人；形成可信专业感,Reels 策略,提升参与感；提升持续关注理由,META_REELS_ADS；INSTAGRAM_REELS_ADS_HELP,内容不是单向表演，而是让有共同兴趣的人看见你、愿意回应你的入口。案例太正式不适合天天发时，内容要为具体入口设计：Reels 抢注意、Carousel 承载理解、Story 促成回应；“Story 证据碎片”的作用是把这个判断变成一个可执行、可观察、可复盘的动作。执行时只把它当作建立熟悉感和互相信任的入口，不把对方当作被推进的对象。,触发条件：案例太正式不适合天天发时。；具体动作：把截图、过程、反馈、复盘拆成日常证据。；落地要求：至少做 3 个同主题变体，用留存、保存、回复或分享判断是否保留。；边界要求：必须真实透明、尊重对方选择；不伪装身份、不套取隐私、不制造虚假亲密或焦虑，对方冷淡、拒绝或沉默时停止推进。,Story 证据碎片执行次数；相关内容互动率；后续对话或行动率；对方主动回应率；重复互动率,Story 证据碎片；案例太正式不适合天天发；把截图、过程、反馈、复盘拆成日常证据；内容吸引与共同兴趣策略；认识陌生人；成为朋友；建立信任；真诚互动,IGS-S2-G24；IGS-S4-05；IGS-S3-G04,cards/IGS-S3-G25.md,用于在社交平台上认识合适的陌生人，通过公开互动、真诚倾听和小范围互助，逐步成为朋友并赢得长期信任。,必须真实透明、尊重对方选择；不伪装身份、不套取隐私、不制造虚假亲密或焦虑，对方冷淡、拒绝或沉默时停止推进。
IGS-S3-G26,Live 开场 60 秒承诺,S3,内容吸引与共同兴趣策略,开启自然互动；降低陌生防备,Carousel 策略,提升专业感；提升互惠感,INSTAGRAM_REELS_ADS_HELP；LATER_STORIES_CAMPAIGN,内容不是单向表演，而是让有共同兴趣的人看见你、愿意回应你的入口。直播开头流失快时，内容要为具体入口设计：Reels 抢注意、Carousel 承载理解、Story 促成回应；“Live 开场 60 秒承诺”的作用是把这个判断变成一个可执行、可观察、可复盘的动作。执行时只把它当作建立熟悉感和互相信任的入口，不把对方当作被推进的对象。,触发条件：直播开头流失快时。；具体动作：开场先说今天解决什么、不解决什么、适合谁。；落地要求：至少做 3 个同主题变体，用留存、保存、回复或分享判断是否保留。；边界要求：必须真实透明、尊重对方选择；不伪装身份、不套取隐私、不制造虚假亲密或焦虑，对方冷淡、拒绝或沉默时停止推进。,Live 开场 60 秒承诺执行次数；相关内容互动率；后续对话或行动率；对方主动回应率；重复互动率,Live 开场 60 秒承诺；直播开头流失快；开场先说今天解决什么、不解决什么、适；内容吸引与共同兴趣策略；认识陌生人；成为朋友；建立信任；真诚互动,IGS-S2-06；IGS-S4-03；IGS-S3-G14；IGS-S3-G05,cards/IGS-S3-G26.md,用于在社交平台上认识合适的陌生人，通过公开互动、真诚倾听和小范围互助，逐步成为朋友并赢得长期信任。,必须真实透明、尊重对方选择；不伪装身份、不套取隐私、不制造虚假亲密或焦虑，对方冷淡、拒绝或沉默时停止推进。
IGS-S3-G27,Live 问题停车场,S3,内容吸引与共同兴趣策略,增加 Story 回复；开启私信对话,Story 策略,提升真实感；降低陌生感,LATER_STORIES_CAMPAIGN；MADE_TO_STICK,内容不是单向表演，而是让有共同兴趣的人看见你、愿意回应你的入口。直播被零散问题打断时，内容要为具体入口设计：Reels 抢注意、Carousel 承载理解、Story 促成回应；“Live 问题停车场”的作用是把这个判断变成一个可执行、可观察、可复盘的动作。执行时只把它当作建立熟悉感和互相信任的入口，不把对方当作被推进的对象。,触发条件：直播被零散问题打断时。；具体动作：把非主题问题放进停车场，结尾集中答。；落地要求：至少做 3 个同主题变体，用留存、保存、回复或分享判断是否保留。；边界要求：必须真实透明、尊重对方选择；不伪装身份、不套取隐私、不制造虚假亲密或焦虑，对方冷淡、拒绝或沉默时停止推进。,Live 问题停车场执行次数；相关内容互动率；后续对话或行动率；对方主动回应率；重复互动率,Live 问题停车场；直播被零散问题打断；把非主题问题放进停车场，结尾集中答；内容吸引与共同兴趣策略；认识陌生人；成为朋友；建立信任；真诚互动,IGS-S2-09；IGS-S4-06；IGS-S3-G15；IGS-S3-G06,cards/IGS-S3-G27.md,用于在社交平台上认识合适的陌生人，通过公开互动、真诚倾听和小范围互助，逐步成为朋友并赢得长期信任。,必须真实透明、尊重对方选择；不伪装身份、不套取隐私、不制造虚假亲密或焦虑，对方冷淡、拒绝或沉默时停止推进。
IGS-S3-G28,直播回放切片,S3,内容吸引与共同兴趣策略,发现合适陌生人；形成可信专业感,Live 策略；Reels 策略,提升参与感；提升持续关注理由,MADE_TO_STICK；HOOTSUITE_ALGORITHM_2026,内容不是单向表演，而是让有共同兴趣的人看见你、愿意回应你的入口。Live 做完就沉没时，内容要为具体入口设计：Reels 抢注意、Carousel 承载理解、Story 促成回应；“直播回放切片”的作用是把这个判断变成一个可执行、可观察、可复盘的动作。执行时只把它当作建立熟悉感和互相信任的入口，不把对方当作被推进的对象。,触发条件：Live 做完就沉没时。；具体动作：剪成 3 条 Reel、1 条 Carousel 和 1 个 FAQ。；落地要求：至少做 3 个同主题变体，用留存、保存、回复或分享判断是否保留。；边界要求：必须真实透明、尊重对方选择；不伪装身份、不套取隐私、不制造虚假亲密或焦虑，对方冷淡、拒绝或沉默时停止推进。,直播回放切片执行次数；相关内容互动率；后续对话或行动率；对方主动回应率；重复互动率,直播回放切片；Live 做完就沉没；剪成 3 条 Reel、1 条 Ca；内容吸引与共同兴趣策略；认识陌生人；成为朋友；建立信任；真诚互动,IGS-S2-G24；IGS-S4-04；IGS-S3-G16；IGS-S8-08,cards/IGS-S3-G28.md,用于在社交平台上认识合适的陌生人，通过公开互动、真诚倾听和小范围互助，逐步成为朋友并赢得长期信任。,必须真实透明、尊重对方选择；不伪装身份、不套取隐私、不制造虚假亲密或焦虑，对方冷淡、拒绝或沉默时停止推进。
IGS-S3-G29,数据故事化,S3,内容吸引与共同兴趣策略,开启自然互动；降低陌生防备,Reels 策略,提升专业感；提升互惠感,HOOTSUITE_ALGORITHM_2026；HOOTSUITE_REELS_2026,内容不是单向表演，而是让有共同兴趣的人看见你、愿意回应你的入口。数据内容枯燥难传播时，内容要为具体入口设计：Reels 抢注意、Carousel 承载理解、Story 促成回应；“数据故事化”的作用是把这个判断变成一个可执行、可观察、可复盘的动作。执行时只把它当作建立熟悉感和互相信任的入口，不把对方当作被推进的对象。,触发条件：数据内容枯燥难传播时。；具体动作：把数字放进对方前后对比场景里讲。；落地要求：至少做 3 个同主题变体，用留存、保存、回复或分享判断是否保留。；边界要求：必须真实透明、尊重对方选择；不伪装身份、不套取隐私、不制造虚假亲密或焦虑，对方冷淡、拒绝或沉默时停止推进。,数据故事化执行次数；相关内容互动率；后续对话或行动率；对方主动回应率；重复互动率,数据故事化；数据内容枯燥难传播；把数字放进对方前后对比场景里讲；内容吸引与共同兴趣策略；认识陌生人；成为朋友；建立信任；真诚互动,IGS-S2-05；IGS-S4-03；IGS-S3-G08,cards/IGS-S3-G29.md,用于在社交平台上认识合适的陌生人，通过公开互动、真诚倾听和小范围互助，逐步成为朋友并赢得长期信任。,必须真实透明、尊重对方选择；不伪装身份、不套取隐私、不制造虚假亲密或焦虑，对方冷淡、拒绝或沉默时停止推进。
IGS-S3-G30,保存型结尾,S3,内容吸引与共同兴趣策略,增加 Story 回复；开启私信对话,Carousel 策略,提升真实感；降低陌生感,HOOTSUITE_REELS_2026；HOOTSUITE_CAROUSEL_2025,内容不是单向表演，而是让有共同兴趣的人看见你、愿意回应你的入口。内容有价值但保存低时，内容要为具体入口设计：Reels 抢注意、Carousel 承载理解、Story 促成回应；“保存型结尾”的作用是把这个判断变成一个可执行、可观察、可复盘的动作。执行时只把它当作建立熟悉感和互相信任的入口，不把对方当作被推进的对象。,触发条件：内容有价值但保存低时。；具体动作：结尾明确告诉对方何时会用到它，并提醒保存。；落地要求：至少做 3 个同主题变体，用留存、保存、回复或分享判断是否保留。；边界要求：必须真实透明、尊重对方选择；不伪装身份、不套取隐私、不制造虚假亲密或焦虑，对方冷淡、拒绝或沉默时停止推进。,保存型结尾执行次数；相关内容互动率；后续对话或行动率；对方主动回应率；重复互动率,保存型结尾；内容有价值但保存低；结尾明确告诉对方何时会用到它，并提醒；内容吸引与共同兴趣策略；认识陌生人；成为朋友；建立信任；真诚互动,IGS-S2-09；IGS-S4-06；IGS-S3-G18；IGS-S3-G09,cards/IGS-S3-G30.md,用于在社交平台上认识合适的陌生人，通过公开互动、真诚倾听和小范围互助，逐步成为朋友并赢得长期信任。,必须真实透明、尊重对方选择；不伪装身份、不套取隐私、不制造虚假亲密或焦虑，对方冷淡、拒绝或沉默时停止推进。
IGS-S4-G01,评论前 10 秒判断,S4,公共互动与破冰策略,发现合适陌生人；开启自然互动,评论策略,降低陌生感；提升参与感,SPROUT_INSTAGRAM_ENGAGEMENT_CASE；SPROUT_CASE_STUDIES,公共互动的重点是在已有语境里贡献价值，让对方先觉得你具体、礼貌、可信。准备在同行内容下互动时，主动互动的目的不是刷存在感，而是在相关语境里留下可信贡献；“评论前 10 秒判断”的作用是把这个判断变成一个可执行、可观察、可复盘的动作。执行时只把它当作建立熟悉感和互相信任的入口，不把对方当作被推进的对象。,触发条件：准备在同行内容下互动时。；具体动作：先判断自己能否补充信息、共鸣或提问，不能就不评论。；落地要求：记录互动对象、上下文和结果，保留能带来真实关系的入口。；边界要求：必须真实透明、尊重对方选择；不伪装身份、不套取隐私、不制造虚假亲密或焦虑，对方冷淡、拒绝或沉默时停止推进。,评论前 10 秒判断执行次数；相关内容互动率；后续对话或行动率；对方主动回应率；重复互动率,评论前 10 秒判断；准备在同行内容下互动；先判断自己能否补充信息、共鸣或提问，；公共互动与破冰策略；认识陌生人；成为朋友；建立信任；真诚互动,IGS-S3-G28；IGS-S5-G28；IGS-S4-G16,cards/IGS-S4-G01.md,用于在社交平台上认识合适的陌生人，通过公开互动、真诚倾听和小范围互助，逐步成为朋友并赢得长期信任。,必须真实透明、尊重对方选择；不伪装身份、不套取隐私、不制造虚假亲密或焦虑，对方冷淡、拒绝或沉默时停止推进。
IGS-S4-G02,补充型评论,S4,公共互动与破冰策略,开启私信对话；建立长期朋友关系,Story 策略；私信策略,提升被理解感；提升安全感,SPROUT_CASE_STUDIES；CARNEGIE,公共互动的重点是在已有语境里贡献价值，让对方先觉得你具体、礼貌、可信。想被相关受众看见但不想硬广时，主动互动的目的不是刷存在感，而是在相关语境里留下可信贡献；“补充型评论”的作用是把这个判断变成一个可执行、可观察、可复盘的动作。执行时只把它当作建立熟悉感和互相信任的入口，不把对方当作被推进的对象。,触发条件：想被相关受众看见但不想硬广时。；具体动作：用一个具体例子补充原帖观点。；落地要求：记录互动对象、上下文和结果，保留能带来真实关系的入口。；边界要求：必须真实透明、尊重对方选择；不伪装身份、不套取隐私、不制造虚假亲密或焦虑，对方冷淡、拒绝或沉默时停止推进。,补充型评论执行次数；相关内容互动率；后续对话或行动率；对方主动回应率；重复互动率,补充型评论；想被相关受众看见但不想硬广；用一个具体例子补充原帖观点；公共互动与破冰策略；认识陌生人；成为朋友；建立信任；真诚互动,IGS-S3-07；IGS-S5-02；IGS-S4-G17,cards/IGS-S4-G02.md,用于在社交平台上认识合适的陌生人，通过公开互动、真诚倾听和小范围互助，逐步成为朋友并赢得长期信任。,必须真实透明、尊重对方选择；不伪装身份、不套取隐私、不制造虚假亲密或焦虑，对方冷淡、拒绝或沉默时停止推进。
IGS-S4-G03,经验型评论,S4,公共互动与破冰策略,提升主页可信感；形成可信专业感,社群/圈层策略；Reels 策略,提升专业感；提升真实感,CARNEGIE；GREATER_GOOD_LISTENING,公共互动的重点是在已有语境里贡献价值，让对方先觉得你具体、礼貌、可信。同领域对方讨论真实问题时，主动互动的目的不是刷存在感，而是在相关语境里留下可信贡献；“经验型评论”的作用是把这个判断变成一个可执行、可观察、可复盘的动作。执行时只把它当作建立熟悉感和互相信任的入口，不把对方当作被推进的对象。,触发条件：同领域对方讨论真实问题时。；具体动作：分享一次真实踩坑和一个可执行建议。；落地要求：记录互动对象、上下文和结果，保留能带来真实关系的入口。；边界要求：必须真实透明、尊重对方选择；不伪装身份、不套取隐私、不制造虚假亲密或焦虑，对方冷淡、拒绝或沉默时停止推进。,经验型评论执行次数；相关内容互动率；后续对话或行动率；对方主动回应率；重复互动率,经验型评论；同领域对方讨论真实问题；分享一次真实踩坑和一个可执行建议；公共互动与破冰策略；认识陌生人；成为朋友；建立信任；真诚互动,IGS-S3-02；IGS-S5-08；IGS-S4-G18,cards/IGS-S4-G03.md,用于在社交平台上认识合适的陌生人，通过公开互动、真诚倾听和小范围互助，逐步成为朋友并赢得长期信任。,必须真实透明、尊重对方选择；不伪装身份、不套取隐私、不制造虚假亲密或焦虑，对方冷淡、拒绝或沉默时停止推进。
IGS-S4-G04,提问型评论,S4,公共互动与破冰策略,发现合适陌生人；开启自然互动,评论策略,降低陌生感；提升参与感,GREATER_GOOD_LISTENING；HOOTSUITE_ALGORITHM_2026,公共互动的重点是在已有语境里贡献价值，让对方先觉得你具体、礼貌、可信。想开启对话但不抢主题时，主动互动的目的不是刷存在感，而是在相关语境里留下可信贡献；“提问型评论”的作用是把这个判断变成一个可执行、可观察、可复盘的动作。执行时只把它当作建立熟悉感和互相信任的入口，不把对方当作被推进的对象。,触发条件：想开启对话但不抢主题时。；具体动作：问一个能让原作者继续展开的问题。；落地要求：记录互动对象、上下文和结果，保留能带来真实关系的入口。；边界要求：必须真实透明、尊重对方选择；不伪装身份、不套取隐私、不制造虚假亲密或焦虑，对方冷淡、拒绝或沉默时停止推进。,提问型评论执行次数；相关内容互动率；后续对话或行动率；对方主动回应率；重复互动率,提问型评论；想开启对话但不抢主题；问一个能让原作者继续展开的问题；公共互动与破冰策略；认识陌生人；成为朋友；建立信任；真诚互动,IGS-S3-G28；IGS-S5-G28；IGS-S4-G19,cards/IGS-S4-G04.md,用于在社交平台上认识合适的陌生人，通过公开互动、真诚倾听和小范围互助，逐步成为朋友并赢得长期信任。,必须真实透明、尊重对方选择；不伪装身份、不套取隐私、不制造虚假亲密或焦虑，对方冷淡、拒绝或沉默时停止推进。
IGS-S4-G05,评论串延长,S4,公共互动与破冰策略,开启私信对话；建立长期朋友关系,Story 策略；私信策略,提升被理解感；提升安全感,HOOTSUITE_ALGORITHM_2026；SPROUT_INSTAGRAM_ENGAGEMENT_CASE,公共互动的重点是在已有语境里贡献价值，让对方先觉得你具体、礼貌、可信。自己的内容有评论但很快结束时，主动互动的目的不是刷存在感，而是在相关语境里留下可信贡献；“评论串延长”的作用是把这个判断变成一个可执行、可观察、可复盘的动作。执行时只把它当作建立熟悉感和互相信任的入口，不把对方当作被推进的对象。,触发条件：自己的内容有评论但很快结束时。；具体动作：每次回复只追问一个具体细节。；落地要求：记录互动对象、上下文和结果，保留能带来真实关系的入口。；边界要求：必须真实透明、尊重对方选择；不伪装身份、不套取隐私、不制造虚假亲密或焦虑，对方冷淡、拒绝或沉默时停止推进。,评论串延长执行次数；相关内容互动率；后续对话或行动率；对方主动回应率；重复互动率,评论串延长；自己的内容有评论但很快结束；每次回复只追问一个具体细节；公共互动与破冰策略；认识陌生人；成为朋友；建立信任；真诚互动,IGS-S3-07；IGS-S5-02；IGS-S4-G20,cards/IGS-S4-G05.md,用于在社交平台上认识合适的陌生人，通过公开互动、真诚倾听和小范围互助，逐步成为朋友并赢得长期信任。,必须真实透明、尊重对方选择；不伪装身份、不套取隐私、不制造虚假亲密或焦虑，对方冷淡、拒绝或沉默时停止推进。
IGS-S4-G06,置顶评论补入口,S4,公共互动与破冰策略,提升主页可信感；形成可信专业感,社群/圈层策略；Reels 策略,提升专业感；提升真实感,SPROUT_INSTAGRAM_ENGAGEMENT_CASE；SPROUT_CASE_STUDIES,公共互动的重点是在已有语境里贡献价值，让对方先觉得你具体、礼貌、可信。帖文 CTA 不够醒目时，主动互动的目的不是刷存在感，而是在相关语境里留下可信贡献；“置顶评论补入口”的作用是把这个判断变成一个可执行、可观察、可复盘的动作。执行时只把它当作建立熟悉感和互相信任的入口，不把对方当作被推进的对象。,触发条件：帖文 CTA 不够醒目时。；具体动作：把补充资源、问题或关键词放进置顶评论。；落地要求：记录互动对象、上下文和结果，保留能带来真实关系的入口。；边界要求：必须真实透明、尊重对方选择；不伪装身份、不套取隐私、不制造虚假亲密或焦虑，对方冷淡、拒绝或沉默时停止推进。,置顶评论补入口执行次数；相关内容互动率；后续对话或行动率；对方主动回应率；重复互动率,置顶评论补入口；帖文 CTA 不够醒目；把补充资源、问题或关键词放进置顶评论；公共互动与破冰策略；认识陌生人；成为朋友；建立信任；真诚互动,IGS-S3-02；IGS-S5-09；IGS-S4-G21,cards/IGS-S4-G06.md,用于在社交平台上认识合适的陌生人，通过公开互动、真诚倾听和小范围互助，逐步成为朋友并赢得长期信任。,必须真实透明、尊重对方选择；不伪装身份、不套取隐私、不制造虚假亲密或焦虑，对方冷淡、拒绝或沉默时停止推进。
IGS-S4-G07,账号关键词巡逻,S4,公共互动与破冰策略,发现合适陌生人；开启自然互动,评论策略,降低陌生感；提升参与感,SPROUT_CASE_STUDIES；CARNEGIE,公共互动的重点是在已有语境里贡献价值，让对方先觉得你具体、礼貌、可信。对方提到你但没有 tag 时，主动互动的目的不是刷存在感，而是在相关语境里留下可信贡献；“账号关键词巡逻”的作用是把这个判断变成一个可执行、可观察、可复盘的动作。执行时只把它当作建立熟悉感和互相信任的入口，不把对方当作被推进的对象。,触发条件：对方提到你但没有 tag 时。；具体动作：每周搜账号名、内容或服务名、错别字和相关关键词。；落地要求：记录互动对象、上下文和结果，保留能带来真实关系的入口。；边界要求：必须真实透明、尊重对方选择；不伪装身份、不套取隐私、不制造虚假亲密或焦虑，对方冷淡、拒绝或沉默时停止推进。,账号关键词巡逻执行次数；相关内容互动率；后续对话或行动率；对方主动回应率；重复互动率,账号关键词巡逻；对方提到你但没有 tag ；每周搜账号名、内容或服务名、错别字和相关关；公共互动与破冰策略；认识陌生人；成为朋友；建立信任；真诚互动,IGS-S3-G28；IGS-S5-01；IGS-S4-G22,cards/IGS-S4-G07.md,用于在社交平台上认识合适的陌生人，通过公开互动、真诚倾听和小范围互助，逐步成为朋友并赢得长期信任。,必须真实透明、尊重对方选择；不伪装身份、不套取隐私、不制造虚假亲密或焦虑，对方冷淡、拒绝或沉默时停止推进。
IGS-S4-G08,UGC 感谢顺序,S4,公共互动与破冰策略,开启私信对话；建立长期朋友关系,Story 策略；私信策略,提升被理解感；提升安全感,CARNEGIE；GREATER_GOOD_LISTENING,公共互动的重点是在已有语境里贡献价值，让对方先觉得你具体、礼貌、可信。对方自发分享内容时，主动互动的目的不是刷存在感，而是在相关语境里留下可信贡献；“UGC 感谢顺序”的作用是把这个判断变成一个可执行、可观察、可复盘的动作。执行时只把它当作建立熟悉感和互相信任的入口，不把对方当作被推进的对象。,触发条件：对方自发分享内容时。；具体动作：先感谢、再请求授权、再说明会如何使用。；落地要求：记录互动对象、上下文和结果，保留能带来真实关系的入口。；边界要求：必须真实透明、尊重对方选择；不伪装身份、不套取隐私、不制造虚假亲密或焦虑，对方冷淡、拒绝或沉默时停止推进。,UGC 感谢顺序执行次数；相关内容互动率；后续对话或行动率；对方主动回应率；重复互动率,UGC 感谢顺序；对方自发分享内容；先感谢、再请求授权、再说明会如何使用；公共互动与破冰策略；认识陌生人；成为朋友；建立信任；真诚互动,IGS-S3-07；IGS-S5-02；IGS-S4-G23,cards/IGS-S4-G08.md,用于在社交平台上认识合适的陌生人，通过公开互动、真诚倾听和小范围互助，逐步成为朋友并赢得长期信任。,必须真实透明、尊重对方选择；不伪装身份、不套取隐私、不制造虚假亲密或焦虑，对方冷淡、拒绝或沉默时停止推进。
IGS-S4-G09,相邻行业串联,S4,公共互动与破冰策略,提升主页可信感；形成可信专业感,社群/圈层策略；Reels 策略,提升专业感；提升真实感,GREATER_GOOD_LISTENING；HOOTSUITE_ALGORITHM_2026,公共互动的重点是在已有语境里贡献价值，让对方先觉得你具体、礼貌、可信。只在同行圈互动导致增长慢时，主动互动的目的不是刷存在感，而是在相关语境里留下可信贡献；“相邻行业串联”的作用是把这个判断变成一个可执行、可观察、可复盘的动作。执行时只把它当作建立熟悉感和互相信任的入口，不把对方当作被推进的对象。,触发条件：只在同行圈互动导致增长慢时。；具体动作：进入对方上游和下游行业账号评论区。；落地要求：记录互动对象、上下文和结果，保留能带来真实关系的入口。；边界要求：必须真实透明、尊重对方选择；不伪装身份、不套取隐私、不制造虚假亲密或焦虑，对方冷淡、拒绝或沉默时停止推进。,相邻行业串联执行次数；相关内容互动率；后续对话或行动率；对方主动回应率；重复互动率,相邻行业串联；只在同行圈互动导致增长慢；进入对方上游和下游行业账号评论区；公共互动与破冰策略；认识陌生人；成为朋友；建立信任；真诚互动,IGS-S3-02；IGS-S5-09；IGS-S4-G24,cards/IGS-S4-G09.md,用于在社交平台上认识合适的陌生人，通过公开互动、真诚倾听和小范围互助，逐步成为朋友并赢得长期信任。,必须真实透明、尊重对方选择；不伪装身份、不套取隐私、不制造虚假亲密或焦虑，对方冷淡、拒绝或沉默时停止推进。
IGS-S4-G10,位置标签互动,S4,公共互动与破冰策略,发现合适陌生人；开启自然互动,评论策略,降低陌生感；提升参与感,HOOTSUITE_ALGORITHM_2026；SPROUT_INSTAGRAM_ENGAGEMENT_CASE,公共互动的重点是在已有语境里贡献价值，让对方先觉得你具体、礼貌、可信。本地关系需要真实附近对方时，主动互动的目的不是刷存在感，而是在相关语境里留下可信贡献；“位置标签互动”的作用是把这个判断变成一个可执行、可观察、可复盘的动作。执行时只把它当作建立熟悉感和互相信任的入口，不把对方当作被推进的对象。,触发条件：本地关系需要真实附近对方时。；具体动作：每天查看本地位置标签下的最新内容并真诚互动。；落地要求：记录互动对象、上下文和结果，保留能带来真实关系的入口。；边界要求：必须真实透明、尊重对方选择；不伪装身份、不套取隐私、不制造虚假亲密或焦虑，对方冷淡、拒绝或沉默时停止推进。,位置标签互动执行次数；相关内容互动率；后续对话或行动率；对方主动回应率；重复互动率,位置标签互动；本地关系需要真实附近对方；每天查看本地位置标签下的最新内容并真；公共互动与破冰策略；认识陌生人；成为朋友；建立信任；真诚互动,IGS-S3-G28；IGS-S5-G28；IGS-S4-G19,cards/IGS-S4-G10.md,用于在社交平台上认识合适的陌生人，通过公开互动、真诚倾听和小范围互助，逐步成为朋友并赢得长期信任。,必须真实透明、尊重对方选择；不伪装身份、不套取隐私、不制造虚假亲密或焦虑，对方冷淡、拒绝或沉默时停止推进。
IGS-S4-G11,小账号优先,S4,公共互动与破冰策略,开启私信对话；建立长期朋友关系,Story 策略；私信策略,提升被理解感；提升安全感,SPROUT_INSTAGRAM_ENGAGEMENT_CASE；SPROUT_CASE_STUDIES,公共互动的重点是在已有语境里贡献价值，让对方先觉得你具体、礼貌、可信。大号评论区互动太拥挤时，主动互动的目的不是刷存在感，而是在相关语境里留下可信贡献；“小账号优先”的作用是把这个判断变成一个可执行、可观察、可复盘的动作。执行时只把它当作建立熟悉感和互相信任的入口，不把对方当作被推进的对象。,触发条件：大号评论区互动太拥挤时。；具体动作：优先回复小而活跃账号的高质量内容。；落地要求：记录互动对象、上下文和结果，保留能带来真实关系的入口。；边界要求：必须真实透明、尊重对方选择；不伪装身份、不套取隐私、不制造虚假亲密或焦虑，对方冷淡、拒绝或沉默时停止推进。,小账号优先执行次数；相关内容互动率；后续对话或行动率；对方主动回应率；重复互动率,小账号优先；大号评论区互动太拥挤；优先回复小而活跃账号的高质量内容；公共互动与破冰策略；认识陌生人；成为朋友；建立信任；真诚互动,IGS-S3-07；IGS-S5-02；IGS-S4-G20,cards/IGS-S4-G11.md,用于在社交平台上认识合适的陌生人，通过公开互动、真诚倾听和小范围互助，逐步成为朋友并赢得长期信任。,必须真实透明、尊重对方选择；不伪装身份、不套取隐私、不制造虚假亲密或焦虑，对方冷淡、拒绝或沉默时停止推进。
IGS-S4-G12,Story mention 回礼,S4,公共互动与破冰策略,提升主页可信感；形成可信专业感,社群/圈层策略；Reels 策略,提升专业感；提升真实感,SPROUT_CASE_STUDIES；CARNEGIE,公共互动的重点是在已有语境里贡献价值，让对方先觉得你具体、礼貌、可信。对方在 Story 提到你时，主动互动的目的不是刷存在感，而是在相关语境里留下可信贡献；“Story mention 回礼”的作用是把这个判断变成一个可执行、可观察、可复盘的动作。执行时只把它当作建立熟悉感和互相信任的入口，不把对方当作被推进的对象。,触发条件：对方在 Story 提到你时。；具体动作：二次转发时补一句对对方有价值的观察。；落地要求：记录互动对象、上下文和结果，保留能带来真实关系的入口。；边界要求：必须真实透明、尊重对方选择；不伪装身份、不套取隐私、不制造虚假亲密或焦虑，对方冷淡、拒绝或沉默时停止推进。,Story mention 回礼执行次数；相关内容互动率；后续对话或行动率；对方主动回应率；重复互动率,Story mention 回礼；对方在 Story 提到你；二次转发时补一句对对方有价值的观察；公共互动与破冰策略；认识陌生人；成为朋友；建立信任；真诚互动,IGS-S3-02；IGS-S5-08；IGS-S4-G21,cards/IGS-S4-G12.md,用于在社交平台上认识合适的陌生人，通过公开互动、真诚倾听和小范围互助，逐步成为朋友并赢得长期信任。,必须真实透明、尊重对方选择；不伪装身份、不套取隐私、不制造虚假亲密或焦虑，对方冷淡、拒绝或沉默时停止推进。
IGS-S4-G13,合作账号预热,S4,公共互动与破冰策略,发现合适陌生人；开启自然互动,评论策略,降低陌生感；提升参与感,CARNEGIE；GREATER_GOOD_LISTENING,公共互动的重点是在已有语境里贡献价值，让对方先觉得你具体、礼貌、可信。直接邀约合作回复率低时，主动互动的目的不是刷存在感，而是在相关语境里留下可信贡献；“合作账号预热”的作用是把这个判断变成一个可执行、可观察、可复盘的动作。执行时只把它当作建立熟悉感和互相信任的入口，不把对方当作被推进的对象。,触发条件：直接邀约合作回复率低时。；具体动作：先连续两周参与对方内容，再提出轻合作。；落地要求：记录互动对象、上下文和结果，保留能带来真实关系的入口。；边界要求：必须真实透明、尊重对方选择；不伪装身份、不套取隐私、不制造虚假亲密或焦虑，对方冷淡、拒绝或沉默时停止推进。,合作账号预热执行次数；相关内容互动率；后续对话或行动率；对方主动回应率；重复互动率,合作账号预热；直接邀约合作回复率低；先连续两周参与对方内容，再提出轻合作；公共互动与破冰策略；认识陌生人；成为朋友；建立信任；真诚互动,IGS-S3-G28；IGS-S5-01；IGS-S4-G22,cards/IGS-S4-G13.md,用于在社交平台上认识合适的陌生人，通过公开互动、真诚倾听和小范围互助，逐步成为朋友并赢得长期信任。,必须真实透明、尊重对方选择；不伪装身份、不套取隐私、不制造虚假亲密或焦虑，对方冷淡、拒绝或沉默时停止推进。
IGS-S4-G14,评论区 FAQ 收集,S4,公共互动与破冰策略,开启私信对话；建立长期朋友关系,Story 策略；私信策略,提升被理解感；提升安全感,GREATER_GOOD_LISTENING；HOOTSUITE_ALGORITHM_2026,公共互动的重点是在已有语境里贡献价值，让对方先觉得你具体、礼貌、可信。同一个问题出现三次以上时，主动互动的目的不是刷存在感，而是在相关语境里留下可信贡献；“评论区 FAQ 收集”的作用是把这个判断变成一个可执行、可观察、可复盘的动作。执行时只把它当作建立熟悉感和互相信任的入口，不把对方当作被推进的对象。,触发条件：同一个问题出现三次以上时。；具体动作：把它转为 FAQ、Carousel 或下一场 Live。；落地要求：记录互动对象、上下文和结果，保留能带来真实关系的入口。；边界要求：必须真实透明、尊重对方选择；不伪装身份、不套取隐私、不制造虚假亲密或焦虑，对方冷淡、拒绝或沉默时停止推进。,评论区 FAQ 收集执行次数；相关内容互动率；后续对话或行动率；对方主动回应率；重复互动率,评论区 FAQ 收集；同一个问题出现三次以上；把它转为 FAQ、Carousel ；公共互动与破冰策略；认识陌生人；成为朋友；建立信任；真诚互动,IGS-S3-07；IGS-S5-02；IGS-S4-G23,cards/IGS-S4-G14.md,用于在社交平台上认识合适的陌生人，通过公开互动、真诚倾听和小范围互助，逐步成为朋友并赢得长期信任。,必须真实透明、尊重对方选择；不伪装身份、不套取隐私、不制造虚假亲密或焦虑，对方冷淡、拒绝或沉默时停止推进。
IGS-S4-G15,分歧降温回应,S4,公共互动与破冰策略,提升主页可信感；形成可信专业感,社群/圈层策略；Reels 策略,提升专业感；提升真实感,HOOTSUITE_ALGORITHM_2026；SPROUT_INSTAGRAM_ENGAGEMENT_CASE,公共互动的重点是在已有语境里贡献价值，让对方先觉得你具体、礼貌、可信。评论区出现不同意见时，主动互动的目的不是刷存在感，而是在相关语境里留下可信贡献；“分歧降温回应”的作用是把这个判断变成一个可执行、可观察、可复盘的动作。执行时只把它当作建立熟悉感和互相信任的入口，不把对方当作被推进的对象。,触发条件：评论区出现不同意见时。；具体动作：先指出共同目标，再回应具体差异。；落地要求：记录互动对象、上下文和结果，保留能带来真实关系的入口。；边界要求：必须真实透明、尊重对方选择；不伪装身份、不套取隐私、不制造虚假亲密或焦虑，对方冷淡、拒绝或沉默时停止推进。,分歧降温回应执行次数；相关内容互动率；后续对话或行动率；对方主动回应率；重复互动率,分歧降温回应；评论区出现不同意见；先指出共同目标，再回应具体差异；公共互动与破冰策略；认识陌生人；成为朋友；建立信任；真诚互动,IGS-S3-02；IGS-S5-09；IGS-S4-G24,cards/IGS-S4-G15.md,用于在社交平台上认识合适的陌生人，通过公开互动、真诚倾听和小范围互助，逐步成为朋友并赢得长期信任。,必须真实透明、尊重对方选择；不伪装身份、不套取隐私、不制造虚假亲密或焦虑，对方冷淡、拒绝或沉默时停止推进。
IGS-S4-G16,高意向评论转私信,S4,公共互动与破冰策略,发现合适陌生人；开启自然互动,评论策略,降低陌生感；提升参与感,SPROUT_INSTAGRAM_ENGAGEMENT_CASE；SPROUT_CASE_STUDIES,公共互动的重点是在已有语境里贡献价值，让对方先觉得你具体、礼貌、可信。评论暴露具体需求时，主动互动的目的不是刷存在感，而是在相关语境里留下可信贡献；“高意向评论转私信”的作用是把这个判断变成一个可执行、可观察、可复盘的动作。执行时只把它当作建立熟悉感和互相信任的入口，不把对方当作被推进的对象。,触发条件：评论暴露具体需求时。；具体动作：公开简短回复，再询问是否可以私信给具体小资源。；落地要求：记录互动对象、上下文和结果，保留能带来真实关系的入口。；边界要求：必须真实透明、尊重对方选择；不伪装身份、不套取隐私、不制造虚假亲密或焦虑，对方冷淡、拒绝或沉默时停止推进。,高意向评论转私信执行次数；相关内容互动率；后续对话或行动率；对方主动回应率；重复互动率,高意向评论转私信；评论暴露具体需求；公开简短回复，再询问是否可以私信给具；公共互动与破冰策略；认识陌生人；成为朋友；建立信任；真诚互动,IGS-S3-G28；IGS-S5-G28；IGS-S4-G01,cards/IGS-S4-G16.md,用于在社交平台上认识合适的陌生人，通过公开互动、真诚倾听和小范围互助，逐步成为朋友并赢得长期信任。,必须真实透明、尊重对方选择；不伪装身份、不套取隐私、不制造虚假亲密或焦虑，对方冷淡、拒绝或沉默时停止推进。
IGS-S4-G17,互动对象互相连接,S4,公共互动与破冰策略,开启私信对话；建立长期朋友关系,Story 策略；私信策略,提升被理解感；提升安全感,SPROUT_CASE_STUDIES；CARNEGIE,公共互动的重点是在已有语境里贡献价值，让对方先觉得你具体、礼貌、可信。评论区有对方能互相帮助时，主动互动的目的不是刷存在感，而是在相关语境里留下可信贡献；“互动对象互相连接”的作用是把这个判断变成一个可执行、可观察、可复盘的动作。执行时只把它当作建立熟悉感和互相信任的入口，不把对方当作被推进的对象。,触发条件：评论区有对方能互相帮助时。；具体动作：用点名方式让两位对方看见彼此经验。；落地要求：记录互动对象、上下文和结果，保留能带来真实关系的入口。；边界要求：必须真实透明、尊重对方选择；不伪装身份、不套取隐私、不制造虚假亲密或焦虑，对方冷淡、拒绝或沉默时停止推进。,互动对象互相连接执行次数；相关内容互动率；后续对话或行动率；对方主动回应率；重复互动率,互动对象互相连接；评论区有对方能互相帮助；用点名方式让两位对方看见彼此经验；公共互动与破冰策略；认识陌生人；成为朋友；建立信任；真诚互动,IGS-S3-07；IGS-S5-02；IGS-S4-G02,cards/IGS-S4-G17.md,用于在社交平台上认识合适的陌生人，通过公开互动、真诚倾听和小范围互助，逐步成为朋友并赢得长期信任。,必须真实透明、尊重对方选择；不伪装身份、不套取隐私、不制造虚假亲密或焦虑，对方冷淡、拒绝或沉默时停止推进。
IGS-S4-G18,创作者名单分层,S4,公共互动与破冰策略,提升主页可信感；形成可信专业感,社群/圈层策略；Reels 策略,提升专业感；提升真实感,CARNEGIE；GREATER_GOOD_LISTENING,公共互动的重点是在已有语境里贡献价值，让对方先觉得你具体、礼貌、可信。想做 UGC 或合作但名单混乱时，主动互动的目的不是刷存在感，而是在相关语境里留下可信贡献；“创作者名单分层”的作用是把这个判断变成一个可执行、可观察、可复盘的动作。执行时只把它当作建立熟悉感和互相信任的入口，不把对方当作被推进的对象。,触发条件：想做 UGC 或合作但名单混乱时。；具体动作：按受众匹配、内容质量、互动真实性三项评分。；落地要求：记录互动对象、上下文和结果，保留能带来真实关系的入口。；边界要求：必须真实透明、尊重对方选择；不伪装身份、不套取隐私、不制造虚假亲密或焦虑，对方冷淡、拒绝或沉默时停止推进。,创作者名单分层执行次数；相关内容互动率；后续对话或行动率；对方主动回应率；重复互动率,创作者名单分层；想做 UGC 或合作但名单混乱；按受众匹配、内容质量、互动真实性三项；公共互动与破冰策略；认识陌生人；成为朋友；建立信任；真诚互动,IGS-S3-02；IGS-S5-08；IGS-S4-G03,cards/IGS-S4-G18.md,用于在社交平台上认识合适的陌生人，通过公开互动、真诚倾听和小范围互助，逐步成为朋友并赢得长期信任。,必须真实透明、尊重对方选择；不伪装身份、不套取隐私、不制造虚假亲密或焦虑，对方冷淡、拒绝或沉默时停止推进。
IGS-S4-G19,轻量共创邀请,S4,公共互动与破冰策略,发现合适陌生人；开启自然互动,评论策略,降低陌生感；提升参与感,GREATER_GOOD_LISTENING；HOOTSUITE_ALGORITHM_2026,公共互动的重点是在已有语境里贡献价值，让对方先觉得你具体、礼貌、可信。合作门槛太高时，主动互动的目的不是刷存在感，而是在相关语境里留下可信贡献；“轻量共创邀请”的作用是把这个判断变成一个可执行、可观察、可复盘的动作。执行时只把它当作建立熟悉感和互相信任的入口，不把对方当作被推进的对象。,触发条件：合作门槛太高时。；具体动作：先邀对方提供一句观点、一张截图或一个问题。；落地要求：记录互动对象、上下文和结果，保留能带来真实关系的入口。；边界要求：必须真实透明、尊重对方选择；不伪装身份、不套取隐私、不制造虚假亲密或焦虑，对方冷淡、拒绝或沉默时停止推进。,轻量共创邀请执行次数；相关内容互动率；后续对话或行动率；对方主动回应率；重复互动率,轻量共创邀请；合作门槛太高；先邀对方提供一句观点、一张截图或一个；公共互动与破冰策略；认识陌生人；成为朋友；建立信任；真诚互动,IGS-S3-G28；IGS-S5-G28；IGS-S4-G04,cards/IGS-S4-G19.md,用于在社交平台上认识合适的陌生人，通过公开互动、真诚倾听和小范围互助，逐步成为朋友并赢得长期信任。,必须真实透明、尊重对方选择；不伪装身份、不套取隐私、不制造虚假亲密或焦虑，对方冷淡、拒绝或沉默时停止推进。
IGS-S4-G20,评论后主页检查,S4,公共互动与破冰策略,开启私信对话；建立长期朋友关系,Story 策略；私信策略,提升被理解感；提升安全感,HOOTSUITE_ALGORITHM_2026；SPROUT_INSTAGRAM_ENGAGEMENT_CASE,公共互动的重点是在已有语境里贡献价值，让对方先觉得你具体、礼貌、可信。外部评论带来访问但不关注时，主动互动的目的不是刷存在感，而是在相关语境里留下可信贡献；“评论后主页检查”的作用是把这个判断变成一个可执行、可观察、可复盘的动作。执行时只把它当作建立熟悉感和互相信任的入口，不把对方当作被推进的对象。,触发条件：外部评论带来访问但不关注时。；具体动作：确保评论内容与主页置顶承诺一致。；落地要求：记录互动对象、上下文和结果，保留能带来真实关系的入口。；边界要求：必须真实透明、尊重对方选择；不伪装身份、不套取隐私、不制造虚假亲密或焦虑，对方冷淡、拒绝或沉默时停止推进。,评论后主页检查执行次数；相关内容互动率；后续对话或行动率；对方主动回应率；重复互动率,评论后主页检查；外部评论带来访问但不关注；确保评论内容与主页置顶承诺一致；公共互动与破冰策略；认识陌生人；成为朋友；建立信任；真诚互动,IGS-S3-07；IGS-S5-02；IGS-S4-G05,cards/IGS-S4-G20.md,用于在社交平台上认识合适的陌生人，通过公开互动、真诚倾听和小范围互助，逐步成为朋友并赢得长期信任。,必须真实透明、尊重对方选择；不伪装身份、不套取隐私、不制造虚假亲密或焦虑，对方冷淡、拒绝或沉默时停止推进。
IGS-S4-G21,社群问题接龙,S4,公共互动与破冰策略,提升主页可信感；形成可信专业感,社群/圈层策略；Reels 策略,提升专业感；提升真实感,SPROUT_INSTAGRAM_ENGAGEMENT_CASE；SPROUT_CASE_STUDIES,公共互动的重点是在已有语境里贡献价值，让对方先觉得你具体、礼貌、可信。互动对象只看不说时，主动互动的目的不是刷存在感，而是在相关语境里留下可信贡献；“社群问题接龙”的作用是把这个判断变成一个可执行、可观察、可复盘的动作。执行时只把它当作建立熟悉感和互相信任的入口，不把对方当作被推进的对象。,触发条件：互动对象只看不说时。；具体动作：用一个固定句式让对方接龙当前状态。；落地要求：记录互动对象、上下文和结果，保留能带来真实关系的入口。；边界要求：必须真实透明、尊重对方选择；不伪装身份、不套取隐私、不制造虚假亲密或焦虑，对方冷淡、拒绝或沉默时停止推进。,社群问题接龙执行次数；相关内容互动率；后续对话或行动率；对方主动回应率；重复互动率,社群问题接龙；互动对象只看不说；用一个固定句式让对方接龙当前状态；公共互动与破冰策略；认识陌生人；成为朋友；建立信任；真诚互动,IGS-S3-02；IGS-S5-09；IGS-S4-G06,cards/IGS-S4-G21.md,用于在社交平台上认识合适的陌生人，通过公开互动、真诚倾听和小范围互助，逐步成为朋友并赢得长期信任。,必须真实透明、尊重对方选择；不伪装身份、不套取隐私、不制造虚假亲密或焦虑，对方冷淡、拒绝或沉默时停止推进。
IGS-S4-G22,反垃圾互动规则,S4,公共互动与破冰策略,发现合适陌生人；开启自然互动,评论策略,降低陌生感；提升参与感,SPROUT_CASE_STUDIES；CARNEGIE,公共互动的重点是在已有语境里贡献价值，让对方先觉得你具体、礼貌、可信。自动化互动损害信任时，主动互动的目的不是刷存在感，而是在相关语境里留下可信贡献；“反垃圾互动规则”的作用是把这个判断变成一个可执行、可观察、可复盘的动作。执行时只把它当作建立熟悉感和互相信任的入口，不把对方当作被推进的对象。,触发条件：自动化互动损害信任时。；具体动作：禁止复制粘贴式夸奖，只保留具体回应。；落地要求：记录互动对象、上下文和结果，保留能带来真实关系的入口。；边界要求：必须真实透明、尊重对方选择；不伪装身份、不套取隐私、不制造虚假亲密或焦虑，对方冷淡、拒绝或沉默时停止推进。,反垃圾互动规则执行次数；相关内容互动率；后续对话或行动率；对方主动回应率；重复互动率,反垃圾互动规则；自动化互动损害信任；禁止复制粘贴式夸奖，只保留具体回应；公共互动与破冰策略；认识陌生人；成为朋友；建立信任；真诚互动,IGS-S3-G28；IGS-S5-01；IGS-S4-G07,cards/IGS-S4-G22.md,用于在社交平台上认识合适的陌生人，通过公开互动、真诚倾听和小范围互助，逐步成为朋友并赢得长期信任。,必须真实透明、尊重对方选择；不伪装身份、不套取隐私、不制造虚假亲密或焦虑，对方冷淡、拒绝或沉默时停止推进。
IGS-S4-G23,关系回应公开承接,S4,公共互动与破冰策略,开启私信对话；建立长期朋友关系,Story 策略；私信策略,提升被理解感；提升安全感,CARNEGIE；GREATER_GOOD_LISTENING,公共互动的重点是在已有语境里贡献价值，让对方先觉得你具体、礼貌、可信。公开评论提出售后或投诉时，主动互动的目的不是刷存在感，而是在相关语境里留下可信贡献；“关系回应公开承接”的作用是把这个判断变成一个可执行、可观察、可复盘的动作。执行时只把它当作建立熟悉感和互相信任的入口，不把对方当作被推进的对象。,触发条件：公开评论提出售后或投诉时。；具体动作：先公开确认收到，再转私信处理细节。；落地要求：记录互动对象、上下文和结果，保留能带来真实关系的入口。；边界要求：必须真实透明、尊重对方选择；不伪装身份、不套取隐私、不制造虚假亲密或焦虑，对方冷淡、拒绝或沉默时停止推进。,关系回应公开承接执行次数；相关内容互动率；后续对话或行动率；对方主动回应率；重复互动率,关系回应公开承接；公开评论提出售后或投诉；先公开确认收到，再转私信处理细节；公共互动与破冰策略；认识陌生人；成为朋友；建立信任；真诚互动,IGS-S3-07；IGS-S5-02；IGS-S4-G08,cards/IGS-S4-G23.md,用于在社交平台上认识合适的陌生人，通过公开互动、真诚倾听和小范围互助，逐步成为朋友并赢得长期信任。,必须真实透明、尊重对方选择；不伪装身份、不套取隐私、不制造虚假亲密或焦虑，对方冷淡、拒绝或沉默时停止推进。
IGS-S4-G24,互动复盘标签,S4,公共互动与破冰策略,提升主页可信感；形成可信专业感,社群/圈层策略；Reels 策略,提升专业感；提升真实感,GREATER_GOOD_LISTENING；HOOTSUITE_ALGORITHM_2026,公共互动的重点是在已有语境里贡献价值，让对方先觉得你具体、礼貌、可信。主动互动做了但不知道有效性时，主动互动的目的不是刷存在感，而是在相关语境里留下可信贡献；“互动复盘标签”的作用是把这个判断变成一个可执行、可观察、可复盘的动作。执行时只把它当作建立熟悉感和互相信任的入口，不把对方当作被推进的对象。,触发条件：主动互动做了但不知道有效性时。；具体动作：为每次外部互动标注主页访问、回复、互关或私信结果。；落地要求：记录互动对象、上下文和结果，保留能带来真实关系的入口。；边界要求：必须真实透明、尊重对方选择；不伪装身份、不套取隐私、不制造虚假亲密或焦虑，对方冷淡、拒绝或沉默时停止推进。,互动复盘标签执行次数；相关内容互动率；后续对话或行动率；对方主动回应率；重复互动率,互动复盘标签；主动互动做了但不知道有效性；为每次外部互动标注主页访问、回复、互；公共互动与破冰策略；认识陌生人；成为朋友；建立信任；真诚互动,IGS-S3-02；IGS-S5-09；IGS-S4-G09,cards/IGS-S4-G24.md,用于在社交平台上认识合适的陌生人，通过公开互动、真诚倾听和小范围互助，逐步成为朋友并赢得长期信任。,必须真实透明、尊重对方选择；不伪装身份、不套取隐私、不制造虚假亲密或焦虑，对方冷淡、拒绝或沉默时停止推进。
IGS-S5-G01,许可式第一句,S5,私信熟悉与倾听策略,开启私信对话；提高后续对话率,私信策略,提升安全感；降低陌生感,MINDTOOLS_ACTIVE_LISTENING；CNVC_FEELINGS_NEEDS,私信是更高亲密度空间，必须先让对方有选择权和安全感。对方评论关键词或回复 Story 后，私信的关键是让对方持续感到有选择、有被理解、有下一步；“许可式第一句”的作用是把这个判断变成一个可执行、可观察、可复盘的动作。执行时只把它当作建立熟悉感和互相信任的入口，不把对方当作被推进的对象。,触发条件：对方评论关键词或回复 Story 后。；具体动作：先问是否可以根据他的情况给一个建议。；落地要求：每轮只推进一个问题或一个动作，保留对方拒绝和暂停的空间。；边界要求：必须真实透明、尊重对方选择；不伪装身份、不套取隐私、不制造虚假亲密或焦虑，对方冷淡、拒绝或沉默时停止推进。,许可式第一句执行次数；相关内容互动率；后续对话或行动率；对方主动回应率；重复互动率,许可式第一句；对方评论关键词或回复 Story 后；先问是否可以根据他的情况给一个建议；私信熟悉与倾听策略；认识陌生人；成为朋友；建立信任；真诚互动,IGS-S4-06；IGS-S6-08；IGS-S5-G25,cards/IGS-S5-G01.md,用于在社交平台上认识合适的陌生人，通过公开互动、真诚倾听和小范围互助，逐步成为朋友并赢得长期信任。,必须真实透明、尊重对方选择；不伪装身份、不套取隐私、不制造虚假亲密或焦虑，对方冷淡、拒绝或沉默时停止推进。
IGS-S5-G02,复述再建议,S5,私信熟悉与倾听策略,提升主页可信感；建立长期朋友关系,私信策略；资源互助策略,提升被理解感；降低怀疑感,CNVC_FEELINGS_NEEDS；CRUCIAL_CONVERSATIONS,私信是更高亲密度空间，必须先让对方有选择权和安全感。对方描述问题但你已经想给答案时，私信的关键是让对方持续感到有选择、有被理解、有下一步；“复述再建议”的作用是把这个判断变成一个可执行、可观察、可复盘的动作。执行时只把它当作建立熟悉感和互相信任的入口，不把对方当作被推进的对象。,触发条件：对方描述问题但你已经想给答案时。；具体动作：先用一句话复述对方处境，再给建议。；落地要求：每轮只推进一个问题或一个动作，保留对方拒绝和暂停的空间。；边界要求：必须真实透明、尊重对方选择；不伪装身份、不套取隐私、不制造虚假亲密或焦虑，对方冷淡、拒绝或沉默时停止推进。,复述再建议执行次数；相关内容互动率；后续对话或行动率；对方主动回应率；重复互动率,复述再建议；对方描述问题但你已经想给答案；先用一句话复述对方处境，再给建议；私信熟悉与倾听策略；认识陌生人；成为朋友；建立信任；真诚互动,IGS-S4-G23；IGS-S6-G18；IGS-S5-G26,cards/IGS-S5-G02.md,用于在社交平台上认识合适的陌生人，通过公开互动、真诚倾听和小范围互助，逐步成为朋友并赢得长期信任。,必须真实透明、尊重对方选择；不伪装身份、不套取隐私、不制造虚假亲密或焦虑，对方冷淡、拒绝或沉默时停止推进。
IGS-S5-G03,情绪命名,S5,私信熟悉与倾听策略,提供小帮助；增加 Story 回复,Story 策略；私信策略,提升互惠感；提升真实感,CRUCIAL_CONVERSATIONS；CRUCIAL_MAKE_IT_SAFE,私信是更高亲密度空间，必须先让对方有选择权和安全感。对方表达焦虑、犹豫或不确定时，私信的关键是让对方持续感到有选择、有被理解、有下一步；“情绪命名”的作用是把这个判断变成一个可执行、可观察、可复盘的动作。执行时只把它当作建立熟悉感和互相信任的入口，不把对方当作被推进的对象。,触发条件：对方表达焦虑、犹豫或不确定时。；具体动作：用听起来你有点担心/卡住/纠结来承接。；落地要求：每轮只推进一个问题或一个动作，保留对方拒绝和暂停的空间。；边界要求：必须真实透明、尊重对方选择；不伪装身份、不套取隐私、不制造虚假亲密或焦虑，对方冷淡、拒绝或沉默时停止推进。,情绪命名执行次数；相关内容互动率；后续对话或行动率；对方主动回应率；重复互动率,情绪命名；对方表达焦虑、犹豫或不确定；用听起来你有点担心/卡住/纠结来承接；私信熟悉与倾听策略；认识陌生人；成为朋友；建立信任；真诚互动,IGS-S4-08；IGS-S6-05；IGS-S5-G27,cards/IGS-S5-G03.md,用于在社交平台上认识合适的陌生人，通过公开互动、真诚倾听和小范围互助，逐步成为朋友并赢得长期信任。,必须真实透明、尊重对方选择；不伪装身份、不套取隐私、不制造虚假亲密或焦虑，对方冷淡、拒绝或沉默时停止推进。
IGS-S5-G04,需求猜测,S5,私信熟悉与倾听策略,开启私信对话；提高后续对话率,私信策略,提升安全感；降低陌生感,CRUCIAL_MAKE_IT_SAFE；NEVER_SPLIT_DIFFERENCE,私信是更高亲密度空间，必须先让对方有选择权和安全感。对方只说我不知道怎么办时，私信的关键是让对方持续感到有选择、有被理解、有下一步；“需求猜测”的作用是把这个判断变成一个可执行、可观察、可复盘的动作。执行时只把它当作建立熟悉感和互相信任的入口，不把对方当作被推进的对象。,触发条件：对方只说我不知道怎么办时。；具体动作：轻轻猜测他可能需要清晰步骤、时间确定性或安全感。；落地要求：每轮只推进一个问题或一个动作，保留对方拒绝和暂停的空间。；边界要求：必须真实透明、尊重对方选择；不伪装身份、不套取隐私、不制造虚假亲密或焦虑，对方冷淡、拒绝或沉默时停止推进。,需求猜测执行次数；相关内容互动率；后续对话或行动率；对方主动回应率；重复互动率,需求猜测；对方只说我不知道怎么办；轻轻猜测他可能需要清晰步骤、时间确定；私信熟悉与倾听策略；认识陌生人；成为朋友；建立信任；真诚互动,IGS-S4-06；IGS-S6-08；IGS-S5-G28,cards/IGS-S5-G04.md,用于在社交平台上认识合适的陌生人，通过公开互动、真诚倾听和小范围互助，逐步成为朋友并赢得长期信任。,必须真实透明、尊重对方选择；不伪装身份、不套取隐私、不制造虚假亲密或焦虑，对方冷淡、拒绝或沉默时停止推进。
IGS-S5-G05,澄清问题三选一,S5,私信熟悉与倾听策略,提升主页可信感；建立长期朋友关系,私信策略；资源互助策略,提升被理解感；降低怀疑感,NEVER_SPLIT_DIFFERENCE；GOLEMAN_EQ,私信是更高亲密度空间，必须先让对方有选择权和安全感。开放问题让对方不知道怎么答时，私信的关键是让对方持续感到有选择、有被理解、有下一步；“澄清问题三选一”的作用是把这个判断变成一个可执行、可观察、可复盘的动作。执行时只把它当作建立熟悉感和互相信任的入口，不把对方当作被推进的对象。,触发条件：开放问题让对方不知道怎么答时。；具体动作：给三个选项让对方选最贴近的情况。；落地要求：每轮只推进一个问题或一个动作，保留对方拒绝和暂停的空间。；边界要求：必须真实透明、尊重对方选择；不伪装身份、不套取隐私、不制造虚假亲密或焦虑，对方冷淡、拒绝或沉默时停止推进。,澄清问题三选一执行次数；相关内容互动率；后续对话或行动率；对方主动回应率；重复互动率,澄清问题三选一；开放问题让对方不知道怎么答；给三个选项让对方选最贴近的情况；私信熟悉与倾听策略；认识陌生人；成为朋友；建立信任；真诚互动,IGS-S4-G23；IGS-S6-G18；IGS-S5-G29,cards/IGS-S5-G05.md,用于在社交平台上认识合适的陌生人，通过公开互动、真诚倾听和小范围互助，逐步成为朋友并赢得长期信任。,必须真实透明、尊重对方选择；不伪装身份、不套取隐私、不制造虚假亲密或焦虑，对方冷淡、拒绝或沉默时停止推进。
IGS-S5-G06,延迟长方案,S5,私信熟悉与倾听策略,提供小帮助；增加 Story 回复,Story 策略；私信策略,提升互惠感；提升真实感,GOLEMAN_EQ；MINDTOOLS_ACTIVE_LISTENING,私信是更高亲密度空间，必须先让对方有选择权和安全感。对方刚开口就想要完整方案时，私信的关键是让对方持续感到有选择、有被理解、有下一步；“延迟长方案”的作用是把这个判断变成一个可执行、可观察、可复盘的动作。执行时只把它当作建立熟悉感和互相信任的入口，不把对方当作被推进的对象。,触发条件：对方刚开口就想要完整方案时。；具体动作：先问目标、限制和已尝试动作，再发方案。；落地要求：每轮只推进一个问题或一个动作，保留对方拒绝和暂停的空间。；边界要求：必须真实透明、尊重对方选择；不伪装身份、不套取隐私、不制造虚假亲密或焦虑，对方冷淡、拒绝或沉默时停止推进。,延迟长方案执行次数；相关内容互动率；后续对话或行动率；对方主动回应率；重复互动率,延迟长方案；对方刚开口就想要完整方案；先问目标、限制和已尝试动作，再发方案；私信熟悉与倾听策略；认识陌生人；成为朋友；建立信任；真诚互动,IGS-S4-08；IGS-S6-05；IGS-S5-G30,cards/IGS-S5-G06.md,用于在社交平台上认识合适的陌生人，通过公开互动、真诚倾听和小范围互助，逐步成为朋友并赢得长期信任。,必须真实透明、尊重对方选择；不伪装身份、不套取隐私、不制造虚假亲密或焦虑，对方冷淡、拒绝或沉默时停止推进。
IGS-S5-G07,对比声明,S5,私信熟悉与倾听策略,开启私信对话；提高后续对话率,私信策略,提升安全感；降低陌生感,MINDTOOLS_ACTIVE_LISTENING；CNVC_FEELINGS_NEEDS,私信是更高亲密度空间，必须先让对方有选择权和安全感。对方觉得你在推销或评判时，私信的关键是让对方持续感到有选择、有被理解、有下一步；“对比声明”的作用是把这个判断变成一个可执行、可观察、可复盘的动作。执行时只把它当作建立熟悉感和互相信任的入口，不把对方当作被推进的对象。,触发条件：对方觉得你在推销或评判时。；具体动作：说明我不是想逼你决定，我是想帮你判断是否适合。；落地要求：每轮只推进一个问题或一个动作，保留对方拒绝和暂停的空间。；边界要求：必须真实透明、尊重对方选择；不伪装身份、不套取隐私、不制造虚假亲密或焦虑，对方冷淡、拒绝或沉默时停止推进。,对比声明执行次数；相关内容互动率；后续对话或行动率；对方主动回应率；重复互动率,对比声明；对方觉得你在推销或评判；说明我不是想逼你决定，我是想帮你判断；私信熟悉与倾听策略；认识陌生人；成为朋友；建立信任；真诚互动,IGS-S4-06；IGS-S6-08；IGS-S5-G25,cards/IGS-S5-G07.md,用于在社交平台上认识合适的陌生人，通过公开互动、真诚倾听和小范围互助，逐步成为朋友并赢得长期信任。,必须真实透明、尊重对方选择；不伪装身份、不套取隐私、不制造虚假亲密或焦虑，对方冷淡、拒绝或沉默时停止推进。
IGS-S5-G08,共同目的重建,S5,私信熟悉与倾听策略,提升主页可信感；建立长期朋友关系,私信策略；资源互助策略,提升被理解感；降低怀疑感,CNVC_FEELINGS_NEEDS；CRUCIAL_CONVERSATIONS,私信是更高亲密度空间，必须先让对方有选择权和安全感。对话开始跑偏或防御时，私信的关键是让对方持续感到有选择、有被理解、有下一步；“共同目的重建”的作用是把这个判断变成一个可执行、可观察、可复盘的动作。执行时只把它当作建立熟悉感和互相信任的入口，不把对方当作被推进的对象。,触发条件：对话开始跑偏或防御时。；具体动作：回到共同目标：让你少踩坑、先看清下一步。；落地要求：每轮只推进一个问题或一个动作，保留对方拒绝和暂停的空间。；边界要求：必须真实透明、尊重对方选择；不伪装身份、不套取隐私、不制造虚假亲密或焦虑，对方冷淡、拒绝或沉默时停止推进。,共同目的重建执行次数；相关内容互动率；后续对话或行动率；对方主动回应率；重复互动率,共同目的重建；对话开始跑偏或防御；回到共同目标：让你少踩坑、先看清下一；私信熟悉与倾听策略；认识陌生人；成为朋友；建立信任；真诚互动,IGS-S4-G23；IGS-S6-G18；IGS-S5-G26,cards/IGS-S5-G08.md,用于在社交平台上认识合适的陌生人，通过公开互动、真诚倾听和小范围互助，逐步成为朋友并赢得长期信任。,必须真实透明、尊重对方选择；不伪装身份、不套取隐私、不制造虚假亲密或焦虑，对方冷淡、拒绝或沉默时停止推进。
IGS-S5-G09,低风险下一步,S5,私信熟悉与倾听策略,提供小帮助；增加 Story 回复,Story 策略；私信策略,提升互惠感；提升真实感,CRUCIAL_CONVERSATIONS；CRUCIAL_MAKE_IT_SAFE,私信是更高亲密度空间，必须先让对方有选择权和安全感。对方还没准备好继续互动或进一步交流时，私信的关键是让对方持续感到有选择、有被理解、有下一步；“低风险下一步”的作用是把这个判断变成一个可执行、可观察、可复盘的动作。执行时只把它当作建立熟悉感和互相信任的入口，不把对方当作被推进的对象。,触发条件：对方还没准备好继续互动或进一步交流时。；具体动作：给一个免费检查、案例阅读或 10 分钟动作。；落地要求：每轮只推进一个问题或一个动作，保留对方拒绝和暂停的空间。；边界要求：必须真实透明、尊重对方选择；不伪装身份、不套取隐私、不制造虚假亲密或焦虑，对方冷淡、拒绝或沉默时停止推进。,低风险下一步执行次数；相关内容互动率；后续对话或行动率；对方主动回应率；重复互动率,低风险下一步；对方还没准备好继续互动或进一步交流；给一个免费检查、案例阅读或 10 分；私信熟悉与倾听策略；认识陌生人；成为朋友；建立信任；真诚互动,IGS-S4-08；IGS-S6-05；IGS-S5-G27,cards/IGS-S5-G09.md,用于在社交平台上认识合适的陌生人，通过公开互动、真诚倾听和小范围互助，逐步成为朋友并赢得长期信任。,必须真实透明、尊重对方选择；不伪装身份、不套取隐私、不制造虚假亲密或焦虑，对方冷淡、拒绝或沉默时停止推进。
IGS-S5-G10,一句一问,S5,私信熟悉与倾听策略,开启私信对话；提高后续对话率,私信策略,提升安全感；降低陌生感,CRUCIAL_MAKE_IT_SAFE；NEVER_SPLIT_DIFFERENCE,私信是更高亲密度空间，必须先让对方有选择权和安全感。私信回复太长导致对方沉默时，私信的关键是让对方持续感到有选择、有被理解、有下一步；“一句一问”的作用是把这个判断变成一个可执行、可观察、可复盘的动作。执行时只把它当作建立熟悉感和互相信任的入口，不把对方当作被推进的对象。,触发条件：私信回复太长导致对方沉默时。；具体动作：每轮最多一个建议加一个问题。；落地要求：每轮只推进一个问题或一个动作，保留对方拒绝和暂停的空间。；边界要求：必须真实透明、尊重对方选择；不伪装身份、不套取隐私、不制造虚假亲密或焦虑，对方冷淡、拒绝或沉默时停止推进。,一句一问执行次数；相关内容互动率；后续对话或行动率；对方主动回应率；重复互动率,一句一问；私信回复太长导致对方沉默；每轮最多一个建议加一个问题；私信熟悉与倾听策略；认识陌生人；成为朋友；建立信任；真诚互动,IGS-S4-06；IGS-S6-08；IGS-S5-G28,cards/IGS-S5-G10.md,用于在社交平台上认识合适的陌生人，通过公开互动、真诚倾听和小范围互助，逐步成为朋友并赢得长期信任。,必须真实透明、尊重对方选择；不伪装身份、不套取隐私、不制造虚假亲密或焦虑，对方冷淡、拒绝或沉默时停止推进。
IGS-S5-G11,已读未回轻提醒,S5,私信熟悉与倾听策略,提升主页可信感；建立长期朋友关系,私信策略；资源互助策略,提升被理解感；降低怀疑感,NEVER_SPLIT_DIFFERENCE；GOLEMAN_EQ,私信是更高亲密度空间，必须先让对方有选择权和安全感。对方领取小资源后没有反馈时，私信的关键是让对方持续感到有选择、有被理解、有下一步；“已读未回轻提醒”的作用是把这个判断变成一个可执行、可观察、可复盘的动作。执行时只把它当作建立熟悉感和互相信任的入口，不把对方当作被推进的对象。,触发条件：对方领取小资源后没有反馈时。；具体动作：48 小时后只问是否卡在某一步，不催促。；落地要求：每轮只推进一个问题或一个动作，保留对方拒绝和暂停的空间。；边界要求：必须真实透明、尊重对方选择；不伪装身份、不套取隐私、不制造虚假亲密或焦虑，对方冷淡、拒绝或沉默时停止推进。,已读未回轻提醒执行次数；相关内容互动率；后续对话或行动率；对方主动回应率；重复互动率,已读未回轻提醒；对方领取小资源后没有反馈；48 小时后只问是否卡在某一步，不催；私信熟悉与倾听策略；认识陌生人；成为朋友；建立信任；真诚互动,IGS-S4-G23；IGS-S6-G18；IGS-S5-G29,cards/IGS-S5-G11.md,用于在社交平台上认识合适的陌生人，通过公开互动、真诚倾听和小范围互助，逐步成为朋友并赢得长期信任。,必须真实透明、尊重对方选择；不伪装身份、不套取隐私、不制造虚假亲密或焦虑，对方冷淡、拒绝或沉默时停止推进。
IGS-S5-G12,退出权声明,S5,私信熟悉与倾听策略,提供小帮助；增加 Story 回复,Story 策略；私信策略,提升互惠感；提升真实感,GOLEMAN_EQ；MINDTOOLS_ACTIVE_LISTENING,私信是更高亲密度空间，必须先让对方有选择权和安全感。对话可能让对方有压力时，私信的关键是让对方持续感到有选择、有被理解、有下一步；“退出权声明”的作用是把这个判断变成一个可执行、可观察、可复盘的动作。执行时只把它当作建立熟悉感和互相信任的入口，不把对方当作被推进的对象。,触发条件：对话可能让对方有压力时。；具体动作：明确说不适合也没关系，你可以先收藏慢慢看。；落地要求：每轮只推进一个问题或一个动作，保留对方拒绝和暂停的空间。；边界要求：必须真实透明、尊重对方选择；不伪装身份、不套取隐私、不制造虚假亲密或焦虑，对方冷淡、拒绝或沉默时停止推进。,退出权声明执行次数；相关内容互动率；后续对话或行动率；对方主动回应率；重复互动率,退出权声明；对话可能让对方有压力；明确说不适合也没关系，你可以先收藏慢；私信熟悉与倾听策略；认识陌生人；成为朋友；建立信任；真诚互动,IGS-S4-08；IGS-S6-05；IGS-S5-G30,cards/IGS-S5-G12.md,用于在社交平台上认识合适的陌生人，通过公开互动、真诚倾听和小范围互助，逐步成为朋友并赢得长期信任。,必须真实透明、尊重对方选择；不伪装身份、不套取隐私、不制造虚假亲密或焦虑，对方冷淡、拒绝或沉默时停止推进。
IGS-S5-G13,截图授权,S5,私信熟悉与倾听策略,开启私信对话；提高后续对话率,私信策略,提升安全感；降低陌生感,MINDTOOLS_ACTIVE_LISTENING；CNVC_FEELINGS_NEEDS,私信是更高亲密度空间，必须先让对方有选择权和安全感。想把对方反馈用于案例时，私信的关键是让对方持续感到有选择、有被理解、有下一步；“截图授权”的作用是把这个判断变成一个可执行、可观察、可复盘的动作。执行时只把它当作建立熟悉感和互相信任的入口，不把对方当作被推进的对象。,触发条件：想把对方反馈用于案例时。；具体动作：先问是否可以匿名使用，再说明用途和可撤回。；落地要求：每轮只推进一个问题或一个动作，保留对方拒绝和暂停的空间。；边界要求：必须真实透明、尊重对方选择；不伪装身份、不套取隐私、不制造虚假亲密或焦虑，对方冷淡、拒绝或沉默时停止推进。,截图授权执行次数；相关内容互动率；后续对话或行动率；对方主动回应率；重复互动率,截图授权；想把对方反馈用于案例；先问是否可以匿名使用，再说明用途和可；私信熟悉与倾听策略；认识陌生人；成为朋友；建立信任；真诚互动,IGS-S4-06；IGS-S6-08；IGS-S5-G25,cards/IGS-S5-G13.md,用于在社交平台上认识合适的陌生人，通过公开互动、真诚倾听和小范围互助，逐步成为朋友并赢得长期信任。,必须真实透明、尊重对方选择；不伪装身份、不套取隐私、不制造虚假亲密或焦虑，对方冷淡、拒绝或沉默时停止推进。
IGS-S5-G14,投入边界异议拆分,S5,私信熟悉与倾听策略,提升主页可信感；建立长期朋友关系,私信策略；资源互助策略,提升被理解感；降低怀疑感,CNVC_FEELINGS_NEEDS；CRUCIAL_CONVERSATIONS,私信是更高亲密度空间，必须先让对方有选择权和安全感。对方说太贵时，私信的关键是让对方持续感到有选择、有被理解、有下一步；“投入边界异议拆分”的作用是把这个判断变成一个可执行、可观察、可复盘的动作。执行时只把它当作建立熟悉感和互相信任的入口，不把对方当作被推进的对象。,触发条件：对方说太贵时。；具体动作：区分预算不足、价值不清、风险太高和时机不对。；落地要求：每轮只推进一个问题或一个动作，保留对方拒绝和暂停的空间。；边界要求：必须真实透明、尊重对方选择；不伪装身份、不套取隐私、不制造虚假亲密或焦虑，对方冷淡、拒绝或沉默时停止推进。,投入边界异议拆分执行次数；相关内容互动率；后续对话或行动率；对方主动回应率；重复互动率,投入边界异议拆分；对方说太贵；区分预算不足、价值不清、风险太高和时；私信熟悉与倾听策略；认识陌生人；成为朋友；建立信任；真诚互动,IGS-S4-G23；IGS-S6-G18；IGS-S5-G26,cards/IGS-S5-G14.md,用于在社交平台上认识合适的陌生人，通过公开互动、真诚倾听和小范围互助，逐步成为朋友并赢得长期信任。,必须真实透明、尊重对方选择；不伪装身份、不套取隐私、不制造虚假亲密或焦虑，对方冷淡、拒绝或沉默时停止推进。
IGS-S5-G15,时间异议拆分,S5,私信熟悉与倾听策略,提供小帮助；增加 Story 回复,Story 策略；私信策略,提升互惠感；提升真实感,CRUCIAL_CONVERSATIONS；CRUCIAL_MAKE_IT_SAFE,私信是更高亲密度空间，必须先让对方有选择权和安全感。对方说没时间时，私信的关键是让对方持续感到有选择、有被理解、有下一步；“时间异议拆分”的作用是把这个判断变成一个可执行、可观察、可复盘的动作。执行时只把它当作建立熟悉感和互相信任的入口，不把对方当作被推进的对象。,触发条件：对方说没时间时。；具体动作：问他能接受 5 分钟、15 分钟还是每周一次的动作。；落地要求：每轮只推进一个问题或一个动作，保留对方拒绝和暂停的空间。；边界要求：必须真实透明、尊重对方选择；不伪装身份、不套取隐私、不制造虚假亲密或焦虑，对方冷淡、拒绝或沉默时停止推进。,时间异议拆分执行次数；相关内容互动率；后续对话或行动率；对方主动回应率；重复互动率,时间异议拆分；对方说没；问他能接受 5 分钟、15 分钟还是；私信熟悉与倾听策略；认识陌生人；成为朋友；建立信任；真诚互动,IGS-S4-08；IGS-S6-05；IGS-S5-G27,cards/IGS-S5-G15.md,用于在社交平台上认识合适的陌生人，通过公开互动、真诚倾听和小范围互助，逐步成为朋友并赢得长期信任。,必须真实透明、尊重对方选择；不伪装身份、不套取隐私、不制造虚假亲密或焦虑，对方冷淡、拒绝或沉默时停止推进。
IGS-S5-G16,结果异议承接,S5,私信熟悉与倾听策略,开启私信对话；提高后续对话率,私信策略,提升安全感；降低陌生感,CRUCIAL_MAKE_IT_SAFE；NEVER_SPLIT_DIFFERENCE,私信是更高亲密度空间，必须先让对方有选择权和安全感。对方担心做了没用时，私信的关键是让对方持续感到有选择、有被理解、有下一步；“结果异议承接”的作用是把这个判断变成一个可执行、可观察、可复盘的动作。执行时只把它当作建立熟悉感和互相信任的入口，不把对方当作被推进的对象。,触发条件：对方担心做了没用时。；具体动作：提供可验证的小实验，而不是保证结果。；落地要求：每轮只推进一个问题或一个动作，保留对方拒绝和暂停的空间。；边界要求：必须真实透明、尊重对方选择；不伪装身份、不套取隐私、不制造虚假亲密或焦虑，对方冷淡、拒绝或沉默时停止推进。,结果异议承接执行次数；相关内容互动率；后续对话或行动率；对方主动回应率；重复互动率,结果异议承接；对方担心做了没用；提供可验证的小实验，而不是保证结果；私信熟悉与倾听策略；认识陌生人；成为朋友；建立信任；真诚互动,IGS-S4-06；IGS-S6-08；IGS-S5-G28,cards/IGS-S5-G16.md,用于在社交平台上认识合适的陌生人，通过公开互动、真诚倾听和小范围互助，逐步成为朋友并赢得长期信任。,必须真实透明、尊重对方选择；不伪装身份、不套取隐私、不制造虚假亲密或焦虑，对方冷淡、拒绝或沉默时停止推进。
IGS-S5-G17,边界清楚,S5,私信熟悉与倾听策略,提升主页可信感；建立长期朋友关系,私信策略；资源互助策略,提升被理解感；降低怀疑感,NEVER_SPLIT_DIFFERENCE；GOLEMAN_EQ,私信是更高亲密度空间，必须先让对方有选择权和安全感。对方把私信当免费无限进一步交流时，私信的关键是让对方持续感到有选择、有被理解、有下一步；“边界清楚”的作用是把这个判断变成一个可执行、可观察、可复盘的动作。执行时只把它当作建立熟悉感和互相信任的入口，不把对方当作被推进的对象。,触发条件：对方把私信当免费无限进一步交流时。；具体动作：给一次小建议，并说明更深诊断需要进一步交流或服务。；落地要求：每轮只推进一个问题或一个动作，保留对方拒绝和暂停的空间。；边界要求：必须真实透明、尊重对方选择；不伪装身份、不套取隐私、不制造虚假亲密或焦虑，对方冷淡、拒绝或沉默时停止推进。,边界清楚执行次数；相关内容互动率；后续对话或行动率；对方主动回应率；重复互动率,边界清楚；对方把私信当免费无限进一步交流；给一次小建议，并说明更深诊断需要进一步交流；私信熟悉与倾听策略；认识陌生人；成为朋友；建立信任；真诚互动,IGS-S4-G23；IGS-S6-G18；IGS-S5-G29,cards/IGS-S5-G17.md,用于在社交平台上认识合适的陌生人，通过公开互动、真诚倾听和小范围互助，逐步成为朋友并赢得长期信任。,必须真实透明、尊重对方选择；不伪装身份、不套取隐私、不制造虚假亲密或焦虑，对方冷淡、拒绝或沉默时停止推进。
IGS-S5-G18,语音消息克制,S5,私信熟悉与倾听策略,提供小帮助；增加 Story 回复,Story 策略；私信策略,提升互惠感；提升真实感,GOLEMAN_EQ；MINDTOOLS_ACTIVE_LISTENING,私信是更高亲密度空间，必须先让对方有选择权和安全感。关系还不熟时想发语音时，私信的关键是让对方持续感到有选择、有被理解、有下一步；“语音消息克制”的作用是把这个判断变成一个可执行、可观察、可复盘的动作。执行时只把它当作建立熟悉感和互相信任的入口，不把对方当作被推进的对象。,触发条件：关系还不熟时想发语音时。；具体动作：先问对方是否方便听语音，避免增加负担。；落地要求：每轮只推进一个问题或一个动作，保留对方拒绝和暂停的空间。；边界要求：必须真实透明、尊重对方选择；不伪装身份、不套取隐私、不制造虚假亲密或焦虑，对方冷淡、拒绝或沉默时停止推进。,语音消息克制执行次数；相关内容互动率；后续对话或行动率；对方主动回应率；重复互动率,语音消息克制；关系还不熟；先问对方是否方便听语音，避免增加负担；私信熟悉与倾听策略；认识陌生人；成为朋友；建立信任；真诚互动,IGS-S4-08；IGS-S6-05；IGS-S5-G30,cards/IGS-S5-G18.md,用于在社交平台上认识合适的陌生人，通过公开互动、真诚倾听和小范围互助，逐步成为朋友并赢得长期信任。,必须真实透明、尊重对方选择；不伪装身份、不套取隐私、不制造虚假亲密或焦虑，对方冷淡、拒绝或沉默时停止推进。
IGS-S5-G19,表情降温,S5,私信熟悉与倾听策略,开启私信对话；提高后续对话率,私信策略,提升安全感；降低陌生感,MINDTOOLS_ACTIVE_LISTENING；CNVC_FEELINGS_NEEDS,私信是更高亲密度空间，必须先让对方有选择权和安全感。文字看起来太硬时，私信的关键是让对方持续感到有选择、有被理解、有下一步；“表情降温”的作用是把这个判断变成一个可执行、可观察、可复盘的动作。执行时只把它当作建立熟悉感和互相信任的入口，不把对方当作被推进的对象。,触发条件：文字看起来太硬时。；具体动作：少量使用表情软化语气，但不替代实质回应。；落地要求：每轮只推进一个问题或一个动作，保留对方拒绝和暂停的空间。；边界要求：必须真实透明、尊重对方选择；不伪装身份、不套取隐私、不制造虚假亲密或焦虑，对方冷淡、拒绝或沉默时停止推进。,表情降温执行次数；相关内容互动率；后续对话或行动率；对方主动回应率；重复互动率,表情降温；文字看起来太硬；少量使用表情软化语气，但不替代实质回；私信熟悉与倾听策略；认识陌生人；成为朋友；建立信任；真诚互动,IGS-S4-06；IGS-S6-08；IGS-S5-G25,cards/IGS-S5-G19.md,用于在社交平台上认识合适的陌生人，通过公开互动、真诚倾听和小范围互助，逐步成为朋友并赢得长期信任。,必须真实透明、尊重对方选择；不伪装身份、不套取隐私、不制造虚假亲密或焦虑，对方冷淡、拒绝或沉默时停止推进。
IGS-S5-G20,镜像关键词,S5,私信熟悉与倾听策略,提升主页可信感；建立长期朋友关系,私信策略；资源互助策略,提升被理解感；降低怀疑感,CNVC_FEELINGS_NEEDS；CRUCIAL_CONVERSATIONS,私信是更高亲密度空间，必须先让对方有选择权和安全感。对方反复使用一个词时，私信的关键是让对方持续感到有选择、有被理解、有下一步；“镜像关键词”的作用是把这个判断变成一个可执行、可观察、可复盘的动作。执行时只把它当作建立熟悉感和互相信任的入口，不把对方当作被推进的对象。,触发条件：对方反复使用一个词时。；具体动作：原样引用那个词并请他解释具体含义。；落地要求：每轮只推进一个问题或一个动作，保留对方拒绝和暂停的空间。；边界要求：必须真实透明、尊重对方选择；不伪装身份、不套取隐私、不制造虚假亲密或焦虑，对方冷淡、拒绝或沉默时停止推进。,镜像关键词执行次数；相关内容互动率；后续对话或行动率；对方主动回应率；重复互动率,镜像关键词；对方反复使用一个词；原样引用那个词并请他解释具体含义；私信熟悉与倾听策略；认识陌生人；成为朋友；建立信任；真诚互动,IGS-S4-G23；IGS-S6-G18；IGS-S5-G26,cards/IGS-S5-G20.md,用于在社交平台上认识合适的陌生人，通过公开互动、真诚倾听和小范围互助，逐步成为朋友并赢得长期信任。,必须真实透明、尊重对方选择；不伪装身份、不套取隐私、不制造虚假亲密或焦虑，对方冷淡、拒绝或沉默时停止推进。
IGS-S5-G21,校准问题,S5,私信熟悉与倾听策略,提供小帮助；增加 Story 回复,Story 策略；私信策略,提升互惠感；提升真实感,CRUCIAL_CONVERSATIONS；CRUCIAL_MAKE_IT_SAFE,私信是更高亲密度空间，必须先让对方有选择权和安全感。对方想要方案但目标模糊时，私信的关键是让对方持续感到有选择、有被理解、有下一步；“校准问题”的作用是把这个判断变成一个可执行、可观察、可复盘的动作。执行时只把它当作建立熟悉感和互相信任的入口，不把对方当作被推进的对象。,触发条件：对方想要方案但目标模糊时。；具体动作：问怎样做会让你觉得这次对话是有帮助的。；落地要求：每轮只推进一个问题或一个动作，保留对方拒绝和暂停的空间。；边界要求：必须真实透明、尊重对方选择；不伪装身份、不套取隐私、不制造虚假亲密或焦虑，对方冷淡、拒绝或沉默时停止推进。,校准问题执行次数；相关内容互动率；后续对话或行动率；对方主动回应率；重复互动率,校准问题；对方想要方案但目标模糊；问怎样做会让你觉得这次对话是有帮助的；私信熟悉与倾听策略；认识陌生人；成为朋友；建立信任；真诚互动,IGS-S4-08；IGS-S6-05；IGS-S5-G27,cards/IGS-S5-G21.md,用于在社交平台上认识合适的陌生人，通过公开互动、真诚倾听和小范围互助，逐步成为朋友并赢得长期信任。,必须真实透明、尊重对方选择；不伪装身份、不套取隐私、不制造虚假亲密或焦虑，对方冷淡、拒绝或沉默时停止推进。
IGS-S5-G22,反问转共情,S5,私信熟悉与倾听策略,开启私信对话；提高后续对话率,私信策略,提升安全感；降低陌生感,CRUCIAL_MAKE_IT_SAFE；NEVER_SPLIT_DIFFERENCE,私信是更高亲密度空间，必须先让对方有选择权和安全感。对方语气强硬或质疑时，私信的关键是让对方持续感到有选择、有被理解、有下一步；“反问转共情”的作用是把这个判断变成一个可执行、可观察、可复盘的动作。执行时只把它当作建立熟悉感和互相信任的入口，不把对方当作被推进的对象。,触发条件：对方语气强硬或质疑时。；具体动作：先回应背后担心，再答事实问题。；落地要求：每轮只推进一个问题或一个动作，保留对方拒绝和暂停的空间。；边界要求：必须真实透明、尊重对方选择；不伪装身份、不套取隐私、不制造虚假亲密或焦虑，对方冷淡、拒绝或沉默时停止推进。,反问转共情执行次数；相关内容互动率；后续对话或行动率；对方主动回应率；重复互动率,反问转共情；对方语气强硬或质疑；先回应背后担心，再答事实问题；私信熟悉与倾听策略；认识陌生人；成为朋友；建立信任；真诚互动,IGS-S4-06；IGS-S6-08；IGS-S5-G28,cards/IGS-S5-G22.md,用于在社交平台上认识合适的陌生人，通过公开互动、真诚倾听和小范围互助，逐步成为朋友并赢得长期信任。,必须真实透明、尊重对方选择；不伪装身份、不套取隐私、不制造虚假亲密或焦虑，对方冷淡、拒绝或沉默时停止推进。
IGS-S5-G23,小资源后反馈钩,S5,私信熟悉与倾听策略,提升主页可信感；建立长期朋友关系,私信策略；资源互助策略,提升被理解感；降低怀疑感,NEVER_SPLIT_DIFFERENCE；GOLEMAN_EQ,私信是更高亲密度空间，必须先让对方有选择权和安全感。小资源已经发送完时，私信的关键是让对方持续感到有选择、有被理解、有下一步；“小资源后反馈钩”的作用是把这个判断变成一个可执行、可观察、可复盘的动作。执行时只把它当作建立熟悉感和互相信任的入口，不把对方当作被推进的对象。,触发条件：小资源已经发送完时。；具体动作：问你准备用它改哪一部分，我可以帮你看方向。；落地要求：每轮只推进一个问题或一个动作，保留对方拒绝和暂停的空间。；边界要求：必须真实透明、尊重对方选择；不伪装身份、不套取隐私、不制造虚假亲密或焦虑，对方冷淡、拒绝或沉默时停止推进。,小资源后反馈钩执行次数；相关内容互动率；后续对话或行动率；对方主动回应率；重复互动率,小资源后反馈钩；小资源已经发送完；问你准备用它改哪一部分，我可以帮你看；私信熟悉与倾听策略；认识陌生人；成为朋友；建立信任；真诚互动,IGS-S4-G23；IGS-S6-G18；IGS-S5-G29,cards/IGS-S5-G23.md,用于在社交平台上认识合适的陌生人，通过公开互动、真诚倾听和小范围互助，逐步成为朋友并赢得长期信任。,必须真实透明、尊重对方选择；不伪装身份、不套取隐私、不制造虚假亲密或焦虑，对方冷淡、拒绝或沉默时停止推进。
IGS-S5-G24,私信标签化,S5,私信熟悉与倾听策略,提供小帮助；增加 Story 回复,Story 策略；私信策略,提升互惠感；提升真实感,GOLEMAN_EQ；MINDTOOLS_ACTIVE_LISTENING,私信是更高亲密度空间，必须先让对方有选择权和安全感。对话多到难以跟进时，私信的关键是让对方持续感到有选择、有被理解、有下一步；“私信标签化”的作用是把这个判断变成一个可执行、可观察、可复盘的动作。执行时只把它当作建立熟悉感和互相信任的入口，不把对方当作被推进的对象。,触发条件：对话多到难以跟进时。；具体动作：给对方打上阶段、需求、顾虑和已发小资源标签。；落地要求：每轮只推进一个问题或一个动作，保留对方拒绝和暂停的空间。；边界要求：必须真实透明、尊重对方选择；不伪装身份、不套取隐私、不制造虚假亲密或焦虑，对方冷淡、拒绝或沉默时停止推进。,私信标签化执行次数；相关内容互动率；后续对话或行动率；对方主动回应率；重复互动率,私信标签化；对话多到难以跟进；给对方打上阶段、需求、顾虑和已发小资源；私信熟悉与倾听策略；认识陌生人；成为朋友；建立信任；真诚互动,IGS-S4-08；IGS-S6-05；IGS-S5-G30,cards/IGS-S5-G24.md,用于在社交平台上认识合适的陌生人，通过公开互动、真诚倾听和小范围互助，逐步成为朋友并赢得长期信任。,必须真实透明、尊重对方选择；不伪装身份、不套取隐私、不制造虚假亲密或焦虑，对方冷淡、拒绝或沉默时停止推进。
IGS-S5-G25,高情商暂停,S5,私信熟悉与倾听策略,开启私信对话；提高后续对话率,私信策略,提升安全感；降低陌生感,MINDTOOLS_ACTIVE_LISTENING；CNVC_FEELINGS_NEEDS,私信是更高亲密度空间，必须先让对方有选择权和安全感。自己急着证明或反驳时，私信的关键是让对方持续感到有选择、有被理解、有下一步；“高情商暂停”的作用是把这个判断变成一个可执行、可观察、可复盘的动作。执行时只把它当作建立熟悉感和互相信任的入口，不把对方当作被推进的对象。,触发条件：自己急着证明或反驳时。；具体动作：先停 10 秒，确认自己是在帮对方还是在保护面子。；落地要求：每轮只推进一个问题或一个动作，保留对方拒绝和暂停的空间。；边界要求：必须真实透明、尊重对方选择；不伪装身份、不套取隐私、不制造虚假亲密或焦虑，对方冷淡、拒绝或沉默时停止推进。,高情商暂停执行次数；相关内容互动率；后续对话或行动率；对方主动回应率；重复互动率,高情商暂停；自己急着证明或反驳；先停 10 秒，确认自己是在帮对方还；私信熟悉与倾听策略；认识陌生人；成为朋友；建立信任；真诚互动,IGS-S4-06；IGS-S6-08；IGS-S5-G19,cards/IGS-S5-G25.md,用于在社交平台上认识合适的陌生人，通过公开互动、真诚倾听和小范围互助，逐步成为朋友并赢得长期信任。,必须真实透明、尊重对方选择；不伪装身份、不套取隐私、不制造虚假亲密或焦虑，对方冷淡、拒绝或沉默时停止推进。
IGS-S5-G26,冲突不公开升级,S5,私信熟悉与倾听策略,提升主页可信感；建立长期朋友关系,私信策略；资源互助策略,提升被理解感；降低怀疑感,CNVC_FEELINGS_NEEDS；CRUCIAL_CONVERSATIONS,私信是更高亲密度空间，必须先让对方有选择权和安全感。评论区争议延伸到私信时，私信的关键是让对方持续感到有选择、有被理解、有下一步；“冲突不公开升级”的作用是把这个判断变成一个可执行、可观察、可复盘的动作。执行时只把它当作建立熟悉感和互相信任的入口，不把对方当作被推进的对象。,触发条件：评论区争议延伸到私信时。；具体动作：承认对方感受并把事实核对放在私下完成。；落地要求：每轮只推进一个问题或一个动作，保留对方拒绝和暂停的空间。；边界要求：必须真实透明、尊重对方选择；不伪装身份、不套取隐私、不制造虚假亲密或焦虑，对方冷淡、拒绝或沉默时停止推进。,冲突不公开升级执行次数；相关内容互动率；后续对话或行动率；对方主动回应率；重复互动率,冲突不公开升级；评论区争议延伸到私信；承认对方感受并把事实核对放在私下完成；私信熟悉与倾听策略；认识陌生人；成为朋友；建立信任；真诚互动,IGS-S4-G23；IGS-S6-G18；IGS-S5-G20,cards/IGS-S5-G26.md,用于在社交平台上认识合适的陌生人，通过公开互动、真诚倾听和小范围互助，逐步成为朋友并赢得长期信任。,必须真实透明、尊重对方选择；不伪装身份、不套取隐私、不制造虚假亲密或焦虑，对方冷淡、拒绝或沉默时停止推进。
IGS-S5-G27,感谢具体化,S5,私信熟悉与倾听策略,提供小帮助；增加 Story 回复,Story 策略；私信策略,提升互惠感；提升真实感,CRUCIAL_CONVERSATIONS；CRUCIAL_MAKE_IT_SAFE,私信是更高亲密度空间，必须先让对方有选择权和安全感。对方给反馈或拒绝时，私信的关键是让对方持续感到有选择、有被理解、有下一步；“感谢具体化”的作用是把这个判断变成一个可执行、可观察、可复盘的动作。执行时只把它当作建立熟悉感和互相信任的入口，不把对方当作被推进的对象。,触发条件：对方给反馈或拒绝时。；具体动作：感谢他具体说出的时间、担心或真实想法。；落地要求：每轮只推进一个问题或一个动作，保留对方拒绝和暂停的空间。；边界要求：必须真实透明、尊重对方选择；不伪装身份、不套取隐私、不制造虚假亲密或焦虑，对方冷淡、拒绝或沉默时停止推进。,感谢具体化执行次数；相关内容互动率；后续对话或行动率；对方主动回应率；重复互动率,感谢具体化；对方给反馈或拒绝；感谢他具体说出的时间、担心或真实想法；私信熟悉与倾听策略；认识陌生人；成为朋友；建立信任；真诚互动,IGS-S4-08；IGS-S6-05；IGS-S5-G21,cards/IGS-S5-G27.md,用于在社交平台上认识合适的陌生人，通过公开互动、真诚倾听和小范围互助，逐步成为朋友并赢得长期信任。,必须真实透明、尊重对方选择；不伪装身份、不套取隐私、不制造虚假亲密或焦虑，对方冷淡、拒绝或沉默时停止推进。
IGS-S5-G28,二次价值回访,S5,私信熟悉与倾听策略,开启私信对话；提高后续对话率,私信策略,提升安全感；降低陌生感,CRUCIAL_MAKE_IT_SAFE；NEVER_SPLIT_DIFFERENCE,私信是更高亲密度空间，必须先让对方有选择权和安全感。对方曾表达明确目标但暂未行动时，私信的关键是让对方持续感到有选择、有被理解、有下一步；“二次价值回访”的作用是把这个判断变成一个可执行、可观察、可复盘的动作。执行时只把它当作建立熟悉感和互相信任的入口，不把对方当作被推进的对象。,触发条件：对方曾表达明确目标但暂未行动时。；具体动作：一周后发送一个与他目标相关的新资源。；落地要求：每轮只推进一个问题或一个动作，保留对方拒绝和暂停的空间。；边界要求：必须真实透明、尊重对方选择；不伪装身份、不套取隐私、不制造虚假亲密或焦虑，对方冷淡、拒绝或沉默时停止推进。,二次价值回访执行次数；相关内容互动率；后续对话或行动率；对方主动回应率；重复互动率,二次价值回访；对方曾表达明确目标但暂未行动；一周后发送一个与他目标相关的新资源；私信熟悉与倾听策略；认识陌生人；成为朋友；建立信任；真诚互动,IGS-S4-06；IGS-S6-08；IGS-S5-G22,cards/IGS-S5-G28.md,用于在社交平台上认识合适的陌生人，通过公开互动、真诚倾听和小范围互助，逐步成为朋友并赢得长期信任。,必须真实透明、尊重对方选择；不伪装身份、不套取隐私、不制造虚假亲密或焦虑，对方冷淡、拒绝或沉默时停止推进。
IGS-S5-G29,转介绍询问,S5,私信熟悉与倾听策略,提升主页可信感；建立长期朋友关系,私信策略；资源互助策略,提升被理解感；降低怀疑感,NEVER_SPLIT_DIFFERENCE；GOLEMAN_EQ,私信是更高亲密度空间，必须先让对方有选择权和安全感。对方明确满意但暂不继续互动时，私信的关键是让对方持续感到有选择、有被理解、有下一步；“转介绍询问”的作用是把这个判断变成一个可执行、可观察、可复盘的动作。执行时只把它当作建立熟悉感和互相信任的入口，不把对方当作被推进的对象。,触发条件：对方明确满意但暂不继续互动时。；具体动作：询问他是否认识也卡在同类问题的人。；落地要求：每轮只推进一个问题或一个动作，保留对方拒绝和暂停的空间。；边界要求：必须真实透明、尊重对方选择；不伪装身份、不套取隐私、不制造虚假亲密或焦虑，对方冷淡、拒绝或沉默时停止推进。,转介绍询问执行次数；相关内容互动率；后续对话或行动率；对方主动回应率；重复互动率,转介绍询问；对方明确满意但暂不继续互动；询问他是否认识也卡在同类问题的人；私信熟悉与倾听策略；认识陌生人；成为朋友；建立信任；真诚互动,IGS-S4-G23；IGS-S6-G18；IGS-S5-G23,cards/IGS-S5-G29.md,用于在社交平台上认识合适的陌生人，通过公开互动、真诚倾听和小范围互助，逐步成为朋友并赢得长期信任。,必须真实透明、尊重对方选择；不伪装身份、不套取隐私、不制造虚假亲密或焦虑，对方冷淡、拒绝或沉默时停止推进。
IGS-S5-G30,对话结束摘要,S5,私信熟悉与倾听策略,提供小帮助；增加 Story 回复,Story 策略；私信策略,提升互惠感；提升真实感,GOLEMAN_EQ；MINDTOOLS_ACTIVE_LISTENING,私信是更高亲密度空间，必须先让对方有选择权和安全感。私信聊得很长时，私信的关键是让对方持续感到有选择、有被理解、有下一步；“对话结束摘要”的作用是把这个判断变成一个可执行、可观察、可复盘的动作。执行时只把它当作建立熟悉感和互相信任的入口，不把对方当作被推进的对象。,触发条件：私信聊得很长时。；具体动作：用三点总结对方现状、建议动作和约定下一步。；落地要求：每轮只推进一个问题或一个动作，保留对方拒绝和暂停的空间。；边界要求：必须真实透明、尊重对方选择；不伪装身份、不套取隐私、不制造虚假亲密或焦虑，对方冷淡、拒绝或沉默时停止推进。,对话结束摘要执行次数；相关内容互动率；后续对话或行动率；对方主动回应率；重复互动率,对话结束摘要；私信聊得很长；用三点总结对方现状、建议动作和约定下；私信熟悉与倾听策略；认识陌生人；成为朋友；建立信任；真诚互动,IGS-S4-08；IGS-S6-05；IGS-S5-G24,cards/IGS-S5-G30.md,用于在社交平台上认识合适的陌生人，通过公开互动、真诚倾听和小范围互助，逐步成为朋友并赢得长期信任。,必须真实透明、尊重对方选择；不伪装身份、不套取隐私、不制造虚假亲密或焦虑，对方冷淡、拒绝或沉默时停止推进。
IGS-S6-G01,10 分钟小胜利小资源,S6,小资源互助策略,提供小帮助；提高后续对话率,资源互助策略,提升互惠感；提升安全感,CIALDINI_INFLUENCE；CXL_INSTITUTE,小资源和小帮助用于降低对方行动负担，不用于制造亏欠感。小资源太大导致对方不使用时，小资源要制造可完成的小胜利，而不是堆砌看似丰富的小资源；“10 分钟小胜利小资源”的作用是把这个判断变成一个可执行、可观察、可复盘的动作。执行时只把它当作建立熟悉感和互相信任的入口，不把对方当作被推进的对象。,触发条件：小资源太大导致对方不使用时。；具体动作：把小资源缩成 10 分钟内能完成的一步。；落地要求：把领取、打开、完成、反馈和二次对话都记录下来。；边界要求：必须真实透明、尊重对方选择；不伪装身份、不套取隐私、不制造虚假亲密或焦虑，对方冷淡、拒绝或沉默时停止推进。,10 分钟小胜利小资源执行次数；相关内容互动率；后续对话或行动率；对方主动回应率；重复互动率,10 分钟小胜利小资源；小资源太大导致对方不使用；把小资源缩成 10 分钟内能完成的一步；小资源互助策略；认识陌生人；成为朋友；建立信任；真诚互动,IGS-S5-04；IGS-S7-07；IGS-S6-G16；IGS-S8-07,cards/IGS-S6-G01.md,用于在社交平台上认识合适的陌生人，通过公开互动、真诚倾听和小范围互助，逐步成为朋友并赢得长期信任。,必须真实透明、尊重对方选择；不伪装身份、不套取隐私、不制造虚假亲密或焦虑，对方冷淡、拒绝或沉默时停止推进。
IGS-S6-G02,阶段匹配小资源,S6,小资源互助策略,开启私信对话；降低陌生防备,资源互助策略；私信策略,提升专业感；降低怀疑感,CXL_INSTITUTE；LATER_STORIES_CAMPAIGN,小资源和小帮助用于降低对方行动负担，不用于制造亏欠感。新手和进阶对方领取同一小资源效果差时，小资源要制造可完成的小胜利，而不是堆砌看似丰富的小资源；“阶段匹配小资源”的作用是把这个判断变成一个可执行、可观察、可复盘的动作。执行时只把它当作建立熟悉感和互相信任的入口，不把对方当作被推进的对象。,触发条件：新手和进阶对方领取同一小资源效果差时。；具体动作：为入门、执行、优化三个阶段分别设计资源。；落地要求：把领取、打开、完成、反馈和二次对话都记录下来。；边界要求：必须真实透明、尊重对方选择；不伪装身份、不套取隐私、不制造虚假亲密或焦虑，对方冷淡、拒绝或沉默时停止推进。,阶段匹配小资源执行次数；相关内容互动率；后续对话或行动率；对方主动回应率；重复互动率,阶段匹配小资源；新手和进阶对方领取同一小资源效果差；为入门、执行、优化三个阶段分别设计资；小资源互助策略；认识陌生人；成为朋友；建立信任；真诚互动,IGS-S5-03；IGS-S7-08；IGS-S6-G17,cards/IGS-S6-G02.md,用于在社交平台上认识合适的陌生人，通过公开互动、真诚倾听和小范围互助，逐步成为朋友并赢得长期信任。,必须真实透明、尊重对方选择；不伪装身份、不套取隐私、不制造虚假亲密或焦虑，对方冷淡、拒绝或沉默时停止推进。
IGS-S6-G03,检查表小资源,S6,小资源互助策略,提升主页可信感；建立长期朋友关系,Story 策略；资源互助策略,提升参与感；提升持续关注理由,LATER_STORIES_CAMPAIGN；CANVA_SOCIAL_MEDIA_MASTERY,小资源和小帮助用于降低对方行动负担，不用于制造亏欠感。教程内容收藏多但行动少时，小资源要制造可完成的小胜利，而不是堆砌看似丰富的小资源；“检查表小资源”的作用是把这个判断变成一个可执行、可观察、可复盘的动作。执行时只把它当作建立熟悉感和互相信任的入口，不把对方当作被推进的对象。,触发条件：教程内容收藏多但行动少时。；具体动作：把教程变成可勾选检查表。；落地要求：把领取、打开、完成、反馈和二次对话都记录下来。；边界要求：必须真实透明、尊重对方选择；不伪装身份、不套取隐私、不制造虚假亲密或焦虑，对方冷淡、拒绝或沉默时停止推进。,检查表小资源执行次数；相关内容互动率；后续对话或行动率；对方主动回应率；重复互动率,检查表小资源；教程内容收藏多但行动少；把教程变成可勾选检查表；小资源互助策略；认识陌生人；成为朋友；建立信任；真诚互动,IGS-S5-G29；IGS-S7-06；IGS-S6-G18,cards/IGS-S6-G03.md,用于在社交平台上认识合适的陌生人，通过公开互动、真诚倾听和小范围互助，逐步成为朋友并赢得长期信任。,必须真实透明、尊重对方选择；不伪装身份、不套取隐私、不制造虚假亲密或焦虑，对方冷淡、拒绝或沉默时停止推进。
IGS-S6-G04,脚本库小资源,S6,小资源互助策略,提供小帮助；提高后续对话率,Carousel 策略；资源互助策略,提升互惠感；提升安全感,CANVA_SOCIAL_MEDIA_MASTERY；META_REELS_ADS,小资源和小帮助用于降低对方行动负担，不用于制造亏欠感。对方卡在表达而不是理解时，小资源要制造可完成的小胜利，而不是堆砌看似丰富的小资源；“脚本库小资源”的作用是把这个判断变成一个可执行、可观察、可复盘的动作。执行时只把它当作建立熟悉感和互相信任的入口，不把对方当作被推进的对象。,触发条件：对方卡在表达而不是理解时。；具体动作：提供评论、私信、Story 的可改写话术。；落地要求：把领取、打开、完成、反馈和二次对话都记录下来。；边界要求：必须真实透明、尊重对方选择；不伪装身份、不套取隐私、不制造虚假亲密或焦虑，对方冷淡、拒绝或沉默时停止推进。,脚本库小资源执行次数；相关内容互动率；后续对话或行动率；对方主动回应率；重复互动率,脚本库小资源；对方卡在表达而不是理解；提供评论、私信、Story 的可改写；小资源互助策略；认识陌生人；成为朋友；建立信任；真诚互动,IGS-S5-04；IGS-S7-07；IGS-S6-G19,cards/IGS-S6-G04.md,用于在社交平台上认识合适的陌生人，通过公开互动、真诚倾听和小范围互助，逐步成为朋友并赢得长期信任。,必须真实透明、尊重对方选择；不伪装身份、不套取隐私、不制造虚假亲密或焦虑，对方冷淡、拒绝或沉默时停止推进。
IGS-S6-G05,诊断模板小资源,S6,小资源互助策略,开启私信对话；降低陌生防备,资源互助策略,提升专业感；降低怀疑感,META_REELS_ADS；CIALDINI_INFLUENCE,小资源和小帮助用于降低对方行动负担，不用于制造亏欠感。对方不知道问题出在哪时，小资源要制造可完成的小胜利，而不是堆砌看似丰富的小资源；“诊断模板小资源”的作用是把这个判断变成一个可执行、可观察、可复盘的动作。执行时只把它当作建立熟悉感和互相信任的入口，不把对方当作被推进的对象。,触发条件：对方不知道问题出在哪时。；具体动作：提供自评问题而不是直接给答案。；落地要求：把领取、打开、完成、反馈和二次对话都记录下来。；边界要求：必须真实透明、尊重对方选择；不伪装身份、不套取隐私、不制造虚假亲密或焦虑，对方冷淡、拒绝或沉默时停止推进。,诊断模板小资源执行次数；相关内容互动率；后续对话或行动率；对方主动回应率；重复互动率,诊断模板小资源；对方不知道问题出在哪；提供自评问题而不是直接给答案；小资源互助策略；认识陌生人；成为朋友；建立信任；真诚互动,IGS-S5-03；IGS-S7-08；IGS-S6-G20,cards/IGS-S6-G05.md,用于在社交平台上认识合适的陌生人，通过公开互动、真诚倾听和小范围互助，逐步成为朋友并赢得长期信任。,必须真实透明、尊重对方选择；不伪装身份、不套取隐私、不制造虚假亲密或焦虑，对方冷淡、拒绝或沉默时停止推进。
IGS-S6-G06,案例拆解小资源,S6,小资源互助策略,提升主页可信感；建立长期朋友关系,资源互助策略；私信策略,提升参与感；提升持续关注理由,CIALDINI_INFLUENCE；CXL_INSTITUTE,小资源和小帮助用于降低对方行动负担，不用于制造亏欠感。对方需要信任证据时，小资源要制造可完成的小胜利，而不是堆砌看似丰富的小资源；“案例拆解小资源”的作用是把这个判断变成一个可执行、可观察、可复盘的动作。执行时只把它当作建立熟悉感和互相信任的入口，不把对方当作被推进的对象。,触发条件：对方需要信任证据时。；具体动作：把一个真实案例拆成背景、动作、指标、限制。；落地要求：把领取、打开、完成、反馈和二次对话都记录下来。；边界要求：必须真实透明、尊重对方选择；不伪装身份、不套取隐私、不制造虚假亲密或焦虑，对方冷淡、拒绝或沉默时停止推进。,案例拆解小资源执行次数；相关内容互动率；后续对话或行动率；对方主动回应率；重复互动率,案例拆解小资源；对方需要信任证据；把一个真实案例拆成背景、动作、指标、；小资源互助策略；认识陌生人；成为朋友；建立信任；真诚互动,IGS-S5-G29；IGS-S7-07；IGS-S6-G21,cards/IGS-S6-G06.md,用于在社交平台上认识合适的陌生人，通过公开互动、真诚倾听和小范围互助，逐步成为朋友并赢得长期信任。,必须真实透明、尊重对方选择；不伪装身份、不套取隐私、不制造虚假亲密或焦虑，对方冷淡、拒绝或沉默时停止推进。
IGS-S6-G07,Story 测验小资源,S6,小资源互助策略,提供小帮助；提高后续对话率,Story 策略；资源互助策略,提升互惠感；提升安全感,CXL_INSTITUTE；LATER_STORIES_CAMPAIGN,小资源和小帮助用于降低对方行动负担，不用于制造亏欠感。小资源预热冷淡时，小资源要制造可完成的小胜利，而不是堆砌看似丰富的小资源；“Story 测验小资源”的作用是把这个判断变成一个可执行、可观察、可复盘的动作。执行时只把它当作建立熟悉感和互相信任的入口，不把对方当作被推进的对象。,触发条件：小资源预热冷淡时。；具体动作：先用测验让对方发现自己的缺口，再给资源。；落地要求：把领取、打开、完成、反馈和二次对话都记录下来。；边界要求：必须真实透明、尊重对方选择；不伪装身份、不套取隐私、不制造虚假亲密或焦虑，对方冷淡、拒绝或沉默时停止推进。,Story 测验小资源执行次数；相关内容互动率；后续对话或行动率；对方主动回应率；重复互动率,Story 测验小资源；小资源预热冷淡；先用测验让对方发现自己的缺口，再给资；小资源互助策略；认识陌生人；成为朋友；建立信任；真诚互动,IGS-S5-04；IGS-S7-07；IGS-S6-G19；IGS-S8-07,cards/IGS-S6-G07.md,用于在社交平台上认识合适的陌生人，通过公开互动、真诚倾听和小范围互助，逐步成为朋友并赢得长期信任。,必须真实透明、尊重对方选择；不伪装身份、不套取隐私、不制造虚假亲密或焦虑，对方冷淡、拒绝或沉默时停止推进。
IGS-S6-G08,DM 关键词小资源,S6,小资源互助策略,开启私信对话；降低陌生防备,Carousel 策略；资源互助策略,提升专业感；降低怀疑感,LATER_STORIES_CAMPAIGN；CANVA_SOCIAL_MEDIA_MASTERY,小资源和小帮助用于降低对方行动负担，不用于制造亏欠感。链接点击低但评论热情高时，小资源要制造可完成的小胜利，而不是堆砌看似丰富的小资源；“DM 关键词小资源”的作用是把这个判断变成一个可执行、可观察、可复盘的动作。执行时只把它当作建立熟悉感和互相信任的入口，不把对方当作被推进的对象。,触发条件：链接点击低但评论热情高时。；具体动作：用一个关键词把领取入口放回 Instagram 内。；落地要求：把领取、打开、完成、反馈和二次对话都记录下来。；边界要求：必须真实透明、尊重对方选择；不伪装身份、不套取隐私、不制造虚假亲密或焦虑，对方冷淡、拒绝或沉默时停止推进。,DM 关键词小资源执行次数；相关内容互动率；后续对话或行动率；对方主动回应率；重复互动率,DM 关键词小资源；链接点击低但评论热情高；用一个关键词把领取入口放回 Inst；小资源互助策略；认识陌生人；成为朋友；建立信任；真诚互动,IGS-S5-03；IGS-S7-08；IGS-S6-G20；IGS-S6-G17,cards/IGS-S6-G08.md,用于在社交平台上认识合适的陌生人，通过公开互动、真诚倾听和小范围互助，逐步成为朋友并赢得长期信任。,必须真实透明、尊重对方选择；不伪装身份、不套取隐私、不制造虚假亲密或焦虑，对方冷淡、拒绝或沉默时停止推进。
IGS-S6-G09,直播加餐小资源,S6,小资源互助策略,提升主页可信感；建立长期朋友关系,资源互助策略,提升参与感；提升持续关注理由,CANVA_SOCIAL_MEDIA_MASTERY；META_REELS_ADS,小资源和小帮助用于降低对方行动负担，不用于制造亏欠感。Live 后关系断掉时，小资源要制造可完成的小胜利，而不是堆砌看似丰富的小资源；“直播加餐小资源”的作用是把这个判断变成一个可执行、可观察、可复盘的动作。执行时只把它当作建立熟悉感和互相信任的入口，不把对方当作被推进的对象。,触发条件：Live 后关系断掉时。；具体动作：直播结束发讲义、清单或回放重点。；落地要求：把领取、打开、完成、反馈和二次对话都记录下来。；边界要求：必须真实透明、尊重对方选择；不伪装身份、不套取隐私、不制造虚假亲密或焦虑，对方冷淡、拒绝或沉默时停止推进。,直播加餐小资源执行次数；相关内容互动率；后续对话或行动率；对方主动回应率；重复互动率,直播加餐小资源；Live 后关系断掉；直播结束发讲义、清单或回放重点；小资源互助策略；认识陌生人；成为朋友；建立信任；真诚互动,IGS-S5-G29；IGS-S7-06；IGS-S6-G18,cards/IGS-S6-G09.md,用于在社交平台上认识合适的陌生人，通过公开互动、真诚倾听和小范围互助，逐步成为朋友并赢得长期信任。,必须真实透明、尊重对方选择；不伪装身份、不套取隐私、不制造虚假亲密或焦虑，对方冷淡、拒绝或沉默时停止推进。
IGS-S6-G10,内容升级小资源,S6,小资源互助策略,提供小帮助；提高后续对话率,资源互助策略；私信策略,提升互惠感；提升安全感,META_REELS_ADS；CIALDINI_INFLUENCE,小资源和小帮助用于降低对方行动负担，不用于制造亏欠感。公开内容有明显未展开部分时，小资源要制造可完成的小胜利，而不是堆砌看似丰富的小资源；“内容升级小资源”的作用是把这个判断变成一个可执行、可观察、可复盘的动作。执行时只把它当作建立熟悉感和互相信任的入口，不把对方当作被推进的对象。,触发条件：公开内容有明显未展开部分时。；具体动作：只把更完整模板提供给真正需要的人。；落地要求：把领取、打开、完成、反馈和二次对话都记录下来。；边界要求：必须真实透明、尊重对方选择；不伪装身份、不套取隐私、不制造虚假亲密或焦虑，对方冷淡、拒绝或沉默时停止推进。,内容升级小资源执行次数；相关内容互动率；后续对话或行动率；对方主动回应率；重复互动率,内容升级小资源；公开内容有明显未展开部分；只把更完整模板提供给真正需要的人；小资源互助策略；认识陌生人；成为朋友；建立信任；真诚互动,IGS-S5-04；IGS-S7-07；IGS-S6-01；IGS-S8-07,cards/IGS-S6-G10.md,用于在社交平台上认识合适的陌生人，通过公开互动、真诚倾听和小范围互助，逐步成为朋友并赢得长期信任。,必须真实透明、尊重对方选择；不伪装身份、不套取隐私、不制造虚假亲密或焦虑，对方冷淡、拒绝或沉默时停止推进。
IGS-S6-G11,资源包分层,S6,小资源互助策略,开启私信对话；降低陌生防备,Story 策略；资源互助策略,提升专业感；降低怀疑感,CIALDINI_INFLUENCE；CXL_INSTITUTE,小资源和小帮助用于降低对方行动负担，不用于制造亏欠感。一个大资源包让对方选择困难时，小资源要制造可完成的小胜利，而不是堆砌看似丰富的小资源；“资源包分层”的作用是把这个判断变成一个可执行、可观察、可复盘的动作。执行时只把它当作建立熟悉感和互相信任的入口，不把对方当作被推进的对象。,触发条件：一个大资源包让对方选择困难时。；具体动作：按目标拆成入门包、关系推进包、复盘包。；落地要求：把领取、打开、完成、反馈和二次对话都记录下来。；边界要求：必须真实透明、尊重对方选择；不伪装身份、不套取隐私、不制造虚假亲密或焦虑，对方冷淡、拒绝或沉默时停止推进。,资源包分层执行次数；相关内容互动率；后续对话或行动率；对方主动回应率；重复互动率,资源包分层；一个大资源包让对方选择困难；按目标拆成入门包、关系推进包、复盘包；小资源互助策略；认识陌生人；成为朋友；建立信任；真诚互动,IGS-S5-03；IGS-S7-08；IGS-S6-G20,cards/IGS-S6-G11.md,用于在社交平台上认识合适的陌生人，通过公开互动、真诚倾听和小范围互助，逐步成为朋友并赢得长期信任。,必须真实透明、尊重对方选择；不伪装身份、不套取隐私、不制造虚假亲密或焦虑，对方冷淡、拒绝或沉默时停止推进。
IGS-S6-G12,挑战型小资源,S6,小资源互助策略,提升主页可信感；建立长期朋友关系,Carousel 策略；资源互助策略,提升参与感；提升持续关注理由,CXL_INSTITUTE；LATER_STORIES_CAMPAIGN,小资源和小帮助用于降低对方行动负担，不用于制造亏欠感。对方需要陪伴而不是小资源时，小资源要制造可完成的小胜利，而不是堆砌看似丰富的小资源；“挑战型小资源”的作用是把这个判断变成一个可执行、可观察、可复盘的动作。执行时只把它当作建立熟悉感和互相信任的入口，不把对方当作被推进的对象。,触发条件：对方需要陪伴而不是小资源时。；具体动作：设计 3 天或 5 天的小挑战。；落地要求：把领取、打开、完成、反馈和二次对话都记录下来。；边界要求：必须真实透明、尊重对方选择；不伪装身份、不套取隐私、不制造虚假亲密或焦虑，对方冷淡、拒绝或沉默时停止推进。,挑战型小资源执行次数；相关内容互动率；后续对话或行动率；对方主动回应率；重复互动率,挑战型小资源；对方需要陪伴而不是小资源；设计 3 天或 5 天的小挑战；小资源互助策略；认识陌生人；成为朋友；建立信任；真诚互动,IGS-S5-G29；IGS-S7-04；IGS-S6-G21,cards/IGS-S6-G12.md,用于在社交平台上认识合适的陌生人，通过公开互动、真诚倾听和小范围互助，逐步成为朋友并赢得长期信任。,必须真实透明、尊重对方选择；不伪装身份、不套取隐私、不制造虚假亲密或焦虑，对方冷淡、拒绝或沉默时停止推进。
IGS-S6-G13,免费微诊断,S6,小资源互助策略,提供小帮助；提高后续对话率,资源互助策略,提升互惠感；提升安全感,LATER_STORIES_CAMPAIGN；CANVA_SOCIAL_MEDIA_MASTERY,小资源和小帮助用于降低对方行动负担，不用于制造亏欠感。高意向对方需要证明你的判断力时，小资源要制造可完成的小胜利，而不是堆砌看似丰富的小资源；“免费微诊断”的作用是把这个判断变成一个可执行、可观察、可复盘的动作。执行时只把它当作建立熟悉感和互相信任的入口，不把对方当作被推进的对象。,触发条件：高意向对方需要证明你的判断力时。；具体动作：提供一次范围明确的微诊断。；落地要求：把领取、打开、完成、反馈和二次对话都记录下来。；边界要求：必须真实透明、尊重对方选择；不伪装身份、不套取隐私、不制造虚假亲密或焦虑，对方冷淡、拒绝或沉默时停止推进。,免费微诊断执行次数；相关内容互动率；后续对话或行动率；对方主动回应率；重复互动率,免费微诊断；高意向对方需要证明你的判断力；提供一次范围明确的微诊断；小资源互助策略；认识陌生人；成为朋友；建立信任；真诚互动,IGS-S5-04；IGS-S7-07；IGS-S6-G19,cards/IGS-S6-G13.md,用于在社交平台上认识合适的陌生人，通过公开互动、真诚倾听和小范围互助，逐步成为朋友并赢得长期信任。,必须真实透明、尊重对方选择；不伪装身份、不套取隐私、不制造虚假亲密或焦虑，对方冷淡、拒绝或沉默时停止推进。
IGS-S6-G14,办公时间小资源,S6,小资源互助策略,开启私信对话；降低陌生防备,资源互助策略；私信策略,提升专业感；降低怀疑感,CANVA_SOCIAL_MEDIA_MASTERY；META_REELS_ADS,小资源和小帮助用于降低对方行动负担，不用于制造亏欠感。对方问题高度个性化时，小资源要制造可完成的小胜利，而不是堆砌看似丰富的小资源；“办公时间小资源”的作用是把这个判断变成一个可执行、可观察、可复盘的动作。执行时只把它当作建立熟悉感和互相信任的入口，不把对方当作被推进的对象。,触发条件：对方问题高度个性化时。；具体动作：固定每周 30 分钟回答领取者问题。；落地要求：把领取、打开、完成、反馈和二次对话都记录下来。；边界要求：必须真实透明、尊重对方选择；不伪装身份、不套取隐私、不制造虚假亲密或焦虑，对方冷淡、拒绝或沉默时停止推进。,办公时间小资源执行次数；相关内容互动率；后续对话或行动率；对方主动回应率；重复互动率,办公时间小资源；对方问题高度个性化；固定每周 30 分钟回答领取者问题；小资源互助策略；认识陌生人；成为朋友；建立信任；真诚互动,IGS-S5-03；IGS-S7-08；IGS-S6-G02；IGS-S6-G20,cards/IGS-S6-G14.md,用于在社交平台上认识合适的陌生人，通过公开互动、真诚倾听和小范围互助，逐步成为朋友并赢得长期信任。,必须真实透明、尊重对方选择；不伪装身份、不套取隐私、不制造虚假亲密或焦虑，对方冷淡、拒绝或沉默时停止推进。
IGS-S6-G15,感谢页下一步,S6,小资源互助策略,提升主页可信感；建立长期朋友关系,Story 策略；资源互助策略,提升参与感；提升持续关注理由,META_REELS_ADS；CIALDINI_INFLUENCE,小资源和小帮助用于降低对方行动负担，不用于制造亏欠感。小资源领取完没有后续动作时，小资源要制造可完成的小胜利，而不是堆砌看似丰富的小资源；“感谢页下一步”的作用是把这个判断变成一个可执行、可观察、可复盘的动作。执行时只把它当作建立熟悉感和互相信任的入口，不把对方当作被推进的对象。,触发条件：小资源领取完没有后续动作时。；具体动作：感谢页只放一个反馈问题或一个相关案例。；落地要求：把领取、打开、完成、反馈和二次对话都记录下来。；边界要求：必须真实透明、尊重对方选择；不伪装身份、不套取隐私、不制造虚假亲密或焦虑，对方冷淡、拒绝或沉默时停止推进。,感谢页下一步执行次数；相关内容互动率；后续对话或行动率；对方主动回应率；重复互动率,感谢页下一步；小资源领取完没有后续动作；感谢页只放一个反馈问题或一个相关案例；小资源互助策略；认识陌生人；成为朋友；建立信任；真诚互动,IGS-S5-G29；IGS-S7-04；IGS-S6-G03；IGS-S6-G21,cards/IGS-S6-G15.md,用于在社交平台上认识合适的陌生人，通过公开互动、真诚倾听和小范围互助，逐步成为朋友并赢得长期信任。,必须真实透明、尊重对方选择；不伪装身份、不套取隐私、不制造虚假亲密或焦虑，对方冷淡、拒绝或沉默时停止推进。
IGS-S6-G16,小资源适用边界,S6,小资源互助策略,提供小帮助；提高后续对话率,Carousel 策略；资源互助策略,提升互惠感；提升安全感,CIALDINI_INFLUENCE；CXL_INSTITUTE,小资源和小帮助用于降低对方行动负担，不用于制造亏欠感。领取者期待过高时，小资源要制造可完成的小胜利，而不是堆砌看似丰富的小资源；“小资源适用边界”的作用是把这个判断变成一个可执行、可观察、可复盘的动作。执行时只把它当作建立熟悉感和互相信任的入口，不把对方当作被推进的对象。,触发条件：领取者期待过高时。；具体动作：清楚写明适合谁、不适合谁、不能保证什么。；落地要求：把领取、打开、完成、反馈和二次对话都记录下来。；边界要求：必须真实透明、尊重对方选择；不伪装身份、不套取隐私、不制造虚假亲密或焦虑，对方冷淡、拒绝或沉默时停止推进。,小资源适用边界执行次数；相关内容互动率；后续对话或行动率；对方主动回应率；重复互动率,小资源适用边界；领取者期待过高；清楚写明适合谁、不适合谁、不能保证什；小资源互助策略；认识陌生人；成为朋友；建立信任；真诚互动,IGS-S5-04；IGS-S7-07；IGS-S6-01,cards/IGS-S6-G16.md,用于在社交平台上认识合适的陌生人，通过公开互动、真诚倾听和小范围互助，逐步成为朋友并赢得长期信任。,必须真实透明、尊重对方选择；不伪装身份、不套取隐私、不制造虚假亲密或焦虑，对方冷淡、拒绝或沉默时停止推进。
IGS-S6-G17,小资源反馈收集,S6,小资源互助策略,开启私信对话；降低陌生防备,资源互助策略,提升专业感；降低怀疑感,CXL_INSTITUTE；LATER_STORIES_CAMPAIGN,小资源和小帮助用于降低对方行动负担，不用于制造亏欠感。不知道小资源是否真的有用时，小资源要制造可完成的小胜利，而不是堆砌看似丰富的小资源；“小资源反馈收集”的作用是把这个判断变成一个可执行、可观察、可复盘的动作。执行时只把它当作建立熟悉感和互相信任的入口，不把对方当作被推进的对象。,触发条件：不知道小资源是否真的有用时。；具体动作：领取 48 小时后问完成了哪一步。；落地要求：把领取、打开、完成、反馈和二次对话都记录下来。；边界要求：必须真实透明、尊重对方选择；不伪装身份、不套取隐私、不制造虚假亲密或焦虑，对方冷淡、拒绝或沉默时停止推进。,小资源反馈收集执行次数；相关内容互动率；后续对话或行动率；对方主动回应率；重复互动率,小资源反馈收集；不知道小资源是否真的有用；领取 48 小时后问完成了哪一步；小资源互助策略；认识陌生人；成为朋友；建立信任；真诚互动,IGS-S5-03；IGS-S7-08；IGS-S6-G02,cards/IGS-S6-G17.md,用于在社交平台上认识合适的陌生人，通过公开互动、真诚倾听和小范围互助，逐步成为朋友并赢得长期信任。,必须真实透明、尊重对方选择；不伪装身份、不套取隐私、不制造虚假亲密或焦虑，对方冷淡、拒绝或沉默时停止推进。
IGS-S6-G18,小资源使用证明,S6,小资源互助策略,提升主页可信感；建立长期朋友关系,资源互助策略；私信策略,提升参与感；提升持续关注理由,LATER_STORIES_CAMPAIGN；CANVA_SOCIAL_MEDIA_MASTERY,小资源和小帮助用于降低对方行动负担，不用于制造亏欠感。潜在对方怀疑资源质量时，小资源要制造可完成的小胜利，而不是堆砌看似丰富的小资源；“小资源使用证明”的作用是把这个判断变成一个可执行、可观察、可复盘的动作。执行时只把它当作建立熟悉感和互相信任的入口，不把对方当作被推进的对象。,触发条件：潜在对方怀疑资源质量时。；具体动作：展示匿名使用反馈和前后变化。；落地要求：把领取、打开、完成、反馈和二次对话都记录下来。；边界要求：必须真实透明、尊重对方选择；不伪装身份、不套取隐私、不制造虚假亲密或焦虑，对方冷淡、拒绝或沉默时停止推进。,小资源使用证明执行次数；相关内容互动率；后续对话或行动率；对方主动回应率；重复互动率,小资源使用证明；潜在对方怀疑资源质量；展示匿名使用反馈和前后变化；小资源互助策略；认识陌生人；成为朋友；建立信任；真诚互动,IGS-S5-G29；IGS-S7-G19；IGS-S6-G06；IGS-S6-G03,cards/IGS-S6-G18.md,用于在社交平台上认识合适的陌生人，通过公开互动、真诚倾听和小范围互助，逐步成为朋友并赢得长期信任。,必须真实透明、尊重对方选择；不伪装身份、不套取隐私、不制造虚假亲密或焦虑，对方冷淡、拒绝或沉默时停止推进。
IGS-S6-G19,小资源视觉模板,S6,小资源互助策略,提供小帮助；提高后续对话率,Story 策略；资源互助策略,提升互惠感；提升安全感,CANVA_SOCIAL_MEDIA_MASTERY；META_REELS_ADS,小资源和小帮助用于降低对方行动负担，不用于制造亏欠感。小资源看起来廉价影响信任时，小资源要制造可完成的小胜利，而不是堆砌看似丰富的小资源；“小资源视觉模板”的作用是把这个判断变成一个可执行、可观察、可复盘的动作。执行时只把它当作建立熟悉感和互相信任的入口，不把对方当作被推进的对象。,触发条件：小资源看起来廉价影响信任时。；具体动作：用统一封面、页眉、编号和行动区。；落地要求：把领取、打开、完成、反馈和二次对话都记录下来。；边界要求：必须真实透明、尊重对方选择；不伪装身份、不套取隐私、不制造虚假亲密或焦虑，对方冷淡、拒绝或沉默时停止推进。,小资源视觉模板执行次数；相关内容互动率；后续对话或行动率；对方主动回应率；重复互动率,小资源视觉模板；小资源看起来廉价影响信任；用统一封面、页眉、编号和行动区；小资源互助策略；认识陌生人；成为朋友；建立信任；真诚互动,IGS-S5-04；IGS-S7-07；IGS-S6-G07；IGS-S6-G04,cards/IGS-S6-G19.md,用于在社交平台上认识合适的陌生人，通过公开互动、真诚倾听和小范围互助，逐步成为朋友并赢得长期信任。,必须真实透明、尊重对方选择；不伪装身份、不套取隐私、不制造虚假亲密或焦虑，对方冷淡、拒绝或沉默时停止推进。
IGS-S6-G20,小资源再利用,S6,小资源互助策略,开启私信对话；降低陌生防备,Carousel 策略；资源互助策略,提升专业感；降低怀疑感,META_REELS_ADS；CIALDINI_INFLUENCE,小资源和小帮助用于降低对方行动负担，不用于制造亏欠感。小资源只发一次就沉没时，小资源要制造可完成的小胜利，而不是堆砌看似丰富的小资源；“小资源再利用”的作用是把这个判断变成一个可执行、可观察、可复盘的动作。执行时只把它当作建立熟悉感和互相信任的入口，不把对方当作被推进的对象。,触发条件：小资源只发一次就沉没时。；具体动作：把资源拆回 3 条 Reel、1 条 Carousel、1 场 Live。；落地要求：把领取、打开、完成、反馈和二次对话都记录下来。；边界要求：必须真实透明、尊重对方选择；不伪装身份、不套取隐私、不制造虚假亲密或焦虑，对方冷淡、拒绝或沉默时停止推进。,小资源再利用执行次数；相关内容互动率；后续对话或行动率；对方主动回应率；重复互动率,小资源再利用；小资源只发一次就沉没；把资源拆回 3 条 Reel、1 条；小资源互助策略；认识陌生人；成为朋友；建立信任；真诚互动,IGS-S5-03；IGS-S7-08；IGS-S6-G08；IGS-S6-G05,cards/IGS-S6-G20.md,用于在社交平台上认识合适的陌生人，通过公开互动、真诚倾听和小范围互助，逐步成为朋友并赢得长期信任。,必须真实透明、尊重对方选择；不伪装身份、不套取隐私、不制造虚假亲密或焦虑，对方冷淡、拒绝或沉默时停止推进。
IGS-S6-G21,深入交流入口软承接,S6,小资源互助策略,提升主页可信感；建立长期朋友关系,资源互助策略,提升参与感；提升持续关注理由,CIALDINI_INFLUENCE；CXL_INSTITUTE,小资源和小帮助用于降低对方行动负担，不用于制造亏欠感。小资源对方已经完成小胜利时，小资源要制造可完成的小胜利，而不是堆砌看似丰富的小资源；“深入交流入口软承接”的作用是把这个判断变成一个可执行、可观察、可复盘的动作。执行时只把它当作建立熟悉感和互相信任的入口，不把对方当作被推进的对象。,触发条件：小资源对方已经完成小胜利时。；具体动作：只在反馈后提供更深服务选项。；落地要求：把领取、打开、完成、反馈和二次对话都记录下来。；边界要求：必须真实透明、尊重对方选择；不伪装身份、不套取隐私、不制造虚假亲密或焦虑，对方冷淡、拒绝或沉默时停止推进。,深入交流入口软承接执行次数；相关内容互动率；后续对话或行动率；对方主动回应率；重复互动率,深入交流入口软承接；小资源对方已经完成小胜利；只在反馈后提供更深服务选项；小资源互助策略；认识陌生人；成为朋友；建立信任；真诚互动,IGS-S5-G29；IGS-S7-04；IGS-S6-G06,cards/IGS-S6-G21.md,用于在社交平台上认识合适的陌生人，通过公开互动、真诚倾听和小范围互助，逐步成为朋友并赢得长期信任。,必须真实透明、尊重对方选择；不伪装身份、不套取隐私、不制造虚假亲密或焦虑，对方冷淡、拒绝或沉默时停止推进。
IGS-S7-G01,周一目标仪式,S7,长期朋友关系维护策略,建立长期朋友关系；增加 Story 回复,社群/圈层策略,提升参与感；提升持续关注理由,SPROUT_CASE_STUDIES；CARNEGIE,朋友关系需要节奏、记忆和持续关心，不能只在需要回应时出现。社群缺少固定参与节奏时，长期关系靠固定节奏、对方参与和真实回访，而不是偶尔热闹；“周一目标仪式”的作用是把这个判断变成一个可执行、可观察、可复盘的动作。执行时只把它当作建立熟悉感和互相信任的入口，不把对方当作被推进的对象。,触发条件：社群缺少固定参与节奏时。；具体动作：每周一让对方用一句话写本周目标。；落地要求：把动作固定到周/月节奏里，并明确谁负责回访和沉淀。；边界要求：必须真实透明、尊重对方选择；不伪装身份、不套取隐私、不制造虚假亲密或焦虑，对方冷淡、拒绝或沉默时停止推进。,周一目标仪式执行次数；相关内容互动率；后续对话或行动率；对方主动回应率；重复互动率,周一目标仪式；社群缺少固定参与节奏；每周一让对方用一句话写本周目标；长期朋友关系维护策略；认识陌生人；成为朋友；建立信任；真诚互动,IGS-S6-G21；IGS-S8-04；IGS-S7-G16,cards/IGS-S7-G01.md,用于在社交平台上认识合适的陌生人，通过公开互动、真诚倾听和小范围互助，逐步成为朋友并赢得长期信任。,必须真实透明、尊重对方选择；不伪装身份、不套取隐私、不制造虚假亲密或焦虑，对方冷淡、拒绝或沉默时停止推进。
IGS-S7-G02,周五复盘仪式,S7,长期朋友关系维护策略,提升主页可信感；形成可信专业感,Story 策略；社群/圈层策略,提升真实感；降低陌生感,CARNEGIE；SHOW_YOUR_WORK,朋友关系需要节奏、记忆和持续关心，不能只在需要回应时出现。对方行动后没有回流时，长期关系靠固定节奏、对方参与和真实回访，而不是偶尔热闹；“周五复盘仪式”的作用是把这个判断变成一个可执行、可观察、可复盘的动作。执行时只把它当作建立熟悉感和互相信任的入口，不把对方当作被推进的对象。,触发条件：对方行动后没有回流时。；具体动作：每周五邀请对方分享完成、卡住和下周调整。；落地要求：把动作固定到周/月节奏里，并明确谁负责回访和沉淀。；边界要求：必须真实透明、尊重对方选择；不伪装身份、不套取隐私、不制造虚假亲密或焦虑，对方冷淡、拒绝或沉默时停止推进。,周五复盘仪式执行次数；相关内容互动率；后续对话或行动率；对方主动回应率；重复互动率,周五复盘仪式；对方行动后没有回流；每周五邀请对方分享完成、卡住和下周调；长期朋友关系维护策略；认识陌生人；成为朋友；建立信任；真诚互动,IGS-S6-09；IGS-S8-09；IGS-S7-G17,cards/IGS-S7-G02.md,用于在社交平台上认识合适的陌生人，通过公开互动、真诚倾听和小范围互助，逐步成为朋友并赢得长期信任。,必须真实透明、尊重对方选择；不伪装身份、不套取隐私、不制造虚假亲密或焦虑，对方冷淡、拒绝或沉默时停止推进。
IGS-S7-G03,成员称呼,S7,长期朋友关系维护策略,提高后续对话率；开启自然互动,私信策略；评论策略,提升被理解感；提升安全感,SHOW_YOUR_WORK；GREATER_GOOD_LISTENING,朋友关系需要节奏、记忆和持续关心，不能只在需要回应时出现。互动对象关系松散时，长期关系靠固定节奏、对方参与和真实回访，而不是偶尔热闹；“成员称呼”的作用是把这个判断变成一个可执行、可观察、可复盘的动作。执行时只把它当作建立熟悉感和互相信任的入口，不把对方当作被推进的对象。,触发条件：互动对象关系松散时。；具体动作：为社群成员设置自然、不幼稚的共同称呼。；落地要求：把动作固定到周/月节奏里，并明确谁负责回访和沉淀。；边界要求：必须真实透明、尊重对方选择；不伪装身份、不套取隐私、不制造虚假亲密或焦虑，对方冷淡、拒绝或沉默时停止推进。,成员称呼执行次数；相关内容互动率；后续对话或行动率；对方主动回应率；重复互动率,成员称呼；互动对象关系松散；为社群成员设置自然、不幼稚的共同称呼；长期朋友关系维护策略；认识陌生人；成为朋友；建立信任；真诚互动,IGS-S6-08；IGS-S8-07；IGS-S7-G15；IGS-S7-G18,cards/IGS-S7-G03.md,用于在社交平台上认识合适的陌生人，通过公开互动、真诚倾听和小范围互助，逐步成为朋友并赢得长期信任。,必须真实透明、尊重对方选择；不伪装身份、不套取隐私、不制造虚假亲密或焦虑，对方冷淡、拒绝或沉默时停止推进。
IGS-S7-G04,高质量对方置顶,S7,长期朋友关系维护策略,建立长期朋友关系；增加 Story 回复,Highlights 策略；社群/圈层策略,提升参与感；提升持续关注理由,GREATER_GOOD_LISTENING；SPROUT_SOCIAL_GUIDES,朋友关系需要节奏、记忆和持续关心，不能只在需要回应时出现。贡献对方没有被看见时，长期关系靠固定节奏、对方参与和真实回访，而不是偶尔热闹；“高质量对方置顶”的作用是把这个判断变成一个可执行、可观察、可复盘的动作。执行时只把它当作建立熟悉感和互相信任的入口，不把对方当作被推进的对象。,触发条件：贡献对方没有被看见时。；具体动作：每周公开感谢一个提供真实问题或反馈的人。；落地要求：把动作固定到周/月节奏里，并明确谁负责回访和沉淀。；边界要求：必须真实透明、尊重对方选择；不伪装身份、不套取隐私、不制造虚假亲密或焦虑，对方冷淡、拒绝或沉默时停止推进。,高质量对方置顶执行次数；相关内容互动率；后续对话或行动率；对方主动回应率；重复互动率,高质量对方置顶；贡献对方没有被看见；每周公开感谢一个提供真实问题或反馈的；长期朋友关系维护策略；认识陌生人；成为朋友；建立信任；真诚互动,IGS-S6-G21；IGS-S8-04；IGS-S7-G16；IGS-S7-G13,cards/IGS-S7-G04.md,用于在社交平台上认识合适的陌生人，通过公开互动、真诚倾听和小范围互助，逐步成为朋友并赢得长期信任。,必须真实透明、尊重对方选择；不伪装身份、不套取隐私、不制造虚假亲密或焦虑，对方冷淡、拒绝或沉默时停止推进。
IGS-S7-G05,对方成功墙,S7,长期朋友关系维护策略,提升主页可信感；形成可信专业感,社群/圈层策略,提升真实感；降低陌生感,SPROUT_SOCIAL_GUIDES；SPROUT_CASE_STUDIES,朋友关系需要节奏、记忆和持续关心，不能只在需要回应时出现。成果分散在私信里时，长期关系靠固定节奏、对方参与和真实回访，而不是偶尔热闹；“对方成功墙”的作用是把这个判断变成一个可执行、可观察、可复盘的动作。执行时只把它当作建立熟悉感和互相信任的入口，不把对方当作被推进的对象。,触发条件：成果分散在私信里时。；具体动作：获得许可后把对方小胜利沉淀到 Highlight。；落地要求：把动作固定到周/月节奏里，并明确谁负责回访和沉淀。；边界要求：必须真实透明、尊重对方选择；不伪装身份、不套取隐私、不制造虚假亲密或焦虑，对方冷淡、拒绝或沉默时停止推进。,对方成功墙执行次数；相关内容互动率；后续对话或行动率；对方主动回应率；重复互动率,对方成功墙；成果分散在私信里；获得许可后把对方小胜利沉淀到 Hig；长期朋友关系维护策略；认识陌生人；成为朋友；建立信任；真诚互动,IGS-S6-09；IGS-S8-09；IGS-S7-G20,cards/IGS-S7-G05.md,用于在社交平台上认识合适的陌生人，通过公开互动、真诚倾听和小范围互助，逐步成为朋友并赢得长期信任。,必须真实透明、尊重对方选择；不伪装身份、不套取隐私、不制造虚假亲密或焦虑，对方冷淡、拒绝或沉默时停止推进。
IGS-S7-G06,旧内容路线,S7,长期朋友关系维护策略,提高后续对话率；开启自然互动,Story 策略；社群/圈层策略,提升被理解感；提升安全感,SPROUT_CASE_STUDIES；CARNEGIE,朋友关系需要节奏、记忆和持续关心，不能只在需要回应时出现。新认识的人追不上旧内容时，长期关系靠固定节奏、对方参与和真实回访，而不是偶尔热闹；“旧内容路线”的作用是把这个判断变成一个可执行、可观察、可复盘的动作。执行时只把它当作建立熟悉感和互相信任的入口，不把对方当作被推进的对象。,触发条件：新认识的人追不上旧内容时。；具体动作：每月把旧内容整理成一条新手路线。；落地要求：把动作固定到周/月节奏里，并明确谁负责回访和沉淀。；边界要求：必须真实透明、尊重对方选择；不伪装身份、不套取隐私、不制造虚假亲密或焦虑，对方冷淡、拒绝或沉默时停止推进。,旧内容路线执行次数；相关内容互动率；后续对话或行动率；对方主动回应率；重复互动率,旧内容路线；新认识的人追不上旧内容；每月把旧内容整理成一条新手路线；长期朋友关系维护策略；认识陌生人；成为朋友；建立信任；真诚互动,IGS-S6-G19；IGS-S8-09；IGS-S7-G21,cards/IGS-S7-G06.md,用于在社交平台上认识合适的陌生人，通过公开互动、真诚倾听和小范围互助，逐步成为朋友并赢得长期信任。,必须真实透明、尊重对方选择；不伪装身份、不套取隐私、不制造虚假亲密或焦虑，对方冷淡、拒绝或沉默时停止推进。
IGS-S7-G07,沉默对方唤醒,S7,长期朋友关系维护策略,建立长期朋友关系；增加 Story 回复,私信策略；评论策略,提升参与感；提升持续关注理由,CARNEGIE；SHOW_YOUR_WORK,朋友关系需要节奏、记忆和持续关心，不能只在需要回应时出现。长期互动对象开始只看不互动时，长期关系靠固定节奏、对方参与和真实回访，而不是偶尔热闹；“沉默对方唤醒”的作用是把这个判断变成一个可执行、可观察、可复盘的动作。执行时只把它当作建立熟悉感和互相信任的入口，不把对方当作被推进的对象。,触发条件：长期互动对象开始只看不互动时。；具体动作：用你最近还卡在这里吗这种轻问句重新连接。；落地要求：把动作固定到周/月节奏里，并明确谁负责回访和沉淀。；边界要求：必须真实透明、尊重对方选择；不伪装身份、不套取隐私、不制造虚假亲密或焦虑，对方冷淡、拒绝或沉默时停止推进。,沉默对方唤醒执行次数；相关内容互动率；后续对话或行动率；对方主动回应率；重复互动率,沉默对方唤醒；长期互动对象开始只看不互动；用你最近还卡在这里吗这种轻问句重新连；长期朋友关系维护策略；认识陌生人；成为朋友；建立信任；真诚互动,IGS-S6-G18；IGS-S8-04；IGS-S7-G19；IGS-S7-02,cards/IGS-S7-G07.md,用于在社交平台上认识合适的陌生人，通过公开互动、真诚倾听和小范围互助，逐步成为朋友并赢得长期信任。,必须真实透明、尊重对方选择；不伪装身份、不套取隐私、不制造虚假亲密或焦虑，对方冷淡、拒绝或沉默时停止推进。
IGS-S7-G08,社群规范,S7,长期朋友关系维护策略,提升主页可信感；形成可信专业感,Highlights 策略；社群/圈层策略,提升真实感；降低陌生感,SHOW_YOUR_WORK；GREATER_GOOD_LISTENING,朋友关系需要节奏、记忆和持续关心，不能只在需要回应时出现。评论区和私信边界模糊时，长期关系靠固定节奏、对方参与和真实回访，而不是偶尔热闹；“社群规范”的作用是把这个判断变成一个可执行、可观察、可复盘的动作。执行时只把它当作建立熟悉感和互相信任的入口，不把对方当作被推进的对象。,触发条件：评论区和私信边界模糊时。；具体动作：写明欢迎的问题、不欢迎的行为和处理方式。；落地要求：把动作固定到周/月节奏里，并明确谁负责回访和沉淀。；边界要求：必须真实透明、尊重对方选择；不伪装身份、不套取隐私、不制造虚假亲密或焦虑，对方冷淡、拒绝或沉默时停止推进。,社群规范执行次数；相关内容互动率；后续对话或行动率；对方主动回应率；重复互动率,社群规范；评论区和私信边界模糊；写明欢迎的问题、不欢迎的行为和处理方；长期朋友关系维护策略；认识陌生人；成为朋友；建立信任；真诚互动,IGS-S6-09；IGS-S8-05；IGS-S7-G20；IGS-S7-G17,cards/IGS-S7-G08.md,用于在社交平台上认识合适的陌生人，通过公开互动、真诚倾听和小范围互助，逐步成为朋友并赢得长期信任。,必须真实透明、尊重对方选择；不伪装身份、不套取隐私、不制造虚假亲密或焦虑，对方冷淡、拒绝或沉默时停止推进。
IGS-S7-G09,共同词汇,S7,长期朋友关系维护策略,提高后续对话率；开启自然互动,社群/圈层策略,提升被理解感；提升安全感,GREATER_GOOD_LISTENING；SPROUT_SOCIAL_GUIDES,朋友关系需要节奏、记忆和持续关心，不能只在需要回应时出现。社群没有记忆点时，长期关系靠固定节奏、对方参与和真实回访，而不是偶尔热闹；“共同词汇”的作用是把这个判断变成一个可执行、可观察、可复盘的动作。执行时只把它当作建立熟悉感和互相信任的入口，不把对方当作被推进的对象。,触发条件：社群没有记忆点时。；具体动作：把常见方法命名成固定短词并反复使用。；落地要求：把动作固定到周/月节奏里，并明确谁负责回访和沉淀。；边界要求：必须真实透明、尊重对方选择；不伪装身份、不套取隐私、不制造虚假亲密或焦虑，对方冷淡、拒绝或沉默时停止推进。,共同词汇执行次数；相关内容互动率；后续对话或行动率；对方主动回应率；重复互动率,共同词汇；社群没有记忆点；把常见方法命名成固定短词并反复使用；长期朋友关系维护策略；认识陌生人；成为朋友；建立信任；真诚互动,IGS-S6-08；IGS-S8-G20；IGS-S7-G18,cards/IGS-S7-G09.md,用于在社交平台上认识合适的陌生人，通过公开互动、真诚倾听和小范围互助，逐步成为朋友并赢得长期信任。,必须真实透明、尊重对方选择；不伪装身份、不套取隐私、不制造虚假亲密或焦虑，对方冷淡、拒绝或沉默时停止推进。
IGS-S7-G10,对方故事追踪,S7,长期朋友关系维护策略,建立长期朋友关系；增加 Story 回复,Story 策略；社群/圈层策略,提升参与感；提升持续关注理由,SPROUT_SOCIAL_GUIDES；SPROUT_CASE_STUDIES,朋友关系需要节奏、记忆和持续关心，不能只在需要回应时出现。案例只展示一次就结束时，长期关系靠固定节奏、对方参与和真实回访，而不是偶尔热闹；“对方故事追踪”的作用是把这个判断变成一个可执行、可观察、可复盘的动作。执行时只把它当作建立熟悉感和互相信任的入口，不把对方当作被推进的对象。,触发条件：案例只展示一次就结束时。；具体动作：30 天后回访对方变化并更新故事。；落地要求：把动作固定到周/月节奏里，并明确谁负责回访和沉淀。；边界要求：必须真实透明、尊重对方选择；不伪装身份、不套取隐私、不制造虚假亲密或焦虑，对方冷淡、拒绝或沉默时停止推进。,对方故事追踪执行次数；相关内容互动率；后续对话或行动率；对方主动回应率；重复互动率,对方故事追踪；案例只展示一次就结束；30 天后回访对方变化并更新故事；长期朋友关系维护策略；认识陌生人；成为朋友；建立信任；真诚互动,IGS-S6-G15；IGS-S8-04；IGS-S7-02,cards/IGS-S7-G10.md,用于在社交平台上认识合适的陌生人，通过公开互动、真诚倾听和小范围互助，逐步成为朋友并赢得长期信任。,必须真实透明、尊重对方选择；不伪装身份、不套取隐私、不制造虚假亲密或焦虑，对方冷淡、拒绝或沉默时停止推进。
IGS-S7-G11,月度公开复盘,S7,长期朋友关系维护策略,提升主页可信感；形成可信专业感,私信策略；评论策略,提升真实感；降低陌生感,SPROUT_CASE_STUDIES；CARNEGIE,朋友关系需要节奏、记忆和持续关心，不能只在需要回应时出现。账号长期运营缺少透明感时，长期关系靠固定节奏、对方参与和真实回访，而不是偶尔热闹；“月度公开复盘”的作用是把这个判断变成一个可执行、可观察、可复盘的动作。执行时只把它当作建立熟悉感和互相信任的入口，不把对方当作被推进的对象。,触发条件：账号长期运营缺少透明感时。；具体动作：公开分享本月学到的对方洞察和下月调整。；落地要求：把动作固定到周/月节奏里，并明确谁负责回访和沉淀。；边界要求：必须真实透明、尊重对方选择；不伪装身份、不套取隐私、不制造虚假亲密或焦虑，对方冷淡、拒绝或沉默时停止推进。,月度公开复盘执行次数；相关内容互动率；后续对话或行动率；对方主动回应率；重复互动率,月度公开复盘；账号长期运营缺少透明感；公开分享本月学到的对方洞察和下月调整；长期朋友关系维护策略；认识陌生人；成为朋友；建立信任；真诚互动,IGS-S6-03；IGS-S8-05；IGS-S7-G20,cards/IGS-S7-G11.md,用于在社交平台上认识合适的陌生人，通过公开互动、真诚倾听和小范围互助，逐步成为朋友并赢得长期信任。,必须真实透明、尊重对方选择；不伪装身份、不套取隐私、不制造虚假亲密或焦虑，对方冷淡、拒绝或沉默时停止推进。
IGS-S7-G12,主题月,S7,长期朋友关系维护策略,提高后续对话率；开启自然互动,Highlights 策略；社群/圈层策略,提升被理解感；提升安全感,CARNEGIE；SHOW_YOUR_WORK,朋友关系需要节奏、记忆和持续关心，不能只在需要回应时出现。内容日历散乱时，长期关系靠固定节奏、对方参与和真实回访，而不是偶尔热闹；“主题月”的作用是把这个判断变成一个可执行、可观察、可复盘的动作。执行时只把它当作建立熟悉感和互相信任的入口，不把对方当作被推进的对象。,触发条件：内容日历散乱时。；具体动作：每月围绕一个主题连续做教程、故事、Live 和小资源。；落地要求：把动作固定到周/月节奏里，并明确谁负责回访和沉淀。；边界要求：必须真实透明、尊重对方选择；不伪装身份、不套取隐私、不制造虚假亲密或焦虑，对方冷淡、拒绝或沉默时停止推进。,主题月执行次数；相关内容互动率；后续对话或行动率；对方主动回应率；重复互动率,主题月；内容日历散乱；每月围绕一个主题连续做教程、故事、L；长期朋友关系维护策略；认识陌生人；成为朋友；建立信任；真诚互动,IGS-S6-08；IGS-S8-G20；IGS-S7-G21,cards/IGS-S7-G12.md,用于在社交平台上认识合适的陌生人，通过公开互动、真诚倾听和小范围互助，逐步成为朋友并赢得长期信任。,必须真实透明、尊重对方选择；不伪装身份、不套取隐私、不制造虚假亲密或焦虑，对方冷淡、拒绝或沉默时停止推进。
IGS-S7-G13,合作日历,S7,长期朋友关系维护策略,建立长期朋友关系；增加 Story 回复,社群/圈层策略,提升参与感；提升持续关注理由,SHOW_YOUR_WORK；GREATER_GOOD_LISTENING,朋友关系需要节奏、记忆和持续关心，不能只在需要回应时出现。合作靠临时灵感时，长期关系靠固定节奏、对方参与和真实回访，而不是偶尔热闹；“合作日历”的作用是把这个判断变成一个可执行、可观察、可复盘的动作。执行时只把它当作建立熟悉感和互相信任的入口，不把对方当作被推进的对象。,触发条件：合作靠临时灵感时。；具体动作：每月安排一个相邻账号共创主题。；落地要求：把动作固定到周/月节奏里，并明确谁负责回访和沉淀。；边界要求：必须真实透明、尊重对方选择；不伪装身份、不套取隐私、不制造虚假亲密或焦虑，对方冷淡、拒绝或沉默时停止推进。,合作日历执行次数；相关内容互动率；后续对话或行动率；对方主动回应率；重复互动率,合作日历；合作靠临；每月安排一个相邻账号共创主题；长期朋友关系维护策略；认识陌生人；成为朋友；建立信任；真诚互动,IGS-S6-G21；IGS-S8-04；IGS-S7-G04,cards/IGS-S7-G13.md,用于在社交平台上认识合适的陌生人，通过公开互动、真诚倾听和小范围互助，逐步成为朋友并赢得长期信任。,必须真实透明、尊重对方选择；不伪装身份、不套取隐私、不制造虚假亲密或焦虑，对方冷淡、拒绝或沉默时停止推进。
IGS-S7-G14,社群聆听小时,S7,长期朋友关系维护策略,提升主页可信感；形成可信专业感,Story 策略；社群/圈层策略,提升真实感；降低陌生感,GREATER_GOOD_LISTENING；SPROUT_SOCIAL_GUIDES,朋友关系需要节奏、记忆和持续关心，不能只在需要回应时出现。运营只发布不倾听时，长期关系靠固定节奏、对方参与和真实回访，而不是偶尔热闹；“社群聆听小时”的作用是把这个判断变成一个可执行、可观察、可复盘的动作。执行时只把它当作建立熟悉感和互相信任的入口，不把对方当作被推进的对象。,触发条件：运营只发布不倾听时。；具体动作：固定一小时只读评论、回复和对方内容，不发新内容。；落地要求：把动作固定到周/月节奏里，并明确谁负责回访和沉淀。；边界要求：必须真实透明、尊重对方选择；不伪装身份、不套取隐私、不制造虚假亲密或焦虑，对方冷淡、拒绝或沉默时停止推进。,社群聆听小时执行次数；相关内容互动率；后续对话或行动率；对方主动回应率；重复互动率,社群聆听小时；运营只发布不倾听；固定一小时只读评论、回复和对方内容，；长期朋友关系维护策略；认识陌生人；成为朋友；建立信任；真诚互动,IGS-S6-09；IGS-S8-09；IGS-S7-G02；IGS-S7-G20,cards/IGS-S7-G14.md,用于在社交平台上认识合适的陌生人，通过公开互动、真诚倾听和小范围互助，逐步成为朋友并赢得长期信任。,必须真实透明、尊重对方选择；不伪装身份、不套取隐私、不制造虚假亲密或焦虑，对方冷淡、拒绝或沉默时停止推进。
IGS-S7-G15,冲突修复模板,S7,长期朋友关系维护策略,提高后续对话率；开启自然互动,私信策略；评论策略,提升被理解感；提升安全感,SPROUT_SOCIAL_GUIDES；SPROUT_CASE_STUDIES,朋友关系需要节奏、记忆和持续关心，不能只在需要回应时出现。出现误解后关系受损时，长期关系靠固定节奏、对方参与和真实回访，而不是偶尔热闹；“冲突修复模板”的作用是把这个判断变成一个可执行、可观察、可复盘的动作。执行时只把它当作建立熟悉感和互相信任的入口，不把对方当作被推进的对象。,触发条件：出现误解后关系受损时。；具体动作：公开澄清意图、承认影响、说明后续调整。；落地要求：把动作固定到周/月节奏里，并明确谁负责回访和沉淀。；边界要求：必须真实透明、尊重对方选择；不伪装身份、不套取隐私、不制造虚假亲密或焦虑，对方冷淡、拒绝或沉默时停止推进。,冲突修复模板执行次数；相关内容互动率；后续对话或行动率；对方主动回应率；重复互动率,冲突修复模板；出现误解后关系受损；公开澄清意图、承认影响、说明后续调整；长期朋友关系维护策略；认识陌生人；成为朋友；建立信任；真诚互动,IGS-S6-08；IGS-S8-07；IGS-S7-G03；IGS-S7-09,cards/IGS-S7-G15.md,用于在社交平台上认识合适的陌生人，通过公开互动、真诚倾听和小范围互助，逐步成为朋友并赢得长期信任。,必须真实透明、尊重对方选择；不伪装身份、不套取隐私、不制造虚假亲密或焦虑，对方冷淡、拒绝或沉默时停止推进。
IGS-S7-G16,贡献者标签,S7,长期朋友关系维护策略,建立长期朋友关系；增加 Story 回复,Highlights 策略；社群/圈层策略,提升参与感；提升持续关注理由,SPROUT_CASE_STUDIES；CARNEGIE,朋友关系需要节奏、记忆和持续关心，不能只在需要回应时出现。对方愿意帮忙但没有身份感时，长期关系靠固定节奏、对方参与和真实回访，而不是偶尔热闹；“贡献者标签”的作用是把这个判断变成一个可执行、可观察、可复盘的动作。执行时只把它当作建立熟悉感和互相信任的入口，不把对方当作被推进的对象。,触发条件：对方愿意帮忙但没有身份感时。；具体动作：给经常反馈和分享的人设置贡献者标签。；落地要求：把动作固定到周/月节奏里，并明确谁负责回访和沉淀。；边界要求：必须真实透明、尊重对方选择；不伪装身份、不套取隐私、不制造虚假亲密或焦虑，对方冷淡、拒绝或沉默时停止推进。,贡献者标签执行次数；相关内容互动率；后续对话或行动率；对方主动回应率；重复互动率,贡献者标签；对方愿意帮忙但没有身份感；给经常反馈和分享的人设置贡献者标签；长期朋友关系维护策略；认识陌生人；成为朋友；建立信任；真诚互动,IGS-S6-G21；IGS-S8-04；IGS-S7-G04；IGS-S7-G01,cards/IGS-S7-G16.md,用于在社交平台上认识合适的陌生人，通过公开互动、真诚倾听和小范围互助，逐步成为朋友并赢得长期信任。,必须真实透明、尊重对方选择；不伪装身份、不套取隐私、不制造虚假亲密或焦虑，对方冷淡、拒绝或沉默时停止推进。
IGS-S7-G17,私信长期档案,S7,长期朋友关系维护策略,提升主页可信感；形成可信专业感,社群/圈层策略,提升真实感；降低陌生感,CARNEGIE；SHOW_YOUR_WORK,朋友关系需要节奏、记忆和持续关心，不能只在需要回应时出现。关系无法延续到下一次对话时，长期关系靠固定节奏、对方参与和真实回访，而不是偶尔热闹；“私信长期档案”的作用是把这个判断变成一个可执行、可观察、可复盘的动作。执行时只把它当作建立熟悉感和互相信任的入口，不把对方当作被推进的对象。,触发条件：关系无法延续到下一次对话时。；具体动作：记录对方关键节点、偏好和上次约定。；落地要求：把动作固定到周/月节奏里，并明确谁负责回访和沉淀。；边界要求：必须真实透明、尊重对方选择；不伪装身份、不套取隐私、不制造虚假亲密或焦虑，对方冷淡、拒绝或沉默时停止推进。,私信长期档案执行次数；相关内容互动率；后续对话或行动率；对方主动回应率；重复互动率,私信长期档案；关系无法延续到下一次对话；记录对方关键节点、偏好和上次约定；长期朋友关系维护策略；认识陌生人；成为朋友；建立信任；真诚互动,IGS-S6-09；IGS-S8-05；IGS-S7-G02,cards/IGS-S7-G17.md,用于在社交平台上认识合适的陌生人，通过公开互动、真诚倾听和小范围互助，逐步成为朋友并赢得长期信任。,必须真实透明、尊重对方选择；不伪装身份、不套取隐私、不制造虚假亲密或焦虑，对方冷淡、拒绝或沉默时停止推进。
IGS-S7-G18,线下/线上桥接,S7,长期朋友关系维护策略,提高后续对话率；开启自然互动,Story 策略；社群/圈层策略,提升被理解感；提升安全感,SHOW_YOUR_WORK；GREATER_GOOD_LISTENING,朋友关系需要节奏、记忆和持续关心，不能只在需要回应时出现。真实关系只停留在屏幕里时，长期关系靠固定节奏、对方参与和真实回访，而不是偶尔热闹；“线下/线上桥接”的作用是把这个判断变成一个可执行、可观察、可复盘的动作。执行时只把它当作建立熟悉感和互相信任的入口，不把对方当作被推进的对象。,触发条件：真实关系只停留在屏幕里时。；具体动作：为高信任对方设计直播、工作坊或小群活动。；落地要求：把动作固定到周/月节奏里，并明确谁负责回访和沉淀。；边界要求：必须真实透明、尊重对方选择；不伪装身份、不套取隐私、不制造虚假亲密或焦虑，对方冷淡、拒绝或沉默时停止推进。,线下/线上桥接执行次数；相关内容互动率；后续对话或行动率；对方主动回应率；重复互动率,线下/线上桥接；真实关系只停留在屏幕里；为高信任对方设计直播、工作坊或小群活；长期朋友关系维护策略；认识陌生人；成为朋友；建立信任；真诚互动,IGS-S6-G19；IGS-S8-09；IGS-S7-G06；IGS-S7-G12,cards/IGS-S7-G18.md,用于在社交平台上认识合适的陌生人，通过公开互动、真诚倾听和小范围互助，逐步成为朋友并赢得长期信任。,必须真实透明、尊重对方选择；不伪装身份、不套取隐私、不制造虚假亲密或焦虑，对方冷淡、拒绝或沉默时停止推进。
IGS-S7-G19,节日关怀内容,S7,长期朋友关系维护策略,建立长期朋友关系；增加 Story 回复,私信策略；评论策略,提升参与感；提升持续关注理由,GREATER_GOOD_LISTENING；SPROUT_SOCIAL_GUIDES,朋友关系需要节奏、记忆和持续关心，不能只在需要回应时出现。节日内容只剩促销时，长期关系靠固定节奏、对方参与和真实回访，而不是偶尔热闹；“节日关怀内容”的作用是把这个判断变成一个可执行、可观察、可复盘的动作。执行时只把它当作建立熟悉感和互相信任的入口，不把对方当作被推进的对象。,触发条件：节日内容只剩促销时。；具体动作：用问候、故事和轻资源维护关系。；落地要求：把动作固定到周/月节奏里，并明确谁负责回访和沉淀。；边界要求：必须真实透明、尊重对方选择；不伪装身份、不套取隐私、不制造虚假亲密或焦虑，对方冷淡、拒绝或沉默时停止推进。,节日关怀内容执行次数；相关内容互动率；后续对话或行动率；对方主动回应率；重复互动率,节日关怀内容；节日内容只剩促销；用问候、故事和轻资源维护关系；长期朋友关系维护策略；认识陌生人；成为朋友；建立信任；真诚互动,IGS-S6-G18；IGS-S8-04；IGS-S7-G07,cards/IGS-S7-G19.md,用于在社交平台上认识合适的陌生人，通过公开互动、真诚倾听和小范围互助，逐步成为朋友并赢得长期信任。,必须真实透明、尊重对方选择；不伪装身份、不套取隐私、不制造虚假亲密或焦虑，对方冷淡、拒绝或沉默时停止推进。
IGS-S7-G20,取消关注复盘,S7,长期朋友关系维护策略,提升主页可信感；形成可信专业感,Highlights 策略；社群/圈层策略,提升真实感；降低陌生感,SPROUT_SOCIAL_GUIDES；SPROUT_CASE_STUDIES,朋友关系需要节奏、记忆和持续关心，不能只在需要回应时出现。互动对象增长但留存不稳时，长期关系靠固定节奏、对方参与和真实回访，而不是偶尔热闹；“取消关注复盘”的作用是把这个判断变成一个可执行、可观察、可复盘的动作。执行时只把它当作建立熟悉感和互相信任的入口，不把对方当作被推进的对象。,触发条件：互动对象增长但留存不稳时。；具体动作：每月复盘取消关注高峰对应的内容和频率。；落地要求：把动作固定到周/月节奏里，并明确谁负责回访和沉淀。；边界要求：必须真实透明、尊重对方选择；不伪装身份、不套取隐私、不制造虚假亲密或焦虑，对方冷淡、拒绝或沉默时停止推进。,取消关注复盘执行次数；相关内容互动率；后续对话或行动率；对方主动回应率；重复互动率,取消关注复盘；互动对象增长但留存不稳；每月复盘取消关注高峰对应的内容和频率；长期朋友关系维护策略；认识陌生人；成为朋友；建立信任；真诚互动,IGS-S6-09；IGS-S8-05；IGS-S7-G08；IGS-S7-G05,cards/IGS-S7-G20.md,用于在社交平台上认识合适的陌生人，通过公开互动、真诚倾听和小范围互助，逐步成为朋友并赢得长期信任。,必须真实透明、尊重对方选择；不伪装身份、不套取隐私、不制造虚假亲密或焦虑，对方冷淡、拒绝或沉默时停止推进。
IGS-S7-G21,长期承诺声明,S7,长期朋友关系维护策略,提高后续对话率；开启自然互动,社群/圈层策略,提升被理解感；提升安全感,SPROUT_CASE_STUDIES；CARNEGIE,朋友关系需要节奏、记忆和持续关心，不能只在需要回应时出现。对方不知道为什么持续关注你时，长期关系靠固定节奏、对方参与和真实回访，而不是偶尔热闹；“长期承诺声明”的作用是把这个判断变成一个可执行、可观察、可复盘的动作。执行时只把它当作建立熟悉感和互相信任的入口，不把对方当作被推进的对象。,触发条件：对方不知道为什么持续关注你时。；具体动作：明确告诉对方未来 90 天会持续提供什么。；落地要求：把动作固定到周/月节奏里，并明确谁负责回访和沉淀。；边界要求：必须真实透明、尊重对方选择；不伪装身份、不套取隐私、不制造虚假亲密或焦虑，对方冷淡、拒绝或沉默时停止推进。,长期承诺声明执行次数；相关内容互动率；后续对话或行动率；对方主动回应率；重复互动率,长期承诺声明；对方不知道为什么持续关注你；明确告诉对方未来 90 天会持续提供；长期朋友关系维护策略；认识陌生人；成为朋友；建立信任；真诚互动,IGS-S6-08；IGS-S8-G20；IGS-S7-G06,cards/IGS-S7-G21.md,用于在社交平台上认识合适的陌生人，通过公开互动、真诚倾听和小范围互助，逐步成为朋友并赢得长期信任。,必须真实透明、尊重对方选择；不伪装身份、不套取隐私、不制造虚假亲密或焦虑，对方冷淡、拒绝或沉默时停止推进。
IGS-S8-G01,反虚荣仪表盘,S8,关系复盘与迭代策略,发现合适陌生人；降低陌生防备,Reels 策略,提升专业感；提升安全感,CXL_INSTITUTE；GOOGLE_SKILLSHOP_DIGITAL_MARKETING,关系复盘要看互动质量、信任信号和边界是否被尊重，而不只看数量。团队只看播放量和点赞时，复盘要找到可改变的动作变量，而不是只记录漂亮或难看的数字；“反虚荣仪表盘”的作用是把这个判断变成一个可执行、可观察、可复盘的动作。执行时只把它当作建立熟悉感和互相信任的入口，不把对方当作被推进的对象。,触发条件：团队只看播放量和点赞时。；具体动作：把保存、分享、主页访问、私信和领取放进核心看板。；落地要求：写下假设、变量、样本周期和下一步决定，避免凭感觉复盘。；边界要求：必须真实透明、尊重对方选择；不伪装身份、不套取隐私、不制造虚假亲密或焦虑，对方冷淡、拒绝或沉默时停止推进。,反虚荣仪表盘执行次数；相关内容互动率；后续对话或行动率；对方主动回应率；重复互动率,反虚荣仪表盘；团队只看播放量和点赞；把保存、分享、主页访问、私信和领取放；关系复盘与迭代策略；认识陌生人；成为朋友；建立信任；真诚互动,IGS-S7-05；IGS-S9-07；IGS-S8-G16,cards/IGS-S8-G01.md,用于在社交平台上认识合适的陌生人，通过公开互动、真诚倾听和小范围互助，逐步成为朋友并赢得长期信任。,必须真实透明、尊重对方选择；不伪装身份、不套取隐私、不制造虚假亲密或焦虑，对方冷淡、拒绝或沉默时停止推进。
IGS-S8-G02,来源质量评分,S8,关系复盘与迭代策略,提供小帮助；提高后续对话率,Carousel 策略,提升参与感；提升互惠感,GOOGLE_SKILLSHOP_DIGITAL_MARKETING；HOOTSUITE_STATS_2026,关系复盘要看互动质量、信任信号和边界是否被尊重，而不只看数量。新增关注很多但互动弱时，复盘要找到可改变的动作变量，而不是只记录漂亮或难看的数字；“来源质量评分”的作用是把这个判断变成一个可执行、可观察、可复盘的动作。执行时只把它当作建立熟悉感和互相信任的入口，不把对方当作被推进的对象。,触发条件：新增关注很多但互动弱时。；具体动作：按 7 日内互动、私信、小资源使用给来源评分。；落地要求：写下假设、变量、样本周期和下一步决定，避免凭感觉复盘。；边界要求：必须真实透明、尊重对方选择；不伪装身份、不套取隐私、不制造虚假亲密或焦虑，对方冷淡、拒绝或沉默时停止推进。,来源质量评分执行次数；相关内容互动率；后续对话或行动率；对方主动回应率；重复互动率,来源质量评分；新增关注很多但互动弱；按 7 日内互动、私信、小资源使用给来；关系复盘与迭代策略；认识陌生人；成为朋友；建立信任；真诚互动,IGS-S7-07；IGS-S9-07；IGS-S8-G17,cards/IGS-S8-G02.md,用于在社交平台上认识合适的陌生人，通过公开互动、真诚倾听和小范围互助，逐步成为朋友并赢得长期信任。,必须真实透明、尊重对方选择；不伪装身份、不套取隐私、不制造虚假亲密或焦虑，对方冷淡、拒绝或沉默时停止推进。
IGS-S8-G03,Reels 前 3 秒流失表,S8,关系复盘与迭代策略,建立长期朋友关系；形成可信专业感,Story 策略,提升持续关注理由；提升被理解感,HOOTSUITE_STATS_2026；HOOTSUITE_ALGORITHM_2026,关系复盘要看互动质量、信任信号和边界是否被尊重，而不只看数量。短视频播放不稳定时，复盘要找到可改变的动作变量，而不是只记录漂亮或难看的数字；“Reels 前 3 秒流失表”的作用是把这个判断变成一个可执行、可观察、可复盘的动作。执行时只把它当作建立熟悉感和互相信任的入口，不把对方当作被推进的对象。,触发条件：短视频播放不稳定时。；具体动作：记录每条前 3 秒钩子类型和留存。；落地要求：写下假设、变量、样本周期和下一步决定，避免凭感觉复盘。；边界要求：必须真实透明、尊重对方选择；不伪装身份、不套取隐私、不制造虚假亲密或焦虑，对方冷淡、拒绝或沉默时停止推进。,Reels 前 3 秒流失表执行次数；相关内容互动率；后续对话或行动率；对方主动回应率；重复互动率,Reels 前 3 秒流失表；短视频播放不稳定；记录每条前 3 秒钩子类型和留存；关系复盘与迭代策略；认识陌生人；成为朋友；建立信任；真诚互动,IGS-S7-09；IGS-S9-02；IGS-S8-G18,cards/IGS-S8-G03.md,用于在社交平台上认识合适的陌生人，通过公开互动、真诚倾听和小范围互助，逐步成为朋友并赢得长期信任。,必须真实透明、尊重对方选择；不伪装身份、不套取隐私、不制造虚假亲密或焦虑，对方冷淡、拒绝或沉默时停止推进。
IGS-S8-G04,Carousel 页码掉点,S8,关系复盘与迭代策略,发现合适陌生人；降低陌生防备,私信策略；资源互助策略,提升专业感；提升安全感,HOOTSUITE_ALGORITHM_2026；SPROUT_INSTAGRAM_STRATEGY,关系复盘要看互动质量、信任信号和边界是否被尊重，而不只看数量。滑动完成率低时，复盘要找到可改变的动作变量，而不是只记录漂亮或难看的数字；“Carousel 页码掉点”的作用是把这个判断变成一个可执行、可观察、可复盘的动作。执行时只把它当作建立熟悉感和互相信任的入口，不把对方当作被推进的对象。,触发条件：滑动完成率低时。；具体动作：记录对方从第几页开始掉点并修改那一页信息密度。；落地要求：写下假设、变量、样本周期和下一步决定，避免凭感觉复盘。；边界要求：必须真实透明、尊重对方选择；不伪装身份、不套取隐私、不制造虚假亲密或焦虑，对方冷淡、拒绝或沉默时停止推进。,Carousel 页码掉点执行次数；相关内容互动率；后续对话或行动率；对方主动回应率；重复互动率,Carousel 页码掉点；滑动完成率低；记录对方从第几页开始掉点并修改那一页；关系复盘与迭代策略；认识陌生人；成为朋友；建立信任；真诚互动,IGS-S7-08；IGS-S9-07；IGS-S8-G19,cards/IGS-S8-G04.md,用于在社交平台上认识合适的陌生人，通过公开互动、真诚倾听和小范围互助，逐步成为朋友并赢得长期信任。,必须真实透明、尊重对方选择；不伪装身份、不套取隐私、不制造虚假亲密或焦虑，对方冷淡、拒绝或沉默时停止推进。
IGS-S8-G05,Story 退出点,S8,关系复盘与迭代策略,提供小帮助；提高后续对话率,社群/圈层策略,提升参与感；提升互惠感,SPROUT_INSTAGRAM_STRATEGY；CXL_INSTITUTE,关系复盘要看互动质量、信任信号和边界是否被尊重，而不只看数量。Story 发很多但回复少时，复盘要找到可改变的动作变量，而不是只记录漂亮或难看的数字；“Story 退出点”的作用是把这个判断变成一个可执行、可观察、可复盘的动作。执行时只把它当作建立熟悉感和互相信任的入口，不把对方当作被推进的对象。,触发条件：Story 发很多但回复少时。；具体动作：记录退出发生在铺垫、价值、CTA 哪一帧。；落地要求：写下假设、变量、样本周期和下一步决定，避免凭感觉复盘。；边界要求：必须真实透明、尊重对方选择；不伪装身份、不套取隐私、不制造虚假亲密或焦虑，对方冷淡、拒绝或沉默时停止推进。,Story 退出点执行次数；相关内容互动率；后续对话或行动率；对方主动回应率；重复互动率,Story 退出点；Story 发很多但回复少；记录退出发生在铺垫、价值、CTA 哪；关系复盘与迭代策略；认识陌生人；成为朋友；建立信任；真诚互动,IGS-S7-07；IGS-S9-G11；IGS-S8-G20,cards/IGS-S8-G05.md,用于在社交平台上认识合适的陌生人，通过公开互动、真诚倾听和小范围互助，逐步成为朋友并赢得长期信任。,必须真实透明、尊重对方选择；不伪装身份、不套取隐私、不制造虚假亲密或焦虑，对方冷淡、拒绝或沉默时停止推进。
IGS-S8-G06,私信阶段漏斗,S8,关系复盘与迭代策略,建立长期朋友关系；形成可信专业感,Reels 策略,提升持续关注理由；提升被理解感,CXL_INSTITUTE；GOOGLE_SKILLSHOP_DIGITAL_MARKETING,关系复盘要看互动质量、信任信号和边界是否被尊重，而不只看数量。私信多但关系推进低时，复盘要找到可改变的动作变量，而不是只记录漂亮或难看的数字；“私信阶段漏斗”的作用是把这个判断变成一个可执行、可观察、可复盘的动作。执行时只把它当作建立熟悉感和互相信任的入口，不把对方当作被推进的对象。,触发条件：私信多但关系推进低时。；具体动作：按开启、诊断、建议、异议、下一步、回访统计。；落地要求：写下假设、变量、样本周期和下一步决定，避免凭感觉复盘。；边界要求：必须真实透明、尊重对方选择；不伪装身份、不套取隐私、不制造虚假亲密或焦虑，对方冷淡、拒绝或沉默时停止推进。,私信阶段漏斗执行次数；相关内容互动率；后续对话或行动率；对方主动回应率；重复互动率,私信阶段漏斗；私信多但关系推进低；按开启、诊断、建议、异议、下一步、回；关系复盘与迭代策略；认识陌生人；成为朋友；建立信任；真诚互动,IGS-S7-09；IGS-S9-09；IGS-S8-G21,cards/IGS-S8-G06.md,用于在社交平台上认识合适的陌生人，通过公开互动、真诚倾听和小范围互助，逐步成为朋友并赢得长期信任。,必须真实透明、尊重对方选择；不伪装身份、不套取隐私、不制造虚假亲密或焦虑，对方冷淡、拒绝或沉默时停止推进。
IGS-S8-G07,小资源使用率,S8,关系复盘与迭代策略,发现合适陌生人；降低陌生防备,Carousel 策略,提升专业感；提升安全感,GOOGLE_SKILLSHOP_DIGITAL_MARKETING；HOOTSUITE_STATS_2026,关系复盘要看互动质量、信任信号和边界是否被尊重，而不只看数量。领取数漂亮但关系没动时，复盘要找到可改变的动作变量，而不是只记录漂亮或难看的数字；“小资源使用率”的作用是把这个判断变成一个可执行、可观察、可复盘的动作。执行时只把它当作建立熟悉感和互相信任的入口，不把对方当作被推进的对象。,触发条件：领取数漂亮但关系没动时。；具体动作：追踪打开、完成、反馈和二次对话。；落地要求：写下假设、变量、样本周期和下一步决定，避免凭感觉复盘。；边界要求：必须真实透明、尊重对方选择；不伪装身份、不套取隐私、不制造虚假亲密或焦虑，对方冷淡、拒绝或沉默时停止推进。,小资源使用率执行次数；相关内容互动率；后续对话或行动率；对方主动回应率；重复互动率,小资源使用率；领取数漂亮但关系没动；追踪打开、完成、反馈和二次对话；关系复盘与迭代策略；认识陌生人；成为朋友；建立信任；真诚互动,IGS-S7-05；IGS-S9-07；IGS-S8-G22,cards/IGS-S8-G07.md,用于在社交平台上认识合适的陌生人，通过公开互动、真诚倾听和小范围互助，逐步成为朋友并赢得长期信任。,必须真实透明、尊重对方选择；不伪装身份、不套取隐私、不制造虚假亲密或焦虑，对方冷淡、拒绝或沉默时停止推进。
IGS-S8-G08,主题热力图,S8,关系复盘与迭代策略,提供小帮助；提高后续对话率,Story 策略,提升参与感；提升互惠感,HOOTSUITE_STATS_2026；HOOTSUITE_ALGORITHM_2026,关系复盘要看互动质量、信任信号和边界是否被尊重，而不只看数量。不知道哪些内容支柱值得加码时，复盘要找到可改变的动作变量，而不是只记录漂亮或难看的数字；“主题热力图”的作用是把这个判断变成一个可执行、可观察、可复盘的动作。执行时只把它当作建立熟悉感和互相信任的入口，不把对方当作被推进的对象。,触发条件：不知道哪些内容支柱值得加码时。；具体动作：按主题统计触达、保存、评论、私信四项。；落地要求：写下假设、变量、样本周期和下一步决定，避免凭感觉复盘。；边界要求：必须真实透明、尊重对方选择；不伪装身份、不套取隐私、不制造虚假亲密或焦虑，对方冷淡、拒绝或沉默时停止推进。,主题热力图执行次数；相关内容互动率；后续对话或行动率；对方主动回应率；重复互动率,主题热力图；不知道哪些内容支柱值得加码；按主题统计触达、保存、评论、私信四项；关系复盘与迭代策略；认识陌生人；成为朋友；建立信任；真诚互动,IGS-S7-07；IGS-S9-G11；IGS-S8-G23,cards/IGS-S8-G08.md,用于在社交平台上认识合适的陌生人，通过公开互动、真诚倾听和小范围互助，逐步成为朋友并赢得长期信任。,必须真实透明、尊重对方选择；不伪装身份、不套取隐私、不制造虚假亲密或焦虑，对方冷淡、拒绝或沉默时停止推进。
IGS-S8-G09,钩子实验日志,S8,关系复盘与迭代策略,建立长期朋友关系；形成可信专业感,私信策略；资源互助策略,提升持续关注理由；提升被理解感,HOOTSUITE_ALGORITHM_2026；SPROUT_INSTAGRAM_STRATEGY,关系复盘要看互动质量、信任信号和边界是否被尊重，而不只看数量。改标题没有沉淀经验时，复盘要找到可改变的动作变量，而不是只记录漂亮或难看的数字；“钩子实验日志”的作用是把这个判断变成一个可执行、可观察、可复盘的动作。执行时只把它当作建立熟悉感和互相信任的入口，不把对方当作被推进的对象。,触发条件：改标题没有沉淀经验时。；具体动作：记录钩子类型、样本、结果和下一步结论。；落地要求：写下假设、变量、样本周期和下一步决定，避免凭感觉复盘。；边界要求：必须真实透明、尊重对方选择；不伪装身份、不套取隐私、不制造虚假亲密或焦虑，对方冷淡、拒绝或沉默时停止推进。,钩子实验日志执行次数；相关内容互动率；后续对话或行动率；对方主动回应率；重复互动率,钩子实验日志；改标题没有沉淀经验；记录钩子类型、样本、结果和下一步结论；关系复盘与迭代策略；认识陌生人；成为朋友；建立信任；真诚互动,IGS-S7-09；IGS-S9-09；IGS-S8-G24,cards/IGS-S8-G09.md,用于在社交平台上认识合适的陌生人，通过公开互动、真诚倾听和小范围互助，逐步成为朋友并赢得长期信任。,必须真实透明、尊重对方选择；不伪装身份、不套取隐私、不制造虚假亲密或焦虑，对方冷淡、拒绝或沉默时停止推进。
IGS-S8-G10,创意疲劳提醒,S8,关系复盘与迭代策略,发现合适陌生人；降低陌生防备,社群/圈层策略,提升专业感；提升安全感,SPROUT_INSTAGRAM_STRATEGY；CXL_INSTITUTE,关系复盘要看互动质量、信任信号和边界是否被尊重，而不只看数量。同一模板表现下滑时，复盘要找到可改变的动作变量，而不是只记录漂亮或难看的数字；“创意疲劳提醒”的作用是把这个判断变成一个可执行、可观察、可复盘的动作。执行时只把它当作建立熟悉感和互相信任的入口，不把对方当作被推进的对象。,触发条件：同一模板表现下滑时。；具体动作：连续三次低于均值就更换开头、画面或结构。；落地要求：写下假设、变量、样本周期和下一步决定，避免凭感觉复盘。；边界要求：必须真实透明、尊重对方选择；不伪装身份、不套取隐私、不制造虚假亲密或焦虑，对方冷淡、拒绝或沉默时停止推进。,创意疲劳提醒执行次数；相关内容互动率；后续对话或行动率；对方主动回应率；重复互动率,创意疲劳提醒；同一模板表现下滑；连续三次低于均值就更换开头、画面或结；关系复盘与迭代策略；认识陌生人；成为朋友；建立信任；真诚互动,IGS-S7-08；IGS-S9-07；IGS-S8-01,cards/IGS-S8-G10.md,用于在社交平台上认识合适的陌生人，通过公开互动、真诚倾听和小范围互助，逐步成为朋友并赢得长期信任。,必须真实透明、尊重对方选择；不伪装身份、不套取隐私、不制造虚假亲密或焦虑，对方冷淡、拒绝或沉默时停止推进。
IGS-S8-G11,发布时间个体化,S8,关系复盘与迭代策略,提供小帮助；提高后续对话率,Reels 策略,提升参与感；提升互惠感,CXL_INSTITUTE；GOOGLE_SKILLSHOP_DIGITAL_MARKETING,关系复盘要看互动质量、信任信号和边界是否被尊重，而不只看数量。使用通用最佳发布时间时，复盘要找到可改变的动作变量，而不是只记录漂亮或难看的数字；“发布时间个体化”的作用是把这个判断变成一个可执行、可观察、可复盘的动作。执行时只把它当作建立熟悉感和互相信任的入口，不把对方当作被推进的对象。,触发条件：使用通用最佳发布时间时。；具体动作：只用自己账号最近 60 天数据判断发布时间。；落地要求：写下假设、变量、样本周期和下一步决定，避免凭感觉复盘。；边界要求：必须真实透明、尊重对方选择；不伪装身份、不套取隐私、不制造虚假亲密或焦虑，对方冷淡、拒绝或沉默时停止推进。,发布时间个体化执行次数；相关内容互动率；后续对话或行动率；对方主动回应率；重复互动率,发布时间个体化；使用通用最佳发布；只用自己账号最近 60 天数据判断发；关系复盘与迭代策略；认识陌生人；成为朋友；建立信任；真诚互动,IGS-S7-07；IGS-S9-07；IGS-S8-G20,cards/IGS-S8-G11.md,用于在社交平台上认识合适的陌生人，通过公开互动、真诚倾听和小范围互助，逐步成为朋友并赢得长期信任。,必须真实透明、尊重对方选择；不伪装身份、不套取隐私、不制造虚假亲密或焦虑，对方冷淡、拒绝或沉默时停止推进。
IGS-S8-G12,UGC 内容表现,S8,关系复盘与迭代策略,建立长期朋友关系；形成可信专业感,Carousel 策略,提升持续关注理由；提升被理解感,GOOGLE_SKILLSHOP_DIGITAL_MARKETING；HOOTSUITE_STATS_2026,关系复盘要看互动质量、信任信号和边界是否被尊重，而不只看数量。对方内容是否值得复用不清楚时，复盘要找到可改变的动作变量，而不是只记录漂亮或难看的数字；“UGC 内容表现”的作用是把这个判断变成一个可执行、可观察、可复盘的动作。执行时只把它当作建立熟悉感和互相信任的入口，不把对方当作被推进的对象。,触发条件：对方内容是否值得复用不清楚时。；具体动作：单独统计 UGC 的保存、分享、信任私信和授权率。；落地要求：写下假设、变量、样本周期和下一步决定，避免凭感觉复盘。；边界要求：必须真实透明、尊重对方选择；不伪装身份、不套取隐私、不制造虚假亲密或焦虑，对方冷淡、拒绝或沉默时停止推进。,UGC 内容表现执行次数；相关内容互动率；后续对话或行动率；对方主动回应率；重复互动率,UGC 内容表现；对方内容是否值得复用不清楚；单独统计 UGC 的保存、分享、信任；关系复盘与迭代策略；认识陌生人；成为朋友；建立信任；真诚互动,IGS-S7-09；IGS-S9-02；IGS-S8-G21,cards/IGS-S8-G12.md,用于在社交平台上认识合适的陌生人，通过公开互动、真诚倾听和小范围互助，逐步成为朋友并赢得长期信任。,必须真实透明、尊重对方选择；不伪装身份、不套取隐私、不制造虚假亲密或焦虑，对方冷淡、拒绝或沉默时停止推进。
IGS-S8-G13,深入交流放大资格,S8,关系复盘与迭代策略,发现合适陌生人；降低陌生防备,Story 策略,提升专业感；提升安全感,HOOTSUITE_STATS_2026；HOOTSUITE_ALGORITHM_2026,关系复盘要看互动质量、信任信号和边界是否被尊重，而不只看数量。广告预算放大低质量内容时，复盘要找到可改变的动作变量，而不是只记录漂亮或难看的数字；“深入交流放大资格”的作用是把这个判断变成一个可执行、可观察、可复盘的动作。执行时只把它当作建立熟悉感和互相信任的入口，不把对方当作被推进的对象。,触发条件：广告预算放大低质量内容时。；具体动作：只有有机保存、分享或私信超过均值的内容才测试广告。；落地要求：写下假设、变量、样本周期和下一步决定，避免凭感觉复盘。；边界要求：必须真实透明、尊重对方选择；不伪装身份、不套取隐私、不制造虚假亲密或焦虑，对方冷淡、拒绝或沉默时停止推进。,深入交流放大资格执行次数；相关内容互动率；后续对话或行动率；对方主动回应率；重复互动率,深入交流放大资格；广告预算放大低质量内容；只有有机保存、分享或私信超过均值的内；关系复盘与迭代策略；认识陌生人；成为朋友；建立信任；真诚互动,IGS-S7-08；IGS-S9-07；IGS-S8-G22,cards/IGS-S8-G13.md,用于在社交平台上认识合适的陌生人，通过公开互动、真诚倾听和小范围互助，逐步成为朋友并赢得长期信任。,必须真实透明、尊重对方选择；不伪装身份、不套取隐私、不制造虚假亲密或焦虑，对方冷淡、拒绝或沉默时停止推进。
IGS-S8-G14,领先/滞后指标,S8,关系复盘与迭代策略,提供小帮助；提高后续对话率,私信策略；资源互助策略,提升参与感；提升互惠感,HOOTSUITE_ALGORITHM_2026；SPROUT_INSTAGRAM_STRATEGY,关系复盘要看互动质量、信任信号和边界是否被尊重，而不只看数量。只到月底才发现问题时，复盘要找到可改变的动作变量，而不是只记录漂亮或难看的数字；“领先/滞后指标”的作用是把这个判断变成一个可执行、可观察、可复盘的动作。执行时只把它当作建立熟悉感和互相信任的入口，不把对方当作被推进的对象。,触发条件：只到月底才发现问题时。；具体动作：把发帖完成率、回复速度作为领先指标，推销式表达/进一步交流作为滞后指标。；落地要求：写下假设、变量、样本周期和下一步决定，避免凭感觉复盘。；边界要求：必须真实透明、尊重对方选择；不伪装身份、不套取隐私、不制造虚假亲密或焦虑，对方冷淡、拒绝或沉默时停止推进。,领先/滞后指标执行次数；相关内容互动率；后续对话或行动率；对方主动回应率；重复互动率,领先/滞后指标；只到月底才发现问题；把发帖完成率、回复速度作为领先指标，；关系复盘与迭代策略；认识陌生人；成为朋友；建立信任；真诚互动,IGS-S7-07；IGS-S9-05；IGS-S8-07；IGS-S6-06,cards/IGS-S8-G14.md,用于在社交平台上认识合适的陌生人，通过公开互动、真诚倾听和小范围互助，逐步成为朋友并赢得长期信任。,必须真实透明、尊重对方选择；不伪装身份、不套取隐私、不制造虚假亲密或焦虑，对方冷淡、拒绝或沉默时停止推进。
IGS-S8-G15,评论情绪标签,S8,关系复盘与迭代策略,建立长期朋友关系；形成可信专业感,社群/圈层策略,提升持续关注理由；提升被理解感,SPROUT_INSTAGRAM_STRATEGY；CXL_INSTITUTE,关系复盘要看互动质量、信任信号和边界是否被尊重，而不只看数量。评论数量多但不知道情绪方向时，复盘要找到可改变的动作变量，而不是只记录漂亮或难看的数字；“评论情绪标签”的作用是把这个判断变成一个可执行、可观察、可复盘的动作。执行时只把它当作建立熟悉感和互相信任的入口，不把对方当作被推进的对象。,触发条件：评论数量多但不知道情绪方向时。；具体动作：标注感谢、困惑、质疑、求助、反对五类。；落地要求：写下假设、变量、样本周期和下一步决定，避免凭感觉复盘。；边界要求：必须真实透明、尊重对方选择；不伪装身份、不套取隐私、不制造虚假亲密或焦虑，对方冷淡、拒绝或沉默时停止推进。,评论情绪标签执行次数；相关内容互动率；后续对话或行动率；对方主动回应率；重复互动率,评论情绪标签；评论数量多但不知道情绪方向；标注感谢、困惑、质疑、求助、反对五类；关系复盘与迭代策略；认识陌生人；成为朋友；建立信任；真诚互动,IGS-S7-09；IGS-S9-09；IGS-S8-G24,cards/IGS-S8-G15.md,用于在社交平台上认识合适的陌生人，通过公开互动、真诚倾听和小范围互助，逐步成为朋友并赢得长期信任。,必须真实透明、尊重对方选择；不伪装身份、不套取隐私、不制造虚假亲密或焦虑，对方冷淡、拒绝或沉默时停止推进。
IGS-S8-G16,关系回应响应时间,S8,关系复盘与迭代策略,发现合适陌生人；降低陌生防备,Reels 策略,提升专业感；提升安全感,CXL_INSTITUTE；GOOGLE_SKILLSHOP_DIGITAL_MARKETING,关系复盘要看互动质量、信任信号和边界是否被尊重，而不只看数量。评论和私信影响信任时，复盘要找到可改变的动作变量，而不是只记录漂亮或难看的数字；“关系回应响应时间”的作用是把这个判断变成一个可执行、可观察、可复盘的动作。执行时只把它当作建立熟悉感和互相信任的入口，不把对方当作被推进的对象。,触发条件：评论和私信影响信任时。；具体动作：记录首次响应时间和问题解决时间。；落地要求：写下假设、变量、样本周期和下一步决定，避免凭感觉复盘。；边界要求：必须真实透明、尊重对方选择；不伪装身份、不套取隐私、不制造虚假亲密或焦虑，对方冷淡、拒绝或沉默时停止推进。,关系回应响应时间执行次数；相关内容互动率；后续对话或行动率；对方主动回应率；重复互动率,关系回应响应时间；评论和私信影响信任；记录首次响应时间和问题解决时间；关系复盘与迭代策略；认识陌生人；成为朋友；建立信任；真诚互动,IGS-S7-05；IGS-S9-07；IGS-S8-G01,cards/IGS-S8-G16.md,用于在社交平台上认识合适的陌生人，通过公开互动、真诚倾听和小范围互助，逐步成为朋友并赢得长期信任。,必须真实透明、尊重对方选择；不伪装身份、不套取隐私、不制造虚假亲密或焦虑，对方冷淡、拒绝或沉默时停止推进。
IGS-S8-G17,内容债务清单,S8,关系复盘与迭代策略,提供小帮助；提高后续对话率,Carousel 策略,提升参与感；提升互惠感,GOOGLE_SKILLSHOP_DIGITAL_MARKETING；HOOTSUITE_STATS_2026,关系复盘要看互动质量、信任信号和边界是否被尊重，而不只看数量。旧内容持续误导新对方时，复盘要找到可改变的动作变量，而不是只记录漂亮或难看的数字；“内容债务清单”的作用是把这个判断变成一个可执行、可观察、可复盘的动作。执行时只把它当作建立熟悉感和互相信任的入口，不把对方当作被推进的对象。,触发条件：旧内容持续误导新对方时。；具体动作：每月找出需要更新、删除或重新包装的内容。；落地要求：写下假设、变量、样本周期和下一步决定，避免凭感觉复盘。；边界要求：必须真实透明、尊重对方选择；不伪装身份、不套取隐私、不制造虚假亲密或焦虑，对方冷淡、拒绝或沉默时停止推进。,内容债务清单执行次数；相关内容互动率；后续对话或行动率；对方主动回应率；重复互动率,内容债务清单；旧内容持续误导新对方；每月找出需要更新、删除或重新包装的内；关系复盘与迭代策略；认识陌生人；成为朋友；建立信任；真诚互动,IGS-S7-07；IGS-S9-07；IGS-S8-G02,cards/IGS-S8-G17.md,用于在社交平台上认识合适的陌生人，通过公开互动、真诚倾听和小范围互助，逐步成为朋友并赢得长期信任。,必须真实透明、尊重对方选择；不伪装身份、不套取隐私、不制造虚假亲密或焦虑，对方冷淡、拒绝或沉默时停止推进。
IGS-S8-G18,实验最小样本,S8,关系复盘与迭代策略,建立长期朋友关系；形成可信专业感,Story 策略,提升持续关注理由；提升被理解感,HOOTSUITE_STATS_2026；HOOTSUITE_ALGORITHM_2026,关系复盘要看互动质量、信任信号和边界是否被尊重，而不只看数量。一次失败就放弃策略时，复盘要找到可改变的动作变量，而不是只记录漂亮或难看的数字；“实验最小样本”的作用是把这个判断变成一个可执行、可观察、可复盘的动作。执行时只把它当作建立熟悉感和互相信任的入口，不把对方当作被推进的对象。,触发条件：一次失败就放弃策略时。；具体动作：每个实验至少做 3 条内容或 7 天 Story 再判断。；落地要求：写下假设、变量、样本周期和下一步决定，避免凭感觉复盘。；边界要求：必须真实透明、尊重对方选择；不伪装身份、不套取隐私、不制造虚假亲密或焦虑，对方冷淡、拒绝或沉默时停止推进。,实验最小样本执行次数；相关内容互动率；后续对话或行动率；对方主动回应率；重复互动率,实验最小样本；一次失败就放弃策略；每个实验至少做 3 条内容或 7 天；关系复盘与迭代策略；认识陌生人；成为朋友；建立信任；真诚互动,IGS-S7-09；IGS-S9-02；IGS-S8-G03,cards/IGS-S8-G18.md,用于在社交平台上认识合适的陌生人，通过公开互动、真诚倾听和小范围互助，逐步成为朋友并赢得长期信任。,必须真实透明、尊重对方选择；不伪装身份、不套取隐私、不制造虚假亲密或焦虑，对方冷淡、拒绝或沉默时停止推进。
IGS-S8-G19,行业基准谨慎使用,S8,关系复盘与迭代策略,发现合适陌生人；降低陌生防备,私信策略；资源互助策略,提升专业感；提升安全感,HOOTSUITE_ALGORITHM_2026；SPROUT_INSTAGRAM_STRATEGY,关系复盘要看互动质量、信任信号和边界是否被尊重，而不只看数量。外部平均数让团队焦虑时，复盘要找到可改变的动作变量，而不是只记录漂亮或难看的数字；“行业基准谨慎使用”的作用是把这个判断变成一个可执行、可观察、可复盘的动作。执行时只把它当作建立熟悉感和互相信任的入口，不把对方当作被推进的对象。,触发条件：外部平均数让团队焦虑时。；具体动作：只把行业基准当方向，决策看自己历史均值。；落地要求：写下假设、变量、样本周期和下一步决定，避免凭感觉复盘。；边界要求：必须真实透明、尊重对方选择；不伪装身份、不套取隐私、不制造虚假亲密或焦虑，对方冷淡、拒绝或沉默时停止推进。,行业基准谨慎使用执行次数；相关内容互动率；后续对话或行动率；对方主动回应率；重复互动率,行业基准谨慎使用；外部平均数让团队焦虑；只把行业基准当方向，决策看自己历史均；关系复盘与迭代策略；认识陌生人；成为朋友；建立信任；真诚互动,IGS-S7-08；IGS-S9-07；IGS-S8-G04,cards/IGS-S8-G19.md,用于在社交平台上认识合适的陌生人，通过公开互动、真诚倾听和小范围互助，逐步成为朋友并赢得长期信任。,必须真实透明、尊重对方选择；不伪装身份、不套取隐私、不制造虚假亲密或焦虑，对方冷淡、拒绝或沉默时停止推进。
IGS-S8-G20,复盘会议三问,S8,关系复盘与迭代策略,提供小帮助；提高后续对话率,社群/圈层策略,提升参与感；提升互惠感,SPROUT_INSTAGRAM_STRATEGY；CXL_INSTITUTE,关系复盘要看互动质量、信任信号和边界是否被尊重，而不只看数量。复盘变成罗列数据时，复盘要找到可改变的动作变量，而不是只记录漂亮或难看的数字；“复盘会议三问”的作用是把这个判断变成一个可执行、可观察、可复盘的动作。执行时只把它当作建立熟悉感和互相信任的入口，不把对方当作被推进的对象。,触发条件：复盘变成罗列数据时。；具体动作：每次只问什么有效、为什么有效、下次改什么。；落地要求：写下假设、变量、样本周期和下一步决定，避免凭感觉复盘。；边界要求：必须真实透明、尊重对方选择；不伪装身份、不套取隐私、不制造虚假亲密或焦虑，对方冷淡、拒绝或沉默时停止推进。,复盘会议三问执行次数；相关内容互动率；后续对话或行动率；对方主动回应率；重复互动率,复盘会议三问；复盘变成罗列数据；每次只问什么有效、为什么有效、下次改；关系复盘与迭代策略；认识陌生人；成为朋友；建立信任；真诚互动,IGS-S7-07；IGS-S9-G11；IGS-S8-G05,cards/IGS-S8-G20.md,用于在社交平台上认识合适的陌生人，通过公开互动、真诚倾听和小范围互助，逐步成为朋友并赢得长期信任。,必须真实透明、尊重对方选择；不伪装身份、不套取隐私、不制造虚假亲密或焦虑，对方冷淡、拒绝或沉默时停止推进。
IGS-S8-G21,停做清单,S8,关系复盘与迭代策略,建立长期朋友关系；形成可信专业感,Reels 策略,提升持续关注理由；提升被理解感,CXL_INSTITUTE；GOOGLE_SKILLSHOP_DIGITAL_MARKETING,关系复盘要看互动质量、信任信号和边界是否被尊重，而不只看数量。动作很多但注意力分散时，复盘要找到可改变的动作变量，而不是只记录漂亮或难看的数字；“停做清单”的作用是把这个判断变成一个可执行、可观察、可复盘的动作。执行时只把它当作建立熟悉感和互相信任的入口，不把对方当作被推进的对象。,触发条件：动作很多但注意力分散时。；具体动作：每月列出三个低收益高消耗动作并暂停。；落地要求：写下假设、变量、样本周期和下一步决定，避免凭感觉复盘。；边界要求：必须真实透明、尊重对方选择；不伪装身份、不套取隐私、不制造虚假亲密或焦虑，对方冷淡、拒绝或沉默时停止推进。,停做清单执行次数；相关内容互动率；后续对话或行动率；对方主动回应率；重复互动率,停做清单；动作很多但注意力分散；每月列出三个低收益高消耗动作并暂停；关系复盘与迭代策略；认识陌生人；成为朋友；建立信任；真诚互动,IGS-S7-09；IGS-S9-09；IGS-S8-G06,cards/IGS-S8-G21.md,用于在社交平台上认识合适的陌生人，通过公开互动、真诚倾听和小范围互助，逐步成为朋友并赢得长期信任。,必须真实透明、尊重对方选择；不伪装身份、不套取隐私、不制造虚假亲密或焦虑，对方冷淡、拒绝或沉默时停止推进。
IGS-S8-G22,高意向行为权重,S8,关系复盘与迭代策略,发现合适陌生人；降低陌生防备,Carousel 策略,提升专业感；提升安全感,GOOGLE_SKILLSHOP_DIGITAL_MARKETING；HOOTSUITE_STATS_2026,关系复盘要看互动质量、信任信号和边界是否被尊重，而不只看数量。点赞多但进一步交流少时，复盘要找到可改变的动作变量，而不是只记录漂亮或难看的数字；“高意向行为权重”的作用是把这个判断变成一个可执行、可观察、可复盘的动作。执行时只把它当作建立熟悉感和互相信任的入口，不把对方当作被推进的对象。,触发条件：点赞多但进一步交流少时。；具体动作：给保存、分享、评论问题、Story 回复、DM 不同权重。；落地要求：写下假设、变量、样本周期和下一步决定，避免凭感觉复盘。；边界要求：必须真实透明、尊重对方选择；不伪装身份、不套取隐私、不制造虚假亲密或焦虑，对方冷淡、拒绝或沉默时停止推进。,高意向行为权重执行次数；相关内容互动率；后续对话或行动率；对方主动回应率；重复互动率,高意向行为权重；点赞多但进一步交流少；给保存、分享、评论问题、Story ；关系复盘与迭代策略；认识陌生人；成为朋友；建立信任；真诚互动,IGS-S7-05；IGS-S9-07；IGS-S8-G07,cards/IGS-S8-G22.md,用于在社交平台上认识合适的陌生人，通过公开互动、真诚倾听和小范围互助，逐步成为朋友并赢得长期信任。,必须真实透明、尊重对方选择；不伪装身份、不套取隐私、不制造虚假亲密或焦虑，对方冷淡、拒绝或沉默时停止推进。
IGS-S8-G23,关系推进路径回放,S8,关系复盘与迭代策略,提供小帮助；提高后续对话率,Story 策略,提升参与感；提升互惠感,HOOTSUITE_STATS_2026；HOOTSUITE_ALGORITHM_2026,关系复盘要看互动质量、信任信号和边界是否被尊重，而不只看数量。对方从看见到私信路径不清时，复盘要找到可改变的动作变量，而不是只记录漂亮或难看的数字；“关系推进路径回放”的作用是把这个判断变成一个可执行、可观察、可复盘的动作。执行时只把它当作建立熟悉感和互相信任的入口，不把对方当作被推进的对象。,触发条件：对方从看见到私信路径不清时。；具体动作：回看高质量私信对方之前看过和互动过的内容。；落地要求：写下假设、变量、样本周期和下一步决定，避免凭感觉复盘。；边界要求：必须真实透明、尊重对方选择；不伪装身份、不套取隐私、不制造虚假亲密或焦虑，对方冷淡、拒绝或沉默时停止推进。,关系推进路径回放执行次数；相关内容互动率；后续对话或行动率；对方主动回应率；重复互动率,关系推进路径回放；对方从看见到私信路径不清；回看高质量私信对方之前看过和互动过的；关系复盘与迭代策略；认识陌生人；成为朋友；建立信任；真诚互动,IGS-S7-07；IGS-S9-G11；IGS-S8-G08,cards/IGS-S8-G23.md,用于在社交平台上认识合适的陌生人，通过公开互动、真诚倾听和小范围互助，逐步成为朋友并赢得长期信任。,必须真实透明、尊重对方选择；不伪装身份、不套取隐私、不制造虚假亲密或焦虑，对方冷淡、拒绝或沉默时停止推进。
IGS-S8-G24,学习结论入库,S8,关系复盘与迭代策略,建立长期朋友关系；形成可信专业感,私信策略；资源互助策略,提升持续关注理由；提升被理解感,HOOTSUITE_ALGORITHM_2026；SPROUT_INSTAGRAM_STRATEGY,关系复盘要看互动质量、信任信号和边界是否被尊重，而不只看数量。复盘结论散落在聊天记录时，复盘要找到可改变的动作变量，而不是只记录漂亮或难看的数字；“学习结论入库”的作用是把这个判断变成一个可执行、可观察、可复盘的动作。执行时只把它当作建立熟悉感和互相信任的入口，不把对方当作被推进的对象。,触发条件：复盘结论散落在聊天记录时。；具体动作：把有效结论写回策略卡关键词和执行动作。；落地要求：写下假设、变量、样本周期和下一步决定，避免凭感觉复盘。；边界要求：必须真实透明、尊重对方选择；不伪装身份、不套取隐私、不制造虚假亲密或焦虑，对方冷淡、拒绝或沉默时停止推进。,学习结论入库执行次数；相关内容互动率；后续对话或行动率；对方主动回应率；重复互动率,学习结论入库；复盘结论散落在聊天记录；把有效结论写回策略卡关键词和执行动作；关系复盘与迭代策略；认识陌生人；成为朋友；建立信任；真诚互动,IGS-S7-09；IGS-S9-09；IGS-S8-G09,cards/IGS-S8-G24.md,用于在社交平台上认识合适的陌生人，通过公开互动、真诚倾听和小范围互助，逐步成为朋友并赢得长期信任。,必须真实透明、尊重对方选择；不伪装身份、不套取隐私、不制造虚假亲密或焦虑，对方冷淡、拒绝或沉默时停止推进。
IGS-S9-G01,每周官方更新阅读,S9,学习提升策略,形成可信专业感；提升主页可信感,Reels 策略；Carousel 策略,提升专业感；提升安全感,META_SOCIAL_CERT；GOLEMAN_EQ,学习提升要服务更真诚、更稳定的关系能力，而不是堆技巧。平台功能和规则变化快时，学习提升要转成 SOP、模板和实验，不停留在收藏小资源；“每周官方更新阅读”的作用是把这个判断变成一个可执行、可观察、可复盘的动作。执行时只把它当作建立熟悉感和互相信任的入口，不把对方当作被推进的对象。,触发条件：平台功能和规则变化快时。；具体动作：固定阅读官方和可信行业小资源并记录可测试项。；落地要求：把学习结论写回模板、话术、检查表或图谱关系里。；边界要求：必须真实透明、尊重对方选择；不伪装身份、不套取隐私、不制造虚假亲密或焦虑，对方冷淡、拒绝或沉默时停止推进。,每周官方更新阅读执行次数；相关内容互动率；后续对话或行动率；对方主动回应率；重复互动率,每周官方更新阅读；平台功能和规则变化快；固定阅读官方和可信行业小资源并记录可测；学习提升策略；认识陌生人；成为朋友；建立信任；真诚互动,IGS-S8-05；IGS-S9-G13；IGS-S9-01,cards/IGS-S9-G01.md,用于在社交平台上认识合适的陌生人，通过公开互动、真诚倾听和小范围互助，逐步成为朋友并赢得长期信任。,必须真实透明、尊重对方选择；不伪装身份、不套取隐私、不制造虚假亲密或焦虑，对方冷淡、拒绝或沉默时停止推进。
IGS-S9-G02,沟通复盘日记,S9,学习提升策略,建立长期朋友关系；提高后续对话率,私信策略；评论策略,提升被理解感；降低陌生感,GOLEMAN_EQ；CRUCIAL_CONVERSATIONS,学习提升要服务更真诚、更稳定的关系能力，而不是堆技巧。私信中容易急着证明自己时，学习提升要转成 SOP、模板和实验，不停留在收藏小资源；“沟通复盘日记”的作用是把这个判断变成一个可执行、可观察、可复盘的动作。执行时只把它当作建立熟悉感和互相信任的入口，不把对方当作被推进的对象。,触发条件：私信中容易急着证明自己时。；具体动作：记录触发情绪、当时回应和更好的替代回应。；落地要求：把学习结论写回模板、话术、检查表或图谱关系里。；边界要求：必须真实透明、尊重对方选择；不伪装身份、不套取隐私、不制造虚假亲密或焦虑，对方冷淡、拒绝或沉默时停止推进。,沟通复盘日记执行次数；相关内容互动率；后续对话或行动率；对方主动回应率；重复互动率,沟通复盘日记；私信中容易急着证明自己；记录触发情绪、当时回应和更好的替代回；学习提升策略；认识陌生人；成为朋友；建立信任；真诚互动,IGS-S8-07；IGS-S9-G14；IGS-S9-G17,cards/IGS-S9-G02.md,用于在社交平台上认识合适的陌生人，通过公开互动、真诚倾听和小范围互助，逐步成为朋友并赢得长期信任。,必须真实透明、尊重对方选择；不伪装身份、不套取隐私、不制造虚假亲密或焦虑，对方冷淡、拒绝或沉默时停止推进。
IGS-S9-G03,NVC 句式练习,S9,学习提升策略,发现合适陌生人；降低陌生防备,社群/圈层策略；Story 策略,提升持续关注理由；提升真实感,CRUCIAL_CONVERSATIONS；HBR_BETTER_LISTENER,学习提升要服务更真诚、更稳定的关系能力，而不是堆技巧。回复容易像评判或说教时，学习提升要转成 SOP、模板和实验，不停留在收藏小资源；“NVC 句式练习”的作用是把这个判断变成一个可执行、可观察、可复盘的动作。执行时只把它当作建立熟悉感和互相信任的入口，不把对方当作被推进的对象。,触发条件：回复容易像评判或说教时。；具体动作：每天把一个对方问题改写成观察、感受、需要、请求。；落地要求：把学习结论写回模板、话术、检查表或图谱关系里。；边界要求：必须真实透明、尊重对方选择；不伪装身份、不套取隐私、不制造虚假亲密或焦虑，对方冷淡、拒绝或沉默时停止推进。,NVC 句式练习执行次数；相关内容互动率；后续对话或行动率；对方主动回应率；重复互动率,NVC 句式练习；回复容易像评判或说教；每天把一个对方问题改写成观察、感受、；学习提升策略；认识陌生人；成为朋友；建立信任；真诚互动,IGS-S8-09；IGS-S9-G15；IGS-S9-G18,cards/IGS-S9-G03.md,用于在社交平台上认识合适的陌生人，通过公开互动、真诚倾听和小范围互助，逐步成为朋友并赢得长期信任。,必须真实透明、尊重对方选择；不伪装身份、不套取隐私、不制造虚假亲密或焦虑，对方冷淡、拒绝或沉默时停止推进。
IGS-S9-G04,主动倾听训练,S9,学习提升策略,形成可信专业感；提升主页可信感,资源互助策略；Bio 策略,提升专业感；提升安全感,HBR_BETTER_LISTENER；LATER_CASE_STUDIES,学习提升要服务更真诚、更稳定的关系能力，而不是堆技巧。对话里总想立刻给建议时，学习提升要转成 SOP、模板和实验，不停留在收藏小资源；“主动倾听训练”的作用是把这个判断变成一个可执行、可观察、可复盘的动作。执行时只把它当作建立熟悉感和互相信任的入口，不把对方当作被推进的对象。,触发条件：对话里总想立刻给建议时。；具体动作：练习复述、澄清、总结后再建议。；落地要求：把学习结论写回模板、话术、检查表或图谱关系里。；边界要求：必须真实透明、尊重对方选择；不伪装身份、不套取隐私、不制造虚假亲密或焦虑，对方冷淡、拒绝或沉默时停止推进。,主动倾听训练执行次数；相关内容互动率；后续对话或行动率；对方主动回应率；重复互动率,主动倾听训练；对话里总想立刻给建议；练习复述、澄清、总结后再建议；学习提升策略；认识陌生人；成为朋友；建立信任；真诚互动,IGS-S8-05；IGS-S9-G16；IGS-S9-G19,cards/IGS-S9-G04.md,用于在社交平台上认识合适的陌生人，通过公开互动、真诚倾听和小范围互助，逐步成为朋友并赢得长期信任。,必须真实透明、尊重对方选择；不伪装身份、不套取隐私、不制造虚假亲密或焦虑，对方冷淡、拒绝或沉默时停止推进。
IGS-S9-G05,关键对话脚本库,S9,学习提升策略,建立长期朋友关系；提高后续对话率,Reels 策略；Carousel 策略,提升被理解感；降低陌生感,LATER_CASE_STUDIES；SPROUT_CASE_STUDIES,学习提升要服务更真诚、更稳定的关系能力，而不是堆技巧。遇到质疑、拒绝、投诉时临场慌乱时，学习提升要转成 SOP、模板和实验，不停留在收藏小资源；“关键对话脚本库”的作用是把这个判断变成一个可执行、可观察、可复盘的动作。执行时只把它当作建立熟悉感和互相信任的入口，不把对方当作被推进的对象。,触发条件：遇到质疑、拒绝、投诉时临场慌乱时。；具体动作：为高风险场景准备对比声明和共同目的句。；落地要求：把学习结论写回模板、话术、检查表或图谱关系里。；边界要求：必须真实透明、尊重对方选择；不伪装身份、不套取隐私、不制造虚假亲密或焦虑，对方冷淡、拒绝或沉默时停止推进。,关键对话脚本库执行次数；相关内容互动率；后续对话或行动率；对方主动回应率；重复互动率,关键对话脚本库；遇到质疑、拒绝、投诉；为高风险场景准备对比声明和共同目的句；学习提升策略；认识陌生人；成为朋友；建立信任；真诚互动,IGS-S8-G21；IGS-S9-G17；IGS-S9-G20,cards/IGS-S9-G05.md,用于在社交平台上认识合适的陌生人，通过公开互动、真诚倾听和小范围互助，逐步成为朋友并赢得长期信任。,必须真实透明、尊重对方选择；不伪装身份、不套取隐私、不制造虚假亲密或焦虑，对方冷淡、拒绝或沉默时停止推进。
IGS-S9-G06,案例拆解会,S9,学习提升策略,发现合适陌生人；降低陌生防备,私信策略；评论策略,提升持续关注理由；提升真实感,SPROUT_CASE_STUDIES；CXL_INSTITUTE,学习提升要服务更真诚、更稳定的关系能力，而不是堆技巧。看案例只看结果数字时，学习提升要转成 SOP、模板和实验，不停留在收藏小资源；“案例拆解会”的作用是把这个判断变成一个可执行、可观察、可复盘的动作。执行时只把它当作建立熟悉感和互相信任的入口，不把对方当作被推进的对象。,触发条件：看案例只看结果数字时。；具体动作：拆解目标、受众、创意、证据、渠道和复用方式。；落地要求：把学习结论写回模板、话术、检查表或图谱关系里。；边界要求：必须真实透明、尊重对方选择；不伪装身份、不套取隐私、不制造虚假亲密或焦虑，对方冷淡、拒绝或沉默时停止推进。,案例拆解会执行次数；相关内容互动率；后续对话或行动率；对方主动回应率；重复互动率,案例拆解会；看案例只看结果数字；拆解目标、受众、创意、证据、渠道和复；学习提升策略；认识陌生人；成为朋友；建立信任；真诚互动,IGS-S8-02；IGS-S9-G18；IGS-S9-G21,cards/IGS-S9-G06.md,用于在社交平台上认识合适的陌生人，通过公开互动、真诚倾听和小范围互助，逐步成为朋友并赢得长期信任。,必须真实透明、尊重对方选择；不伪装身份、不套取隐私、不制造虚假亲密或焦虑，对方冷淡、拒绝或沉默时停止推进。
IGS-S9-G07,UGC 审美训练,S9,学习提升策略,形成可信专业感；提升主页可信感,社群/圈层策略；Story 策略,提升专业感；提升安全感,CXL_INSTITUTE；META_SOCIAL_CERT,学习提升要服务更真诚、更稳定的关系能力，而不是堆技巧。UGC 内容不是太假就是太乱时，学习提升要转成 SOP、模板和实验，不停留在收藏小资源；“UGC 审美训练”的作用是把这个判断变成一个可执行、可观察、可复盘的动作。执行时只把它当作建立熟悉感和互相信任的入口，不把对方当作被推进的对象。,触发条件：UGC 内容不是太假就是太乱时。；具体动作：收集真实但清晰的 UGC 样本并总结结构。；落地要求：把学习结论写回模板、话术、检查表或图谱关系里。；边界要求：必须真实透明、尊重对方选择；不伪装身份、不套取隐私、不制造虚假亲密或焦虑，对方冷淡、拒绝或沉默时停止推进。,UGC 审美训练执行次数；相关内容互动率；后续对话或行动率；对方主动回应率；重复互动率,UGC 审美训练；UGC 内容不是太假就是太乱；收集真实但清晰的 UGC 样本并总结；学习提升策略；认识陌生人；成为朋友；建立信任；真诚互动,IGS-S8-09；IGS-S9-G19；IGS-S9-G13,cards/IGS-S9-G07.md,用于在社交平台上认识合适的陌生人，通过公开互动、真诚倾听和小范围互助，逐步成为朋友并赢得长期信任。,必须真实透明、尊重对方选择；不伪装身份、不套取隐私、不制造虚假亲密或焦虑，对方冷淡、拒绝或沉默时停止推进。
IGS-S9-G08,视觉层级练习,S9,学习提升策略,建立长期朋友关系；提高后续对话率,资源互助策略；Bio 策略,提升被理解感；降低陌生感,META_SOCIAL_CERT；GOLEMAN_EQ,学习提升要服务更真诚、更稳定的关系能力，而不是堆技巧。设计模板越来越花时，学习提升要转成 SOP、模板和实验，不停留在收藏小资源；“视觉层级练习”的作用是把这个判断变成一个可执行、可观察、可复盘的动作。执行时只把它当作建立熟悉感和互相信任的入口，不把对方当作被推进的对象。,触发条件：设计模板越来越花时。；具体动作：每周重做一张旧封面，只优化标题、留白和对比。；落地要求：把学习结论写回模板、话术、检查表或图谱关系里。；边界要求：必须真实透明、尊重对方选择；不伪装身份、不套取隐私、不制造虚假亲密或焦虑，对方冷淡、拒绝或沉默时停止推进。,视觉层级练习执行次数；相关内容互动率；后续对话或行动率；对方主动回应率；重复互动率,视觉层级练习；设计模板越来越花；每周重做一张旧封面，只优化标题、留白；学习提升策略；认识陌生人；成为朋友；建立信任；真诚互动,IGS-S8-07；IGS-S9-G20；IGS-S9-G14,cards/IGS-S9-G08.md,用于在社交平台上认识合适的陌生人，通过公开互动、真诚倾听和小范围互助，逐步成为朋友并赢得长期信任。,必须真实透明、尊重对方选择；不伪装身份、不套取隐私、不制造虚假亲密或焦虑，对方冷淡、拒绝或沉默时停止推进。
IGS-S9-G09,广告规格学习,S9,学习提升策略,发现合适陌生人；降低陌生防备,Reels 策略；Carousel 策略,提升持续关注理由；提升真实感,GOLEMAN_EQ；CRUCIAL_CONVERSATIONS,学习提升要服务更真诚、更稳定的关系能力，而不是堆技巧。内容准备投放时频繁返工时，学习提升要转成 SOP、模板和实验，不停留在收藏小资源；“广告规格学习”的作用是把这个判断变成一个可执行、可观察、可复盘的动作。执行时只把它当作建立熟悉感和互相信任的入口，不把对方当作被推进的对象。,触发条件：内容准备投放时频繁返工时。；具体动作：学习竖屏、安全区、音乐授权和目标设置。；落地要求：把学习结论写回模板、话术、检查表或图谱关系里。；边界要求：必须真实透明、尊重对方选择；不伪装身份、不套取隐私、不制造虚假亲密或焦虑，对方冷淡、拒绝或沉默时停止推进。,广告规格学习执行次数；相关内容互动率；后续对话或行动率；对方主动回应率；重复互动率,广告规格学习；内容准备投放；学习竖屏、安全区、音乐授权和目标设置；学习提升策略；认识陌生人；成为朋友；建立信任；真诚互动,IGS-S8-02；IGS-S9-G21；IGS-S9-G15,cards/IGS-S9-G09.md,用于在社交平台上认识合适的陌生人，通过公开互动、真诚倾听和小范围互助，逐步成为朋友并赢得长期信任。,必须真实透明、尊重对方选择；不伪装身份、不套取隐私、不制造虚假亲密或焦虑，对方冷淡、拒绝或沉默时停止推进。
IGS-S9-G10,数据假设训练,S9,学习提升策略,形成可信专业感；提升主页可信感,私信策略；评论策略,提升专业感；提升安全感,CRUCIAL_CONVERSATIONS；HBR_BETTER_LISTENER,学习提升要服务更真诚、更稳定的关系能力，而不是堆技巧。复盘只描述现象时，学习提升要转成 SOP、模板和实验，不停留在收藏小资源；“数据假设训练”的作用是把这个判断变成一个可执行、可观察、可复盘的动作。执行时只把它当作建立熟悉感和互相信任的入口，不把对方当作被推进的对象。,触发条件：复盘只描述现象时。；具体动作：每周写一个可证伪假设并设计最小实验。；落地要求：把学习结论写回模板、话术、检查表或图谱关系里。；边界要求：必须真实透明、尊重对方选择；不伪装身份、不套取隐私、不制造虚假亲密或焦虑，对方冷淡、拒绝或沉默时停止推进。,数据假设训练执行次数；相关内容互动率；后续对话或行动率；对方主动回应率；重复互动率,数据假设训练；复盘只描述现象；每周写一个可证伪假设并设计最小实验；学习提升策略；认识陌生人；成为朋友；建立信任；真诚互动,IGS-S8-05；IGS-S9-G16,cards/IGS-S9-G10.md,用于在社交平台上认识合适的陌生人，通过公开互动、真诚倾听和小范围互助，逐步成为朋友并赢得长期信任。,必须真实透明、尊重对方选择；不伪装身份、不套取隐私、不制造虚假亲密或焦虑，对方冷淡、拒绝或沉默时停止推进。
IGS-S9-G11,对方访谈练习,S9,学习提升策略,建立长期朋友关系；提高后续对话率,社群/圈层策略；Story 策略,提升被理解感；降低陌生感,HBR_BETTER_LISTENER；LATER_CASE_STUDIES,学习提升要服务更真诚、更稳定的关系能力，而不是堆技巧。想认识的人画像来自猜测时，学习提升要转成 SOP、模板和实验，不停留在收藏小资源；“对方访谈练习”的作用是把这个判断变成一个可执行、可观察、可复盘的动作。执行时只把它当作建立熟悉感和互相信任的入口，不把对方当作被推进的对象。,触发条件：想认识的人画像来自猜测时。；具体动作：每月访谈 5 个真实对方并更新语言库。；落地要求：把学习结论写回模板、话术、检查表或图谱关系里。；边界要求：必须真实透明、尊重对方选择；不伪装身份、不套取隐私、不制造虚假亲密或焦虑，对方冷淡、拒绝或沉默时停止推进。,对方访谈练习执行次数；相关内容互动率；后续对话或行动率；对方主动回应率；重复互动率,对方访谈练习；想认识的人画像来自猜测；每月访谈 5 个真实对方并更新语言库；学习提升策略；认识陌生人；成为朋友；建立信任；真诚互动,IGS-S8-G18；IGS-S9-06；IGS-S9-G17,cards/IGS-S9-G11.md,用于在社交平台上认识合适的陌生人，通过公开互动、真诚倾听和小范围互助，逐步成为朋友并赢得长期信任。,必须真实透明、尊重对方选择；不伪装身份、不套取隐私、不制造虚假亲密或焦虑，对方冷淡、拒绝或沉默时停止推进。
IGS-S9-G12,创作者合作学习,S9,学习提升策略,发现合适陌生人；降低陌生防备,资源互助策略；Bio 策略,提升持续关注理由；提升真实感,LATER_CASE_STUDIES；SPROUT_CASE_STUDIES,学习提升要服务更真诚、更稳定的关系能力，而不是堆技巧。找达人只看互动对象量时，学习提升要转成 SOP、模板和实验，不停留在收藏小资源；“创作者合作学习”的作用是把这个判断变成一个可执行、可观察、可复盘的动作。执行时只把它当作建立熟悉感和互相信任的入口，不把对方当作被推进的对象。,触发条件：找达人只看互动对象量时。；具体动作：学习用受众匹配、内容质量、历史互动和交付稳定性筛选。；落地要求：把学习结论写回模板、话术、检查表或图谱关系里。；边界要求：必须真实透明、尊重对方选择；不伪装身份、不套取隐私、不制造虚假亲密或焦虑，对方冷淡、拒绝或沉默时停止推进。,创作者合作学习执行次数；相关内容互动率；后续对话或行动率；对方主动回应率；重复互动率,创作者合作学习；找达人只看互动对象量；学习用受众匹配、内容质量、历史互动和；学习提升策略；认识陌生人；成为朋友；建立信任；真诚互动,IGS-S8-G19；IGS-S9-G18,cards/IGS-S9-G12.md,用于在社交平台上认识合适的陌生人，通过公开互动、真诚倾听和小范围互助，逐步成为朋友并赢得长期信任。,必须真实透明、尊重对方选择；不伪装身份、不套取隐私、不制造虚假亲密或焦虑，对方冷淡、拒绝或沉默时停止推进。
IGS-S9-G13,关系回应表达训练,S9,学习提升策略,形成可信专业感；提升主页可信感,Reels 策略；Carousel 策略,提升专业感；提升安全感,SPROUT_CASE_STUDIES；CXL_INSTITUTE,学习提升要服务更真诚、更稳定的关系能力，而不是堆技巧。评论区负面反馈影响心态时，学习提升要转成 SOP、模板和实验，不停留在收藏小资源；“关系回应表达训练”的作用是把这个判断变成一个可执行、可观察、可复盘的动作。执行时只把它当作建立熟悉感和互相信任的入口，不把对方当作被推进的对象。,触发条件：评论区负面反馈影响心态时。；具体动作：练习确认事实、承认影响、给下一步三段式。；落地要求：把学习结论写回模板、话术、检查表或图谱关系里。；边界要求：必须真实透明、尊重对方选择；不伪装身份、不套取隐私、不制造虚假亲密或焦虑，对方冷淡、拒绝或沉默时停止推进。,关系回应表达训练执行次数；相关内容互动率；后续对话或行动率；对方主动回应率；重复互动率,关系回应表达训练；评论区负面反馈影响心态；练习确认事实、承认影响、给下一步三段；学习提升策略；认识陌生人；成为朋友；建立信任；真诚互动,IGS-S8-05；IGS-S9-G01；IGS-S9-G19,cards/IGS-S9-G13.md,用于在社交平台上认识合适的陌生人，通过公开互动、真诚倾听和小范围互助，逐步成为朋友并赢得长期信任。,必须真实透明、尊重对方选择；不伪装身份、不套取隐私、不制造虚假亲密或焦虑，对方冷淡、拒绝或沉默时停止推进。
IGS-S9-G14,伦理边界复训,S9,学习提升策略,建立长期朋友关系；提高后续对话率,私信策略；评论策略,提升被理解感；降低陌生感,CXL_INSTITUTE；META_SOCIAL_CERT,学习提升要服务更真诚、更稳定的关系能力，而不是堆技巧。增长技巧可能变成操控时，学习提升要转成 SOP、模板和实验，不停留在收藏小资源；“伦理边界复训”的作用是把这个判断变成一个可执行、可观察、可复盘的动作。执行时只把它当作建立熟悉感和互相信任的入口，不把对方当作被推进的对象。,触发条件：增长技巧可能变成操控时。；具体动作：每月检查稀缺、权威、社会认同是否真实透明。；落地要求：把学习结论写回模板、话术、检查表或图谱关系里。；边界要求：必须真实透明、尊重对方选择；不伪装身份、不套取隐私、不制造虚假亲密或焦虑，对方冷淡、拒绝或沉默时停止推进。,伦理边界复训执行次数；相关内容互动率；后续对话或行动率；对方主动回应率；重复互动率,伦理边界复训；增长技巧可能变成操控；每月检查稀缺、权威、社会认同是否真实；学习提升策略；认识陌生人；成为朋友；建立信任；真诚互动,IGS-S8-07；IGS-S9-G02；IGS-S9-G20,cards/IGS-S9-G14.md,用于在社交平台上认识合适的陌生人，通过公开互动、真诚倾听和小范围互助，逐步成为朋友并赢得长期信任。,必须真实透明、尊重对方选择；不伪装身份、不套取隐私、不制造虚假亲密或焦虑，对方冷淡、拒绝或沉默时停止推进。
IGS-S9-G15,跨行业灵感库,S9,学习提升策略,发现合适陌生人；降低陌生防备,社群/圈层策略；Story 策略,提升持续关注理由；提升真实感,META_SOCIAL_CERT；GOLEMAN_EQ,学习提升要服务更真诚、更稳定的关系能力，而不是堆技巧。同领域内容同质化时，学习提升要转成 SOP、模板和实验，不停留在收藏小资源；“跨行业灵感库”的作用是把这个判断变成一个可执行、可观察、可复盘的动作。执行时只把它当作建立熟悉感和互相信任的入口，不把对方当作被推进的对象。,触发条件：同领域内容同质化时。；具体动作：拆解教育、餐饮、美妆、SaaS、亲子等行业表达结构。；落地要求：把学习结论写回模板、话术、检查表或图谱关系里。；边界要求：必须真实透明、尊重对方选择；不伪装身份、不套取隐私、不制造虚假亲密或焦虑，对方冷淡、拒绝或沉默时停止推进。,跨行业灵感库执行次数；相关内容互动率；后续对话或行动率；对方主动回应率；重复互动率,跨行业灵感库；同领域内容同质化；拆解教育、餐饮、美妆、SaaS、亲子；学习提升策略；认识陌生人；成为朋友；建立信任；真诚互动,IGS-S8-09；IGS-S9-G03；IGS-S9-G21,cards/IGS-S9-G15.md,用于在社交平台上认识合适的陌生人，通过公开互动、真诚倾听和小范围互助，逐步成为朋友并赢得长期信任。,必须真实透明、尊重对方选择；不伪装身份、不套取隐私、不制造虚假亲密或焦虑，对方冷淡、拒绝或沉默时停止推进。
IGS-S9-G16,专家主题论文,S9,学习提升策略,形成可信专业感；提升主页可信感,资源互助策略；Bio 策略,提升专业感；提升安全感,GOLEMAN_EQ；CRUCIAL_CONVERSATIONS,学习提升要服务更真诚、更稳定的关系能力，而不是堆技巧。账号观点不稳定时，学习提升要转成 SOP、模板和实验，不停留在收藏小资源；“专家主题论文”的作用是把这个判断变成一个可执行、可观察、可复盘的动作。执行时只把它当作建立熟悉感和互相信任的入口，不把对方当作被推进的对象。,触发条件：账号观点不稳定时。；具体动作：每季度写一份 1000 字主题判断并拆成内容。；落地要求：把学习结论写回模板、话术、检查表或图谱关系里。；边界要求：必须真实透明、尊重对方选择；不伪装身份、不套取隐私、不制造虚假亲密或焦虑，对方冷淡、拒绝或沉默时停止推进。,专家主题论文执行次数；相关内容互动率；后续对话或行动率；对方主动回应率；重复互动率,专家主题论文；账号观点不稳定；每季度写一份 1000 字主题判断并；学习提升策略；认识陌生人；成为朋友；建立信任；真诚互动,IGS-S8-05；IGS-S9-G04；IGS-S9-G10,cards/IGS-S9-G16.md,用于在社交平台上认识合适的陌生人，通过公开互动、真诚倾听和小范围互助，逐步成为朋友并赢得长期信任。,必须真实透明、尊重对方选择；不伪装身份、不套取隐私、不制造虚假亲密或焦虑，对方冷淡、拒绝或沉默时停止推进。
IGS-S9-G17,知识图谱维护,S9,学习提升策略,建立长期朋友关系；提高后续对话率,Reels 策略；Carousel 策略,提升被理解感；降低陌生感,CRUCIAL_CONVERSATIONS；HBR_BETTER_LISTENER,学习提升要服务更真诚、更稳定的关系能力，而不是堆技巧。策略越来越多难以查询时，学习提升要转成 SOP、模板和实验，不停留在收藏小资源；“知识图谱维护”的作用是把这个判断变成一个可执行、可观察、可复盘的动作。执行时只把它当作建立熟悉感和互相信任的入口，不把对方当作被推进的对象。,触发条件：策略越来越多难以查询时。；具体动作：每次新增策略都补阶段、目标、形式、心理和关联边。；落地要求：把学习结论写回模板、话术、检查表或图谱关系里。；边界要求：必须真实透明、尊重对方选择；不伪装身份、不套取隐私、不制造虚假亲密或焦虑，对方冷淡、拒绝或沉默时停止推进。,知识图谱维护执行次数；相关内容互动率；后续对话或行动率；对方主动回应率；重复互动率,知识图谱维护；策略越来越多难以查询；每次新增策略都补阶段、目标、形式、心；学习提升策略；认识陌生人；成为朋友；建立信任；真诚互动,IGS-S8-G21；IGS-S9-G05；IGS-S9-G11,cards/IGS-S9-G17.md,用于在社交平台上认识合适的陌生人，通过公开互动、真诚倾听和小范围互助，逐步成为朋友并赢得长期信任。,必须真实透明、尊重对方选择；不伪装身份、不套取隐私、不制造虚假亲密或焦虑，对方冷淡、拒绝或沉默时停止推进。
IGS-S9-G18,团队话术校准,S9,学习提升策略,发现合适陌生人；降低陌生防备,私信策略；评论策略,提升持续关注理由；提升真实感,HBR_BETTER_LISTENER；LATER_CASE_STUDIES,学习提升要服务更真诚、更稳定的关系能力，而不是堆技巧。多人运营导致语气不一致时，学习提升要转成 SOP、模板和实验，不停留在收藏小资源；“团队话术校准”的作用是把这个判断变成一个可执行、可观察、可复盘的动作。执行时只把它当作建立熟悉感和互相信任的入口，不把对方当作被推进的对象。,触发条件：多人运营导致语气不一致时。；具体动作：每月用 10 段评论/私信做语气校准。；落地要求：把学习结论写回模板、话术、检查表或图谱关系里。；边界要求：必须真实透明、尊重对方选择；不伪装身份、不套取隐私、不制造虚假亲密或焦虑，对方冷淡、拒绝或沉默时停止推进。,团队话术校准执行次数；相关内容互动率；后续对话或行动率；对方主动回应率；重复互动率,团队话术校准；多人运营导致语气不一致；每月用 10 段评论/私信做语气校准；学习提升策略；认识陌生人；成为朋友；建立信任；真诚互动,IGS-S8-G19；IGS-S9-G06；IGS-S9-G12,cards/IGS-S9-G18.md,用于在社交平台上认识合适的陌生人，通过公开互动、真诚倾听和小范围互助，逐步成为朋友并赢得长期信任。,必须真实透明、尊重对方选择；不伪装身份、不套取隐私、不制造虚假亲密或焦虑，对方冷淡、拒绝或沉默时停止推进。
IGS-S9-G19,失败案例库,S9,学习提升策略,形成可信专业感；提升主页可信感,社群/圈层策略；Story 策略,提升专业感；提升安全感,LATER_CASE_STUDIES；SPROUT_CASE_STUDIES,学习提升要服务更真诚、更稳定的关系能力，而不是堆技巧。只记录成功导致误判时，学习提升要转成 SOP、模板和实验，不停留在收藏小资源；“失败案例库”的作用是把这个判断变成一个可执行、可观察、可复盘的动作。执行时只把它当作建立熟悉感和互相信任的入口，不把对方当作被推进的对象。,触发条件：只记录成功导致误判时。；具体动作：保存低表现内容、失败原因和下次避免动作。；落地要求：把学习结论写回模板、话术、检查表或图谱关系里。；边界要求：必须真实透明、尊重对方选择；不伪装身份、不套取隐私、不制造虚假亲密或焦虑，对方冷淡、拒绝或沉默时停止推进。,失败案例库执行次数；相关内容互动率；后续对话或行动率；对方主动回应率；重复互动率,失败案例库；只记录成功导致误判；保存低表现内容、失败原因和下次避免动；学习提升策略；认识陌生人；成为朋友；建立信任；真诚互动,IGS-S8-09；IGS-S9-G07；IGS-S9-G13,cards/IGS-S9-G19.md,用于在社交平台上认识合适的陌生人，通过公开互动、真诚倾听和小范围互助，逐步成为朋友并赢得长期信任。,必须真实透明、尊重对方选择；不伪装身份、不套取隐私、不制造虚假亲密或焦虑，对方冷淡、拒绝或沉默时停止推进。
IGS-S9-G20,技能路线图,S9,学习提升策略,建立长期朋友关系；提高后续对话率,资源互助策略；Bio 策略,提升被理解感；降低陌生感,SPROUT_CASE_STUDIES；CXL_INSTITUTE,学习提升要服务更真诚、更稳定的关系能力，而不是堆技巧。学习小资源很多但没有优先级时，学习提升要转成 SOP、模板和实验，不停留在收藏小资源；“技能路线图”的作用是把这个判断变成一个可执行、可观察、可复盘的动作。执行时只把它当作建立熟悉感和互相信任的入口，不把对方当作被推进的对象。,触发条件：学习小资源很多但没有优先级时。；具体动作：按平台、内容、沟通、数据、设计五条线排季度学习。；落地要求：把学习结论写回模板、话术、检查表或图谱关系里。；边界要求：必须真实透明、尊重对方选择；不伪装身份、不套取隐私、不制造虚假亲密或焦虑，对方冷淡、拒绝或沉默时停止推进。,技能路线图执行次数；相关内容互动率；后续对话或行动率；对方主动回应率；重复互动率,技能路线图；学习小资源很多但没有优先级；按平台、内容、沟通、数据、设计五条线；学习提升策略；认识陌生人；成为朋友；建立信任；真诚互动,IGS-S8-07；IGS-S9-G08；IGS-S9-G14,cards/IGS-S9-G20.md,用于在社交平台上认识合适的陌生人，通过公开互动、真诚倾听和小范围互助，逐步成为朋友并赢得长期信任。,必须真实透明、尊重对方选择；不伪装身份、不套取隐私、不制造虚假亲密或焦虑，对方冷淡、拒绝或沉默时停止推进。
IGS-S9-G21,季度策略答辩,S9,学习提升策略,发现合适陌生人；降低陌生防备,Reels 策略；Carousel 策略,提升持续关注理由；提升真实感,CXL_INSTITUTE；META_SOCIAL_CERT,学习提升要服务更真诚、更稳定的关系能力，而不是堆技巧。策略更新流于形式时，学习提升要转成 SOP、模板和实验，不停留在收藏小资源；“季度策略答辩”的作用是把这个判断变成一个可执行、可观察、可复盘的动作。执行时只把它当作建立熟悉感和互相信任的入口，不把对方当作被推进的对象。,触发条件：策略更新流于形式时。；具体动作：用数据、对方反馈和案例证据解释下季度为什么这样做。；落地要求：把学习结论写回模板、话术、检查表或图谱关系里。；边界要求：必须真实透明、尊重对方选择；不伪装身份、不套取隐私、不制造虚假亲密或焦虑，对方冷淡、拒绝或沉默时停止推进。,季度策略答辩执行次数；相关内容互动率；后续对话或行动率；对方主动回应率；重复互动率,季度策略答辩；策略更新流于形式；用数据、对方反馈和案例证据解释下季度；学习提升策略；认识陌生人；成为朋友；建立信任；真诚互动,IGS-S8-02；IGS-S9-G09；IGS-S9-G15,cards/IGS-S9-G21.md,用于在社交平台上认识合适的陌生人，通过公开互动、真诚倾听和小范围互助，逐步成为朋友并赢得长期信任。,必须真实透明、尊重对方选择；不伪装身份、不套取隐私、不制造虚假亲密或焦虑，对方冷淡、拒绝或沉默时停止推进。
